# Blender 4.2.2 LTS
# www.blender.org
mtllib human.mtl
o Human_1
v 15.336522 11.259010 -10.387235
v 15.308536 9.663679 -10.279714
v 15.842711 11.259010 -9.524812
v 15.735190 9.663679 -9.552798
v 14.474099 11.259010 -9.881045
v 14.581620 9.663679 -9.853059
v 14.980289 11.259010 -9.018622
v 15.008275 9.663679 -9.126143
v 14.938388 10.092343 -8.857645
v 16.003689 10.092343 -9.482911
v 15.378423 10.092343 -10.548212
v 14.313122 10.092343 -9.922946
v 14.983253 9.255663 -8.972356
v 15.889561 9.255663 -9.504303
v 15.338187 9.255663 -10.443710
v 14.431878 9.255663 -9.911763
v 13.918839 7.653776 -10.814841
v 14.370372 9.069082 -8.620383
v 13.824492 9.069082 -9.550429
v 14.802915 7.653776 -11.333739
v 14.983253 4.902471 -8.972356
v 15.889561 4.902471 -9.504303
v 15.338187 4.902471 -10.443710
v 14.431878 4.902472 -9.911763
v 14.687706 9.102106 -11.551972
v 13.781397 9.102106 -11.020025
v 14.802915 6.448807 -11.333739
v 13.918839 6.448807 -10.814841
v 14.874927 5.005784 -11.232994
v 13.968617 5.005784 -10.701047
v 15.608605 9.102106 -7.906906
v 16.514914 9.102106 -8.438853
v 15.497610 6.448807 -8.124998
v 16.381685 6.448807 -8.643895
v 15.425797 5.005784 -8.218367
v 16.332106 5.005784 -8.750314
v 16.542633 9.069082 -9.895365
v 15.996753 9.069082 -10.825412
v 16.861288 9.010111 -9.207724
v 16.668997 6.448807 -9.969533
v 16.123117 6.448807 -10.899580
v 15.535833 9.010111 -11.465977
v 16.542633 5.638965 -9.895365
v 15.996753 5.638965 -10.825412
v 15.555660 6.448807 -11.576927
v 15.535833 5.710710 -11.465977
v 16.965553 6.448807 -9.174810
v 16.861288 5.710710 -9.207724
v 13.709100 6.448807 -9.482701
v 14.254979 6.448807 -8.552654
v 13.824492 5.638965 -9.550429
v 14.370372 5.638965 -8.620383
v 13.383399 6.448807 -10.301945
v 13.484451 9.010111 -10.261942
v 13.484451 5.710710 -10.261942
v 14.809905 9.010111 -8.003689
v 14.793293 6.448807 -7.899828
v 14.809905 5.710710 -8.003689
v 15.497610 7.653776 -8.124998
v 16.381685 7.653776 -8.643895
v 16.123117 7.653776 -10.899580
v 16.668997 7.653776 -9.969533
v 15.555660 7.653776 -11.576927
v 16.965553 7.653776 -9.174810
v 13.709100 7.653776 -9.482701
v 14.254979 7.653776 -8.552654
v 13.383399 7.653776 -10.301945
v 14.793293 7.653776 -7.899828
v 13.718966 8.479371 -11.126393
v 16.574074 8.479371 -8.338058
v 16.668997 8.479372 -9.969533
v 16.965553 8.479372 -9.174810
v 13.709100 8.479372 -9.482701
v 13.383399 8.479372 -10.301945
v 14.625275 8.479371 -11.658340
v 15.667766 8.479371 -7.806110
v 16.123117 8.479371 -10.899580
v 15.555660 8.479372 -11.576927
v 14.254979 8.479371 -8.552654
v 14.793293 8.479372 -7.899828
v 16.835846 9.010111 -6.293219
v 17.317585 9.010111 -6.575969
v 17.317585 8.656284 -6.575969
v 16.835846 8.656284 -6.293219
v 13.426133 9.010111 -13.206060
v 12.944393 9.010111 -12.923309
v 12.944393 8.656284 -12.923309
v 13.426132 8.656284 -13.206060
v 15.202165 1.247289 -8.892694
v 15.938005 1.053104 -9.377290
v 15.250911 1.053106 -10.547932
v 14.467784 1.247289 -10.143901
v 14.855510 1.053104 -11.221599
v 14.120941 1.247289 -10.734837
v 15.530835 1.247289 -8.332720
v 16.312689 1.053105 -8.738918
v 15.323538 -0.031686 -8.869823
v 15.943881 -0.096737 -9.328036
v 15.209500 -0.096738 -10.579243
v 14.504719 -0.031687 -10.264894
v 14.862659 -0.096737 -11.170177
v 14.244587 -0.031686 -10.708095
v 15.570041 -0.031686 -8.449841
v 16.272552 -0.096738 -8.768062
v 15.414484 0.358622 -11.394752
v 15.674616 0.358622 -10.951550
v 16.739939 0.358622 -9.136498
v 16.493435 0.358621 -9.556479
v 15.414484 -0.031686 -11.394752
v 15.674616 -0.031686 -10.951550
v 16.739939 -0.031686 -9.136498
v 16.493435 -0.031686 -9.556479
v 14.474099 11.259010 -9.881045
v 14.581620 9.663679 -9.853059
v 14.980289 11.259010 -9.018622
v 15.008275 9.663679 -9.126143
v 15.336522 11.259010 -10.387235
v 15.308536 9.663679 -10.279714
v 15.842711 11.259010 -9.524812
v 15.735190 9.663679 -9.552798
v 16.003689 10.092343 -9.482911
v 14.938388 10.092343 -8.857645
v 14.313122 10.092343 -9.922946
v 15.378423 10.092343 -10.548212
v 15.881661 9.255663 -9.499666
v 14.975353 9.255663 -8.967719
v 14.423979 9.255663 -9.907127
v 15.330288 9.255663 -10.439075
v 14.791943 7.653776 -11.327300
v 16.487776 9.069082 -9.863168
v 15.941896 9.069082 -10.793215
v 13.907867 7.653776 -10.808402
v 15.881661 4.902471 -9.499666
v 14.975353 4.902471 -8.967719
v 14.423979 4.902471 -9.907127
v 15.330287 4.902471 -10.439075
v 13.773498 9.102106 -11.015388
v 14.679807 9.102106 -11.547336
v 13.907867 6.448807 -10.808402
v 14.791943 6.448807 -11.327300
v 13.960718 5.005784 -10.696411
v 14.867027 5.005784 -11.228357
v 16.507015 9.102106 -8.434216
v 15.600706 9.102106 -7.902269
v 16.370714 6.448807 -8.637456
v 15.486639 6.448807 -8.118558
v 16.324205 5.005784 -8.745678
v 15.417897 5.005784 -8.213731
v 14.315516 9.069082 -8.588185
v 13.769635 9.069082 -9.518232
v 14.760534 9.010111 -7.974711
v 14.189151 6.448807 -8.514017
v 13.643271 6.448807 -9.444064
v 13.435080 9.010111 -10.232964
v 14.315515 5.638965 -8.588185
v 13.769635 5.638965 -9.518232
v 13.328543 6.448807 -10.269747
v 13.435080 5.710710 -10.232964
v 14.738436 6.448807 -7.867630
v 14.760534 5.710710 -7.974711
v 16.057289 6.448807 -10.860943
v 16.603168 6.448807 -9.930896
v 15.941896 5.638965 -10.793215
v 16.487776 5.638965 -9.863168
v 15.500803 6.448807 -11.544729
v 15.486463 9.010111 -11.436998
v 15.486463 5.710710 -11.436998
v 16.811916 9.010111 -9.178745
v 16.910696 6.448807 -9.142612
v 16.811916 5.710710 -9.178745
v 16.370714 7.653776 -8.637456
v 15.486639 7.653776 -8.118558
v 13.643271 7.653776 -9.444064
v 14.189151 7.653776 -8.514017
v 13.328543 7.653776 -10.269747
v 14.738436 7.653776 -7.867630
v 16.057289 7.653776 -10.860943
v 16.603168 7.653776 -9.930896
v 15.500803 7.653776 -11.544729
v 16.910696 7.653776 -9.142612
v 14.617374 8.479371 -11.653704
v 15.659866 8.479371 -7.801474
v 14.189151 8.479372 -8.514017
v 14.738436 8.479371 -7.867630
v 16.057289 8.479372 -10.860943
v 15.500803 8.479371 -11.544729
v 13.711066 8.479371 -11.121758
v 16.566175 8.479371 -8.333421
v 13.643271 8.479371 -9.444064
v 13.328543 8.479371 -10.269747
v 16.603168 8.479371 -9.930896
v 16.910696 8.479371 -9.142612
v 17.317585 9.010111 -6.575970
v 16.835846 9.010111 -6.293218
v 16.835846 8.656284 -6.293218
v 17.317585 8.656284 -6.575969
v 12.944393 9.010111 -12.923309
v 13.426133 9.010111 -13.206060
v 13.426132 8.656284 -13.206060
v 12.944393 8.656284 -12.923309
v 15.844484 1.247289 -9.269696
v 15.062629 1.053105 -8.863498
v 14.375534 1.053106 -10.034141
v 15.110104 1.247290 -10.520903
v 13.980134 1.053105 -10.707807
v 14.763261 1.247289 -11.111837
v 16.173155 1.247290 -8.709722
v 15.437313 1.053105 -8.225126
v 15.805278 -0.031686 -9.152575
v 15.102767 -0.096738 -8.834354
v 14.368386 -0.096737 -10.085561
v 14.986458 -0.031686 -10.547645
v 14.021544 -0.096738 -10.676497
v 14.726326 -0.031686 -10.990846
v 16.051781 -0.031687 -8.732593
v 15.431437 -0.096738 -8.274380
v 13.556429 0.358622 -10.304189
v 13.816561 0.358622 -9.860988
v 14.881884 0.358622 -8.045936
v 14.635381 0.358621 -8.465918
v 13.556429 -0.031686 -10.304189
v 13.816561 -0.031686 -9.860988
v 14.881884 -0.031686 -8.045936
v 14.635381 -0.031686 -8.465917
v 15.704255 11.331944 -9.358979
v 15.466962 11.368578 -9.177223
v 15.192579 11.331944 -9.058658
v 15.267673 10.092343 -8.849499
v 15.588275 10.092343 -8.970534
v 15.850259 10.092343 -9.191442
v 15.946363 11.052959 -9.497832
v 16.023350 10.737406 -9.477794
v 16.037611 10.391726 -9.474081
v 15.502355 11.331944 -10.248778
v 15.684111 11.368578 -10.011485
v 15.802676 11.331944 -9.737103
v 16.011835 10.092343 -9.812196
v 15.890800 10.092343 -10.132798
v 15.669892 10.092343 -10.394782
v 15.363502 11.052959 -10.490887
v 15.383540 10.737406 -10.567873
v 15.387253 10.391726 -10.582134
v 14.612556 11.331944 -10.046878
v 14.849849 11.368578 -10.228634
v 15.124231 11.331944 -10.347199
v 15.049138 10.092343 -10.556358
v 14.728536 10.092343 -10.435323
v 14.466552 10.092343 -10.214416
v 14.370447 11.052959 -9.908025
v 14.293461 10.737406 -9.928063
v 14.279200 10.391726 -9.931776
v 14.814456 11.331944 -9.157079
v 14.632700 11.368578 -9.394372
v 14.514134 11.331944 -9.668755
v 14.929558 10.391726 -8.823723
v 14.933270 10.737406 -8.837984
v 14.953309 11.052959 -8.914970
v 14.304976 10.092343 -9.593661
v 14.426011 10.092343 -9.273059
v 14.646918 10.092343 -9.011075
v 15.232965 9.663679 -9.120584
v 15.451730 9.663679 -9.203175
v 15.630497 9.663679 -9.353911
v 15.740749 9.663679 -9.777488
v 15.658159 9.663679 -9.996253
v 15.507422 9.663679 -10.175020
v 15.083846 9.663679 -10.285273
v 14.865081 9.663679 -10.202682
v 14.686314 9.663679 -10.051946
v 14.576061 9.663679 -9.628369
v 14.658650 9.663679 -9.409604
v 14.809388 9.663679 -9.230837
v 14.954222 9.898146 -8.918477
v 14.973331 9.788760 -8.991895
v 14.992441 9.724001 -9.065311
v 15.796022 9.724001 -9.536964
v 15.869439 9.788760 -9.517855
v 15.942857 9.898146 -9.498745
v 15.324369 9.724001 -10.340546
v 15.343479 9.788760 -10.413962
v 15.362589 9.898146 -10.487380
v 14.520788 9.724001 -9.868893
v 14.447371 9.788760 -9.888002
v 14.373954 9.898146 -9.907112
v 15.269177 9.272130 -9.010020
v 15.505227 9.276635 -9.113892
v 15.712313 9.272130 -9.270113
v 15.842761 9.272130 -9.800399
v 15.734771 9.276635 -10.041991
v 15.575945 9.272130 -10.254989
v 15.046515 9.272130 -10.404470
v 14.808940 9.276635 -10.300196
v 14.603380 9.272130 -10.144378
v 14.482628 9.272130 -9.613279
v 14.591680 9.276635 -9.371067
v 14.749444 9.272130 -9.158689
v 14.617598 9.576928 -9.843948
v 14.617720 9.470158 -9.845695
v 14.569081 9.359005 -9.863405
v 15.010020 9.359005 -9.112152
v 15.019109 9.470158 -9.161826
v 15.017818 9.576928 -9.162068
v 15.699273 9.576928 -9.562039
v 15.699568 9.470158 -9.561213
v 15.749392 9.359005 -9.546117
v 15.308452 9.359005 -10.297370
v 15.298179 9.470158 -10.245082
v 15.299051 9.576928 -10.243920
v 16.018885 9.210571 -9.270427
v 16.149076 9.185348 -9.044908
v 16.301565 9.157424 -8.788808
v 15.550613 5.284838 -10.565344
v 15.728098 5.452327 -10.668246
v 15.880245 5.548375 -10.757093
v 15.192043 9.210571 -10.679165
v 15.052804 9.185348 -10.912691
v 14.897003 9.157424 -11.181841
v 14.476913 9.138151 -8.682812
v 14.616891 9.179352 -8.764244
v 14.781917 9.209822 -8.859070
v 15.550613 9.209822 -10.565344
v 15.728098 9.179352 -10.668246
v 15.880245 9.138151 -10.757093
v 14.234006 9.209822 -9.792577
v 14.070422 9.179352 -9.695293
v 13.930960 9.138151 -9.612985
v 13.930960 5.548375 -9.612985
v 14.070422 5.452327 -9.695293
v 14.234006 5.284838 -9.792577
v 16.800379 5.669604 -9.128071
v 16.684362 5.585865 -9.020243
v 16.526796 5.412769 -8.899819
v 15.158916 4.760200 -9.197879
v 15.365563 4.721276 -9.351846
v 15.602051 4.760200 -9.457972
v 15.742399 5.274961 -9.741492
v 15.607645 5.373306 -9.967376
v 15.475582 5.274961 -10.196082
v 15.159616 4.760201 -10.211775
v 14.952201 4.721275 -10.056114
v 14.716481 4.760200 -9.951682
v 14.582990 5.274960 -9.672186
v 14.718805 5.373306 -9.445683
v 14.849806 5.274961 -9.217596
v 13.440353 6.448806 -10.450205
v 13.558385 6.448807 -10.578449
v 13.722784 6.448807 -10.696666
v 13.786581 5.412769 -10.557021
v 13.641860 5.585865 -10.442592
v 13.537477 5.669604 -10.339396
v 16.098524 5.284838 -9.631837
v 16.274567 5.452327 -9.737197
v 16.426199 5.548375 -9.826921
v 15.435534 5.669604 -11.453437
v 15.283867 5.585865 -11.406348
v 15.101231 5.412769 -11.328638
v 14.423698 9.155447 -11.465597
v 14.193286 9.169530 -11.349122
v 13.980564 9.155447 -11.205505
v 14.582532 6.448806 -11.204389
v 14.356762 6.448807 -11.071876
v 14.133050 6.448807 -10.940571
v 14.802914 7.369578 -11.333739
v 14.802915 7.060871 -11.333739
v 14.802915 6.747375 -11.333739
v 13.582295 8.662102 -11.147227
v 13.551006 8.824450 -11.144122
v 13.603904 8.972716 -11.110413
v 14.601643 4.888299 -11.162425
v 14.369066 4.856156 -11.049635
v 14.158508 4.888299 -10.902332
v 13.919473 6.174226 -10.813373
v 13.923914 5.890039 -10.803089
v 13.936573 5.545143 -10.773911
v 14.828868 5.545143 -11.297633
v 14.810371 5.890039 -11.323385
v 14.803846 6.174226 -11.332445
v 14.004411 9.157424 -10.657945
v 14.163963 9.185348 -10.390997
v 14.299451 9.210571 -10.155269
v 14.476913 5.548375 -8.682812
v 14.616891 5.452327 -8.764244
v 14.781917 5.284838 -8.859070
v 13.971258 4.797288 -10.484529
v 14.056124 4.731917 -10.283525
v 14.201499 4.761530 -10.092255
v 15.064575 4.797288 -11.126239
v 15.199215 4.731917 -10.954448
v 15.294816 4.761531 -10.733964
v 15.388504 6.448806 -11.593649
v 15.206988 6.448807 -11.546077
v 15.011621 6.448806 -11.453135
v 15.867376 9.155447 -7.990835
v 16.096405 9.169530 -8.106668
v 16.310511 9.155447 -8.250927
v 15.711822 6.448806 -8.250727
v 15.935534 6.448807 -8.382031
v 16.161303 6.448807 -8.514544
v 15.497610 7.369578 -8.124998
v 15.497610 7.060871 -8.124998
v 15.497610 6.747375 -8.124998
v 16.711624 8.662102 -8.320068
v 16.743437 8.824450 -8.323468
v 16.691147 8.972716 -8.354954
v 15.692064 4.888299 -8.289525
v 15.922788 4.856156 -8.402470
v 16.135199 4.888299 -8.549617
v 15.471695 5.545143 -8.158437
v 15.490160 5.890039 -8.134584
v 15.496679 6.174226 -8.126196
v 16.381052 6.174225 -8.645268
v 16.376617 5.890039 -8.654881
v 16.363989 5.545143 -8.682158
v 15.034021 9.080028 -11.443147
v 15.264582 9.062519 -11.439205
v 15.433123 9.037621 -11.457544
v 16.336302 4.797288 -8.959524
v 16.257372 4.731917 -9.151607
v 16.116894 4.761530 -9.333344
v 15.126292 9.210571 -8.746531
v 15.260237 9.185348 -8.523214
v 15.408973 9.157424 -8.264912
v 15.242986 4.797287 -8.317815
v 15.114280 4.731918 -8.480682
v 15.023577 4.761531 -8.691634
v 15.212148 5.412769 -8.128202
v 15.042356 5.585865 -8.056487
v 14.902323 5.669604 -8.014030
v 16.408360 9.069082 -10.124133
v 16.271397 9.069082 -10.357486
v 16.133581 9.069082 -10.592291
v 16.669567 9.067820 -9.676001
v 16.773289 9.058981 -9.477592
v 16.838024 9.037179 -9.313792
v 16.534723 6.448806 -10.198300
v 16.397760 6.448807 -10.431654
v 16.259945 6.448807 -10.666458
v 15.863032 9.067820 -11.050140
v 15.735660 9.058981 -11.245459
v 15.619907 9.037180 -11.389167
v 16.123117 7.369578 -10.899580
v 16.123117 7.060871 -10.899580
v 16.123117 6.747375 -10.899580
v 16.667023 8.654442 -9.968374
v 16.653200 8.818455 -9.960261
v 16.615686 8.960355 -9.938243
v 16.408360 5.638966 -10.124133
v 16.271397 5.638965 -10.357486
v 16.133581 5.638966 -10.592291
v 16.667023 6.182399 -9.968374
v 16.653200 5.955430 -9.960261
v 16.615686 5.772688 -9.938244
v 16.069807 5.772688 -10.868290
v 16.107321 5.955429 -10.890308
v 16.121141 6.182399 -10.898420
v 15.555660 7.369578 -11.576927
v 15.555660 7.060871 -11.576927
v 15.555660 6.747375 -11.576927
v 15.544934 5.803093 -11.516904
v 15.552263 5.964730 -11.557921
v 15.555236 6.183562 -11.574552
v 15.619907 5.677778 -11.389167
v 15.735660 5.651255 -11.245460
v 15.863032 5.640502 -11.050140
v 15.708768 6.448806 -11.483412
v 15.851431 6.448806 -11.326283
v 15.988072 6.448806 -11.125139
v 16.963322 8.653486 -9.175515
v 16.947693 8.810811 -9.180449
v 16.909147 8.935362 -9.192616
v 16.963322 6.183562 -9.175515
v 16.947693 5.964730 -9.180449
v 16.909147 5.803093 -9.192616
v 16.962669 6.448806 -9.347067
v 16.900005 6.448807 -9.539767
v 16.795975 6.448806 -9.748670
v 16.838024 5.677779 -9.313792
v 16.773289 5.651255 -9.477592
v 16.669567 5.640502 -9.676001
v 16.098524 9.209822 -9.631837
v 16.274567 9.179352 -9.737197
v 16.426199 9.138151 -9.826921
v 16.592422 9.080028 -8.788010
v 16.703194 9.062519 -8.988160
v 16.802732 9.037621 -9.124061
v 16.896030 6.448806 -9.025189
v 16.764650 6.448806 -8.892200
v 16.587755 6.448806 -8.767786
v 13.961320 9.069082 -9.317308
v 14.099135 9.069082 -9.082503
v 14.236099 9.069082 -8.849151
v 13.845927 6.448806 -9.249579
v 13.983743 6.448807 -9.014775
v 14.120707 6.448807 -8.781423
v 13.710902 8.654442 -9.483760
v 13.723524 8.818455 -9.491167
v 13.757781 8.960355 -9.511274
v 14.254979 7.369578 -8.552654
v 14.254979 7.060871 -8.552654
v 14.254979 6.747375 -8.552654
v 13.961320 5.638966 -9.317308
v 14.099135 5.638965 -9.082503
v 14.236099 5.638966 -8.849151
v 13.710902 6.182399 -9.483760
v 13.723523 5.955429 -9.491167
v 13.757781 5.772688 -9.511274
v 14.303660 5.772688 -8.581227
v 14.269403 5.955429 -8.561121
v 14.256783 6.182399 -8.553713
v 13.385563 8.653486 -10.301088
v 13.400709 8.810811 -10.295093
v 13.438067 8.935362 -10.280304
v 13.385563 6.183561 -10.301088
v 13.400709 5.964730 -10.295093
v 13.438067 5.803094 -10.280304
v 13.513041 9.037179 -10.152567
v 13.584105 9.058981 -9.982630
v 13.693359 9.067820 -9.776677
v 13.396742 6.448806 -10.126396
v 13.467633 6.448807 -9.927142
v 13.577832 6.448806 -9.710479
v 13.513041 5.677779 -10.152567
v 13.584105 5.651255 -9.982630
v 13.693359 5.640502 -9.776676
v 14.793293 7.369578 -7.899828
v 14.793293 7.060871 -7.899828
v 14.793293 6.747375 -7.899828
v 14.802279 5.803094 -7.956016
v 14.796139 5.964730 -7.917619
v 14.793649 6.183561 -7.902052
v 14.499894 9.067820 -8.402537
v 14.621734 9.058981 -8.214763
v 14.731157 9.037180 -8.077191
v 14.731157 5.677778 -8.077191
v 14.621734 5.651255 -8.214763
v 14.499894 5.640502 -8.402537
v 14.385736 6.448807 -8.334008
v 14.516208 6.448807 -8.140626
v 14.650644 6.448806 -7.990051
v 13.535066 9.037621 -10.343503
v 13.622575 9.062519 -10.475450
v 13.719373 9.080028 -10.671529
v 15.298917 6.448806 -8.011318
v 15.116047 6.448807 -7.924572
v 14.947879 6.448806 -7.881746
v 15.277773 9.080028 -8.016393
v 15.061187 9.062519 -8.024404
v 14.904676 9.037621 -8.010018
v 14.739246 8.293398 -11.450326
v 14.784656 8.108345 -11.367200
v 14.800632 7.898567 -11.337922
v 13.918839 6.747375 -10.814841
v 13.918839 7.060871 -10.814842
v 13.918839 7.369578 -10.814842
v 15.558558 8.293398 -8.010443
v 15.515085 8.108345 -8.092119
v 15.499795 7.898567 -8.120888
v 16.381685 6.747375 -8.643896
v 16.381685 7.060871 -8.643895
v 16.381685 7.369578 -8.643895
v 16.123117 8.300615 -10.899580
v 16.123117 8.110802 -10.899580
v 16.123117 7.898874 -10.899580
v 16.668997 6.747375 -9.969533
v 16.668997 7.060871 -9.969533
v 16.668997 7.369578 -9.969533
v 15.555660 8.300615 -11.576927
v 15.555660 8.110802 -11.576927
v 15.555660 7.898874 -11.576927
v 16.965553 6.747375 -9.174810
v 16.965553 7.060871 -9.174810
v 16.965553 7.369578 -9.174810
v 13.709100 6.747375 -9.482701
v 13.709099 7.060871 -9.482701
v 13.709100 7.369578 -9.482701
v 14.254979 8.300615 -8.552654
v 14.254979 8.110802 -8.552654
v 14.254979 7.898874 -8.552654
v 13.383399 6.747375 -10.301945
v 13.383399 7.060871 -10.301945
v 13.383399 7.369578 -10.301945
v 14.793293 8.300615 -7.899828
v 14.793293 8.110802 -7.899828
v 14.793293 7.898874 -7.899828
v 15.298917 7.653776 -8.011318
v 15.116047 7.653776 -7.924572
v 14.947879 7.653775 -7.881746
v 14.385736 7.653776 -8.334008
v 14.516208 7.653776 -8.140626
v 14.650644 7.653776 -7.990051
v 13.845927 7.653776 -9.249579
v 13.983743 7.653776 -9.014775
v 14.120707 7.653776 -8.781423
v 13.577832 7.653776 -9.710479
v 13.467633 7.653776 -9.927142
v 13.396742 7.653775 -10.126396
v 16.587755 7.653776 -8.767786
v 16.764650 7.653776 -8.892200
v 16.896030 7.653776 -9.025189
v 15.988072 7.653776 -11.125139
v 15.851431 7.653776 -11.326283
v 15.708768 7.653776 -11.483412
v 16.795975 7.653776 -9.748670
v 16.900005 7.653776 -9.539767
v 16.962669 7.653775 -9.347067
v 16.534723 7.653776 -10.198300
v 16.397760 7.653776 -10.431654
v 16.259945 7.653776 -10.666458
v 15.711822 7.653776 -8.250727
v 15.935534 7.653776 -8.382031
v 16.161303 7.653776 -8.514544
v 15.011621 7.653776 -11.453135
v 15.206988 7.653776 -11.546077
v 15.388504 7.653775 -11.593648
v 14.582532 7.653776 -11.204389
v 14.356762 7.653776 -11.071876
v 14.133050 7.653776 -10.940571
v 13.722784 7.653776 -10.696666
v 13.558385 7.653776 -10.578449
v 13.440353 7.653776 -10.450205
v 13.916259 7.898567 -10.818850
v 13.898197 8.108345 -10.846904
v 13.846951 8.293398 -10.926605
v 16.384169 7.898567 -8.639960
v 16.401543 8.108345 -8.612414
v 16.450853 8.293398 -8.534164
v 16.668997 7.898874 -9.969533
v 16.668997 8.110802 -9.969533
v 16.668997 8.300615 -9.969533
v 16.965553 7.898874 -9.174810
v 16.965553 8.110802 -9.174810
v 16.965553 8.300615 -9.174810
v 13.709100 7.898874 -9.482701
v 13.709099 8.110802 -9.482701
v 13.709100 8.300615 -9.482701
v 13.383399 7.898874 -10.301945
v 13.383399 8.110802 -10.301945
v 13.383399 8.300615 -10.301945
v 14.697221 8.972716 -11.752122
v 14.694098 8.824450 -11.815046
v 14.675612 8.662102 -11.788937
v 15.597830 8.972716 -7.713245
v 15.600346 8.824450 -7.652544
v 15.618306 8.662102 -7.678359
v 16.069807 8.960355 -10.868290
v 16.107321 8.818455 -10.890308
v 16.121141 8.654442 -10.898420
v 15.544934 8.935362 -11.516904
v 15.552264 8.810811 -11.557921
v 15.555236 8.653486 -11.574552
v 14.303660 8.960355 -8.581227
v 14.269403 8.818455 -8.561121
v 14.256783 8.654442 -8.553713
v 14.802279 8.935362 -7.956016
v 14.796138 8.810811 -7.917619
v 14.793649 8.653486 -7.902052
v 13.641129 8.479371 -10.802695
v 13.534399 8.479371 -10.608548
v 13.437355 8.479371 -10.453967
v 14.346289 8.405657 -11.597485
v 14.111777 8.386001 -11.487992
v 13.903154 8.405658 -11.337393
v 15.940731 8.405657 -7.865857
v 16.173643 8.386001 -7.975075
v 16.383865 8.405658 -8.125949
v 16.534723 8.479372 -10.198300
v 16.397760 8.479371 -10.431654
v 16.259945 8.479372 -10.666458
v 15.988072 8.479371 -11.125139
v 15.851431 8.479371 -11.326283
v 15.708768 8.479372 -11.483412
v 16.666704 8.479371 -8.663796
v 16.787853 8.479371 -8.862682
v 16.898932 8.479371 -9.021500
v 13.845927 8.479372 -9.249579
v 13.983743 8.479371 -9.014775
v 14.120707 8.479372 -8.781423
v 14.385736 8.479371 -8.334008
v 14.516208 8.479371 -8.140626
v 14.650644 8.479372 -7.990051
v 15.350096 8.479371 -7.891030
v 15.130177 8.479372 -7.889729
v 14.949646 8.479371 -7.877390
v 13.577832 8.479371 -9.710479
v 13.467633 8.479372 -9.927142
v 13.396742 8.479371 -10.126396
v 16.795975 8.479371 -9.748670
v 16.900005 8.479372 -9.539767
v 16.962669 8.479371 -9.347067
v 14.957737 8.479371 -11.575462
v 15.192075 8.479372 -11.581501
v 15.386641 8.479371 -11.598077
v 16.989361 9.035917 -6.256067
v 17.160173 9.048880 -6.292402
v 17.275177 9.035916 -6.423823
v 17.408272 8.728235 -6.501942
v 17.453827 8.833198 -6.464758
v 17.408272 8.938160 -6.501943
v 16.856264 8.938161 -6.177948
v 16.866520 8.833198 -6.120046
v 16.856264 8.728235 -6.177948
v 16.989361 8.630479 -6.256067
v 17.160173 8.617517 -6.292402
v 17.275177 8.630479 -6.423823
v 16.024265 8.555883 -7.389576
v 16.351009 8.595129 -6.936208
v 16.639418 8.627681 -6.539632
v 16.638657 9.037621 -6.540929
v 16.344915 9.062519 -6.946590
v 16.003027 9.080028 -7.425760
v 16.758877 8.555883 -7.820747
v 16.993387 8.595129 -7.313243
v 17.198311 8.627681 -6.867667
v 17.197550 9.037621 -6.868964
v 16.987293 9.062519 -7.323627
v 16.737638 9.080028 -7.856932
v 13.271277 9.035917 -13.245496
v 13.099791 9.048880 -13.210309
v 12.985460 9.035916 -13.077740
v 12.852365 8.728235 -12.999620
v 12.806138 8.833198 -13.037952
v 12.852365 8.938161 -12.999620
v 13.404373 8.938161 -13.323616
v 13.393444 8.833198 -13.382666
v 13.404373 8.728235 -13.323615
v 13.271277 8.630479 -13.245496
v 13.099791 8.617517 -13.210309
v 12.985461 8.630479 -13.077740
v 14.279531 9.080028 -12.044950
v 13.927987 9.062519 -12.535941
v 13.627275 9.037621 -12.951844
v 13.068383 9.037621 -12.623809
v 13.285609 9.062519 -12.158905
v 13.544920 9.080028 -11.613780
v 13.067579 8.627681 -12.625178
v 13.279179 8.595129 -12.169863
v 13.522508 8.555883 -11.651964
v 14.257118 8.555883 -12.083136
v 13.921556 8.595129 -12.546898
v 13.626472 8.627681 -12.953215
v 15.302472 1.244689 -9.058640
v 15.469711 1.226483 -9.200461
v 15.681417 1.175504 -9.310616
v 15.069625 1.175504 -10.352960
v 14.870574 1.226483 -10.221246
v 14.664159 1.244689 -10.146171
v 14.596895 1.175503 -11.158377
v 14.384850 1.226483 -11.048801
v 14.218665 1.244689 -10.905184
v 14.109197 1.247291 -10.547936
v 14.173927 1.247289 -10.368681
v 14.298876 1.247290 -10.224769
v 15.039627 1.254217 -11.113598
v 15.166876 1.308675 -10.951480
v 15.246381 1.254217 -10.761339
v 15.724626 1.244689 -8.339393
v 15.929987 1.226483 -8.416264
v 16.129379 1.175504 -8.547397
v 16.313103 1.254217 -8.943905
v 16.239014 1.308675 -9.124819
v 16.117180 1.254217 -9.277709
v 15.366044 1.247290 -8.406573
v 15.246065 1.247289 -8.542019
v 15.186303 1.247291 -8.712810
v 15.122851 4.007604 -8.921429
v 15.179334 3.033072 -8.900953
v 15.199310 2.071997 -8.893727
v 15.529471 2.073326 -8.331213
v 15.519924 3.043713 -8.320669
v 15.492893 4.044691 -8.290967
v 16.232775 4.042429 -8.724525
v 16.204464 3.025619 -8.716805
v 16.226053 2.010406 -8.720581
v 15.878883 2.009075 -9.312077
v 15.858942 3.014977 -9.305489
v 15.862116 4.005342 -9.356037
v 14.065519 4.044691 -10.722867
v 14.104964 3.043714 -10.731418
v 14.118944 2.073327 -10.734409
v 14.467311 2.071996 -10.140877
v 14.464000 3.033071 -10.119709
v 14.454673 4.007604 -10.059843
v 15.164364 2.009075 -10.529444
v 15.148675 3.014977 -10.515612
v 15.194571 4.005342 -10.493372
v 14.798047 2.010405 -11.153560
v 14.784437 3.025619 -11.136185
v 14.804767 4.042429 -11.157504
v 15.405497 -0.061544 -8.961124
v 15.553194 -0.085594 -9.082606
v 15.743073 -0.095345 -9.208158
v 15.006884 -0.095345 -10.462445
v 14.804350 -0.085594 -10.358457
v 14.625435 -0.061545 -10.290160
v 14.661898 -0.095345 -11.050218
v 14.472361 -0.085594 -10.924086
v 14.325502 -0.061544 -10.801172
v 14.262350 -0.060152 -10.597347
v 14.321869 -0.074450 -10.455513
v 14.416686 -0.060151 -10.334396
v 14.941239 -0.169920 -11.036294
v 15.036079 -0.194315 -10.874710
v 15.130919 -0.169921 -10.713126
v 15.689714 -0.061545 -8.476885
v 15.867789 -0.085595 -8.546612
v 16.069983 -0.095344 -8.651181
v 16.198088 -0.169920 -8.894931
v 16.108215 -0.194315 -9.048049
v 16.018345 -0.169921 -9.201167
v 15.484780 -0.060152 -8.514623
v 15.394007 -0.074450 -8.628852
v 15.338530 -0.060151 -8.763798
v 15.278777 0.531945 -10.475718
v 15.280777 0.228456 -10.462009
v 15.259055 0.029292 -10.495338
v 14.813562 0.029292 -11.254352
v 14.795053 0.228456 -11.289565
v 14.806047 0.531945 -11.281136
v 14.187833 0.061606 -10.720369
v 14.142121 0.274853 -10.730255
v 14.123589 0.654284 -10.734263
v 15.890568 0.531945 -9.433375
v 15.879914 0.228456 -9.441225
v 15.897369 0.029292 -9.407806
v 15.267827 0.061607 -8.880322
v 15.222956 0.274853 -8.888777
v 15.204763 0.654284 -8.892204
v 15.552045 0.061606 -8.396082
v 15.537551 0.274853 -8.352782
v 15.531674 0.654284 -8.335228
v 16.319523 0.029292 -8.688560
v 16.340189 0.228456 -8.657027
v 16.338531 0.531944 -8.670156
v 14.487765 0.061606 -10.209356
v 14.474111 0.274853 -10.164626
v 14.468575 0.654284 -10.146492
v 15.489129 0.387088 -11.317391
v 15.577222 0.401386 -11.192327
v 15.643465 0.387087 -11.054440
v 16.711559 0.387086 -9.234667
v 16.649359 0.401385 -9.365665
v 16.565310 0.387087 -9.483841
v 15.489129 -0.060151 -11.317391
v 15.577222 -0.074450 -11.192327
v 15.643465 -0.060152 -11.054440
v 16.711559 -0.060152 -9.234667
v 16.649359 -0.074450 -9.365665
v 16.565310 -0.060151 -9.483841
v 15.715336 0.279252 -10.931991
v 15.735790 0.163468 -10.922166
v 15.715336 0.047683 -10.931991
v 15.417259 0.047684 -11.439840
v 15.418653 0.163468 -11.462488
v 15.417259 0.279252 -11.439840
v 16.497206 0.279251 -9.599874
v 16.499098 0.163468 -9.621673
v 16.497206 0.047683 -9.599875
v 16.779665 0.047683 -9.118633
v 16.799620 0.163468 -9.109659
v 16.779663 0.279251 -9.118633
v 15.415737 0.648626 -10.681857
v 15.542715 0.477518 -10.785872
v 15.631536 0.396604 -10.879935
v 15.330954 0.396605 -11.392056
v 15.205523 0.477518 -11.360366
v 15.052800 0.648626 -11.300213
v 15.390681 -0.095345 -10.687711
v 15.534933 -0.085593 -10.787264
v 15.630564 -0.061545 -10.880109
v 16.126869 -0.095345 -9.433424
v 16.283777 -0.085594 -9.511414
v 16.410625 -0.061545 -9.551073
v 16.694843 -0.061544 -9.066833
v 16.598373 -0.085593 -8.975420
v 16.453781 -0.095345 -8.876447
v 15.045695 -0.095345 -11.275483
v 15.202944 -0.085594 -11.352892
v 15.330631 -0.061545 -11.391121
v 16.134445 0.648625 -9.457353
v 16.286493 0.477518 -9.518655
v 16.410965 0.396604 -9.551978
v 16.695801 0.396603 -9.066689
v 16.606020 0.477517 -8.974260
v 16.478367 0.648626 -8.871394
v 15.192579 11.331944 -9.058658
v 15.466962 11.368578 -9.177223
v 15.704255 11.331944 -9.358979
v 15.850259 10.092343 -9.191442
v 15.588275 10.092343 -8.970534
v 15.267673 10.092343 -8.849499
v 14.953309 11.052959 -8.914970
v 14.933270 10.737406 -8.837984
v 14.929558 10.391726 -8.823723
v 14.514134 11.331944 -9.668755
v 14.632700 11.368578 -9.394372
v 14.814456 11.331944 -9.157079
v 14.646918 10.092343 -9.011075
v 14.426011 10.092343 -9.273059
v 14.304976 10.092343 -9.593661
v 14.370447 11.052959 -9.908025
v 14.293461 10.737406 -9.928063
v 14.279200 10.391726 -9.931776
v 15.124231 11.331944 -10.347199
v 14.849849 11.368578 -10.228634
v 14.612556 11.331944 -10.046878
v 14.466552 10.092343 -10.214416
v 14.728536 10.092343 -10.435323
v 15.049138 10.092343 -10.556358
v 15.363502 11.052959 -10.490887
v 15.383540 10.737406 -10.567873
v 15.387253 10.391726 -10.582134
v 15.802676 11.331944 -9.737103
v 15.684111 11.368578 -10.011485
v 15.502355 11.331944 -10.248778
v 16.037611 10.391726 -9.474081
v 16.023350 10.737406 -9.477794
v 15.946363 11.052959 -9.497832
v 15.669892 10.092343 -10.394782
v 15.890800 10.092343 -10.132798
v 16.011835 10.092343 -9.812196
v 15.630497 9.663679 -9.353911
v 15.451730 9.663679 -9.203174
v 15.232965 9.663679 -9.120584
v 14.809388 9.663679 -9.230837
v 14.658651 9.663679 -9.409604
v 14.576061 9.663679 -9.628369
v 14.686314 9.663679 -10.051946
v 14.865081 9.663679 -10.202682
v 15.083846 9.663679 -10.285273
v 15.507422 9.663679 -10.175020
v 15.658160 9.663679 -9.996253
v 15.740749 9.663679 -9.777488
v 15.942857 9.898146 -9.498745
v 15.869439 9.788760 -9.517855
v 15.796021 9.724001 -9.536964
v 14.992441 9.724001 -9.065312
v 14.973331 9.788760 -8.991895
v 14.954222 9.898146 -8.918477
v 14.520789 9.724001 -9.868893
v 14.447371 9.788760 -9.888002
v 14.373954 9.898146 -9.907112
v 15.324369 9.724001 -10.340545
v 15.343479 9.788760 -10.413962
v 15.362589 9.898146 -10.487380
v 15.709374 9.272130 -9.268389
v 15.503600 9.276636 -9.112937
v 15.266240 9.272130 -9.008297
v 14.739650 9.272130 -9.152941
v 14.581367 9.276636 -9.365014
v 14.472833 9.272130 -9.607531
v 14.600443 9.272130 -10.142653
v 14.807313 9.276636 -10.299241
v 15.043577 9.272130 -10.402746
v 15.566151 9.272130 -10.249240
v 15.724458 9.276636 -10.035938
v 15.832967 9.272130 -9.794650
v 15.298950 9.576928 -10.243860
v 15.297365 9.470158 -10.244604
v 15.305616 9.359005 -10.295706
v 15.746555 9.359005 -9.544453
v 15.698753 9.470158 -9.560736
v 15.699171 9.576928 -9.561980
v 15.017717 9.576928 -9.162009
v 15.018294 9.470158 -9.161349
v 15.007184 9.359005 -9.110488
v 14.566245 9.359005 -9.861741
v 14.616906 9.470158 -9.845218
v 14.617496 9.576928 -9.843889
v 15.116498 9.210571 -8.740782
v 15.249924 9.185348 -8.517160
v 15.399179 9.157424 -8.259163
v 14.214213 5.284838 -9.780959
v 14.037837 5.452328 -9.676168
v 13.886086 5.548375 -9.586647
v 14.289656 9.210571 -10.149520
v 14.153650 9.185348 -10.384944
v 13.994617 9.157424 -10.652196
v 16.381325 9.138151 -9.800584
v 16.241982 9.179352 -9.718071
v 16.078732 9.209822 -9.620219
v 14.214213 9.209822 -9.780959
v 14.037837 9.179352 -9.676168
v 13.886086 9.138151 -9.586646
v 15.530821 9.209822 -10.553726
v 15.695513 9.179352 -10.649121
v 15.835372 9.138151 -10.730756
v 15.835372 5.548375 -10.730756
v 15.695513 5.452327 -10.649121
v 15.530821 5.284838 -10.553726
v 14.859775 5.669604 -7.989056
v 15.010482 5.585865 -8.037779
v 15.192444 5.412770 -8.116637
v 15.599113 4.760200 -9.456247
v 15.363935 4.721275 -9.350891
v 15.155979 4.760200 -9.196155
v 14.840012 5.274960 -9.211847
v 14.708492 5.373305 -9.439630
v 14.573195 5.274961 -9.666437
v 14.713543 4.760201 -9.949958
v 14.950574 4.721275 -10.055160
v 15.156678 4.760200 -10.210051
v 15.465788 5.274961 -10.190333
v 15.597332 5.373306 -9.961323
v 15.732604 5.274961 -9.735744
v 15.343590 6.448806 -11.567286
v 15.174074 6.448807 -11.526758
v 14.990707 6.448807 -11.440859
v 15.081527 5.412770 -11.317074
v 15.251993 5.585865 -11.387640
v 15.392985 5.669604 -11.428464
v 14.762124 5.284838 -8.847452
v 14.584306 5.452327 -8.745118
v 14.432040 5.548375 -8.656474
v 13.494928 5.669604 -10.314423
v 13.609986 5.585865 -10.423883
v 13.766878 5.412769 -10.545456
v 13.977627 9.155447 -11.203781
v 14.191658 9.169530 -11.348167
v 14.420761 9.155447 -11.463873
v 14.128250 6.448806 -10.937753
v 14.354019 6.448807 -11.070266
v 14.577732 6.448807 -11.201571
v 13.907867 7.369578 -10.808402
v 13.907867 7.060871 -10.808402
v 13.907867 6.747375 -10.808402
v 14.665818 8.662102 -11.783188
v 14.683784 8.824450 -11.808993
v 14.687427 8.972716 -11.746372
v 14.155571 4.888299 -10.900608
v 14.367439 4.856155 -11.048679
v 14.598705 4.888299 -11.160701
v 14.792916 6.174225 -11.326030
v 14.799729 5.890039 -11.317139
v 14.819032 5.545143 -11.291861
v 13.926737 5.545143 -10.768139
v 13.913272 5.890039 -10.796843
v 13.908543 6.174225 -10.806957
v 14.887209 9.157424 -11.176092
v 15.042491 9.185348 -10.906638
v 15.182248 9.210571 -10.673416
v 16.381325 5.548375 -9.800584
v 16.241982 5.452328 -9.718071
v 16.078732 5.284838 -9.620219
v 15.054780 4.797288 -11.120491
v 15.188902 4.731917 -10.948395
v 15.285022 4.761530 -10.728215
v 13.961463 4.797288 -10.478781
v 14.045811 4.731918 -10.277472
v 14.191704 4.761530 -10.086506
v 13.395439 6.448806 -10.423842
v 13.525471 6.448807 -10.559131
v 13.701870 6.448806 -10.684391
v 16.307573 9.155447 -8.249203
v 16.094778 9.169530 -8.105714
v 15.864439 9.155447 -7.989110
v 16.156504 6.448806 -8.511727
v 15.932791 6.448807 -8.380422
v 15.707022 6.448807 -8.247910
v 16.370714 7.369578 -8.637456
v 16.370714 7.060871 -8.637456
v 16.370714 6.747375 -8.637456
v 15.608512 8.662102 -7.672609
v 15.590033 8.824450 -7.646491
v 15.588036 8.972716 -7.707496
v 16.132261 4.888299 -8.547893
v 15.921161 4.856155 -8.401515
v 15.689127 4.888299 -8.287801
v 16.354155 5.545143 -8.676386
v 16.365976 5.890039 -8.648634
v 16.370123 6.174225 -8.638853
v 15.485748 6.174225 -8.119781
v 15.479518 5.890039 -8.128338
v 15.461859 5.545143 -8.152664
v 13.699669 9.080028 -10.659965
v 13.590701 9.062519 -10.456741
v 13.492517 9.037621 -10.318529
v 15.233191 4.797288 -8.312066
v 15.103967 4.731917 -8.474629
v 15.013782 4.761530 -8.685885
v 16.009090 9.210571 -9.264678
v 16.138763 9.185348 -9.038855
v 16.291771 9.157424 -8.783059
v 16.326508 4.797287 -8.953775
v 16.247059 4.731918 -9.145553
v 16.107100 4.761530 -9.327595
v 16.507093 5.412769 -8.888255
v 16.652489 5.585865 -9.001535
v 16.757832 5.669604 -9.103098
v 14.181243 9.069082 -8.816953
v 14.044279 9.069082 -9.050306
v 13.906463 9.069082 -9.285110
v 14.445155 9.067820 -8.370409
v 14.567816 9.058981 -8.183117
v 14.679268 9.037179 -8.046736
v 14.054878 6.448806 -8.742785
v 13.917914 6.448807 -8.976138
v 13.780099 6.448807 -9.210943
v 13.638620 9.067820 -9.744548
v 13.530188 9.058981 -9.950984
v 13.461151 9.037180 -10.122111
v 13.643271 7.369578 -9.444064
v 13.643270 7.060871 -9.444064
v 13.643271 6.747375 -9.444064
v 14.191126 8.654442 -8.515177
v 14.204947 8.818455 -8.523289
v 14.242461 8.960355 -8.545307
v 14.181243 5.638966 -8.816953
v 14.044279 5.638965 -9.050306
v 13.906463 5.638966 -9.285110
v 14.191125 6.182399 -8.515177
v 14.204947 5.955430 -8.523289
v 14.242461 5.772688 -8.545307
v 13.696581 5.772687 -9.475354
v 13.659066 5.955429 -9.453335
v 13.645246 6.182399 -9.445223
v 13.328543 7.369578 -10.269747
v 13.328543 7.060871 -10.269747
v 13.328543 6.747375 -10.269747
v 13.386178 5.803093 -10.249847
v 13.346792 5.964729 -10.263446
v 13.330824 6.183561 -10.268959
v 13.461151 5.677778 -10.122111
v 13.530188 5.651255 -9.950984
v 13.638620 5.640502 -9.744548
v 13.335543 6.448807 -10.090476
v 13.403177 6.448807 -9.889310
v 13.512176 6.448807 -9.671942
v 14.738909 8.653486 -7.869924
v 14.742221 8.810811 -7.885973
v 14.750391 8.935362 -7.925560
v 14.738909 6.183561 -7.869924
v 14.742221 5.964729 -7.885973
v 14.750391 5.803093 -7.925560
v 14.589445 6.448806 -7.954131
v 14.451751 6.448807 -8.102794
v 14.320078 6.448806 -8.295472
v 14.679268 5.677779 -8.046736
v 14.567817 5.651255 -8.183117
v 14.445155 5.640501 -8.370409
v 14.762124 9.209822 -8.847452
v 14.584306 9.179352 -8.745118
v 14.432040 9.138151 -8.656474
v 15.258069 9.080028 -8.004827
v 15.029313 9.062519 -8.005695
v 14.862128 9.037621 -7.985045
v 14.902966 6.448807 -7.855384
v 15.083133 6.448807 -7.905253
v 15.278003 6.448807 -7.999043
v 16.078724 9.069082 -10.560093
v 16.216539 9.069082 -10.325289
v 16.353504 9.069082 -10.091935
v 16.194117 6.448806 -10.627821
v 16.331932 6.448807 -10.393017
v 16.468895 6.448807 -10.159663
v 16.055485 8.654442 -10.859884
v 16.042864 8.818455 -10.852476
v 16.008608 8.960355 -10.832370
v 16.603168 7.369578 -9.930896
v 16.603168 7.060871 -9.930896
v 16.603168 6.747375 -9.930896
v 16.078724 5.638966 -10.560093
v 16.216539 5.638965 -10.325289
v 16.353504 5.638966 -10.091935
v 16.055485 6.182399 -10.859884
v 16.042864 5.955429 -10.852476
v 16.008608 5.772687 -10.832370
v 16.554487 5.772687 -9.902323
v 16.588745 5.955429 -9.922430
v 16.601364 6.182399 -9.929837
v 15.500496 8.653486 -11.542423
v 15.498346 8.810811 -11.526276
v 15.493045 8.935362 -11.486448
v 15.500496 6.183562 -11.542422
v 15.498346 5.964729 -11.526276
v 15.493045 5.803094 -11.486448
v 15.568018 9.037179 -11.358711
v 15.681743 9.058981 -11.213813
v 15.808293 9.067820 -11.018011
v 15.647569 6.448806 -11.447492
v 15.786974 6.448807 -11.288451
v 15.922416 6.448806 -11.086603
v 15.568018 5.677779 -11.358711
v 15.681743 5.651255 -11.213813
v 15.808293 5.640501 -11.018011
v 16.910696 7.369578 -9.142613
v 16.910696 7.060871 -9.142612
v 16.910696 6.747375 -9.142613
v 16.857258 5.803094 -9.162161
v 16.893776 5.964729 -9.148803
v 16.908581 6.183562 -9.143387
v 16.614828 9.067820 -9.643872
v 16.719372 9.058981 -9.445946
v 16.786135 9.037180 -9.283336
v 16.786135 5.677778 -9.283336
v 16.719372 5.651255 -9.445946
v 16.614828 5.640502 -9.643872
v 16.730318 6.448807 -9.710133
v 16.835548 6.448807 -9.501935
v 16.901470 6.448806 -9.311147
v 15.390574 9.037621 -11.432571
v 15.232707 9.062519 -11.420498
v 15.014318 9.080028 -11.431581
v 16.566841 6.448806 -8.755510
v 16.731735 6.448807 -8.872881
v 16.851116 6.448806 -8.998828
v 16.572718 9.080028 -8.776445
v 16.671320 9.062519 -8.969452
v 16.760185 9.037621 -9.099087
v 13.837116 8.293398 -10.920832
v 13.887555 8.108345 -10.840657
v 13.905328 7.898567 -10.812434
v 14.791943 6.747375 -11.327300
v 14.791943 7.060871 -11.327300
v 14.791943 7.369578 -11.327300
v 16.441017 8.293398 -8.528391
v 16.390902 8.108345 -8.606169
v 16.373238 7.898567 -8.633545
v 15.486639 6.747375 -8.118559
v 15.486639 7.060871 -8.118558
v 15.486639 7.369578 -8.118559
v 13.643271 8.300615 -9.444064
v 13.643271 8.110802 -9.444064
v 13.643271 7.898874 -9.444064
v 14.189151 6.747375 -8.514017
v 14.189151 7.060871 -8.514017
v 14.189151 7.369578 -8.514017
v 13.328543 8.300615 -10.269747
v 13.328543 8.110802 -10.269747
v 13.328543 7.898874 -10.269747
v 14.738436 6.747375 -7.867631
v 14.738436 7.060871 -7.867630
v 14.738436 7.369578 -7.867630
v 16.057289 6.747375 -10.860943
v 16.057289 7.060871 -10.860943
v 16.057289 7.369578 -10.860943
v 16.603168 8.300615 -9.930896
v 16.603168 8.110802 -9.930896
v 16.603168 7.898874 -9.930896
v 15.500803 6.747375 -11.544729
v 15.500803 7.060871 -11.544729
v 15.500803 7.369578 -11.544729
v 16.910696 8.300615 -9.142613
v 16.910696 8.110802 -9.142612
v 16.910696 7.898874 -9.142613
v 16.566841 7.653775 -8.755510
v 16.731735 7.653775 -8.872881
v 16.851116 7.653775 -8.998828
v 16.730318 7.653776 -9.710133
v 16.835548 7.653776 -9.501935
v 16.901470 7.653776 -9.311147
v 16.194117 7.653776 -10.627821
v 16.331932 7.653776 -10.393017
v 16.468895 7.653776 -10.159663
v 15.922416 7.653775 -11.086603
v 15.786974 7.653775 -11.288451
v 15.647569 7.653775 -11.447492
v 15.278003 7.653776 -7.999043
v 15.083133 7.653776 -7.905253
v 14.902966 7.653776 -7.855384
v 13.512176 7.653776 -9.671942
v 13.403176 7.653776 -9.889310
v 13.335543 7.653776 -10.090476
v 14.320078 7.653775 -8.295471
v 14.451751 7.653775 -8.102794
v 14.589445 7.653775 -7.954131
v 14.054878 7.653776 -8.742785
v 13.917914 7.653776 -8.976138
v 13.780099 7.653776 -9.210943
v 16.156504 7.653776 -8.511727
v 15.932791 7.653776 -8.380422
v 15.707022 7.653776 -8.247910
v 13.701870 7.653775 -10.684391
v 13.525471 7.653775 -10.559131
v 13.395439 7.653775 -10.423842
v 14.128250 7.653776 -10.937753
v 14.354019 7.653776 -11.070266
v 14.577732 7.653776 -11.201571
v 14.990707 7.653776 -11.440859
v 15.174074 7.653776 -11.526758
v 15.343590 7.653776 -11.567286
v 14.789701 7.898567 -11.331507
v 14.774013 8.108345 -11.360953
v 14.729411 8.293398 -11.444553
v 15.488864 7.898567 -8.114472
v 15.504443 8.108345 -8.085873
v 15.548722 8.293398 -8.004670
v 14.189151 7.898874 -8.514017
v 14.189151 8.110802 -8.514017
v 14.189151 8.300615 -8.514017
v 14.738436 7.898874 -7.867630
v 14.738436 8.110802 -7.867631
v 14.738436 8.300615 -7.867630
v 16.057289 7.898874 -10.860943
v 16.057289 8.110802 -10.860943
v 16.057289 8.300615 -10.860943
v 15.500803 7.898874 -11.544729
v 15.500803 8.110802 -11.544729
v 15.500803 8.300615 -11.544729
v 13.594110 8.972716 -11.104664
v 13.540693 8.824450 -11.138069
v 13.572501 8.662102 -11.141479
v 16.681353 8.972716 -8.349205
v 16.733124 8.824450 -8.317415
v 16.701828 8.662102 -8.314319
v 13.696581 8.960355 -9.475354
v 13.659066 8.818455 -9.453335
v 13.645246 8.654442 -9.445223
v 13.386178 8.935362 -10.249847
v 13.346792 8.810811 -10.263446
v 13.330824 8.653486 -10.268959
v 16.554487 8.960355 -9.902323
v 16.588745 8.818455 -9.922430
v 16.601364 8.654442 -9.929837
v 16.857258 8.935362 -9.162161
v 16.893776 8.810811 -9.148803
v 16.908581 8.653486 -9.143387
v 14.937943 8.479371 -11.563846
v 15.159490 8.479371 -11.562375
v 15.341767 8.479371 -11.571739
v 13.900217 8.405657 -11.335669
v 14.110150 8.386001 -11.487037
v 14.343351 8.405658 -11.595761
v 16.380928 8.405657 -8.124225
v 16.172014 8.386001 -7.974119
v 15.937794 8.405658 -7.864133
v 14.054878 8.479372 -8.742785
v 13.917914 8.479371 -8.976138
v 13.780099 8.479371 -9.210943
v 13.512176 8.479372 -9.671942
v 13.403176 8.479371 -9.889310
v 13.335543 8.479372 -10.090476
v 15.330303 8.479371 -7.879413
v 15.097591 8.479371 -7.870604
v 14.904773 8.479371 -7.851053
v 16.194117 8.479372 -10.627821
v 16.331932 8.479371 -10.393017
v 16.468895 8.479371 -10.159663
v 16.730318 8.479372 -9.710133
v 16.835548 8.479371 -9.501935
v 16.901470 8.479372 -9.311147
v 16.646912 8.479372 -8.652180
v 16.755268 8.479372 -8.843556
v 16.854057 8.479371 -8.995162
v 15.922416 8.479371 -11.086603
v 15.786974 8.479372 -11.288451
v 15.647569 8.479371 -11.447492
v 14.320078 8.479371 -8.295472
v 14.451751 8.479372 -8.102794
v 14.589445 8.479371 -7.954131
v 13.621336 8.479372 -10.791079
v 13.501814 8.479372 -10.589422
v 13.392482 8.479371 -10.427629
v 17.275177 9.035916 -6.423823
v 17.160173 9.048880 -6.292402
v 16.989361 9.035916 -6.256067
v 16.856264 8.728235 -6.177948
v 16.866520 8.833198 -6.120046
v 16.856264 8.938161 -6.177948
v 17.408272 8.938160 -6.501943
v 17.453827 8.833198 -6.464758
v 17.408272 8.728235 -6.501943
v 17.275177 8.630479 -6.423823
v 17.160173 8.617517 -6.292402
v 16.989361 8.630479 -6.256067
v 16.756041 8.555883 -7.819083
v 16.992573 8.595129 -7.312766
v 17.198210 8.627681 -6.867607
v 17.197449 9.037621 -6.868905
v 16.986479 9.062519 -7.323149
v 16.734802 9.080028 -7.855267
v 16.021429 8.555883 -7.387912
v 16.350195 8.595129 -6.935730
v 16.639317 8.627681 -6.539572
v 16.638556 9.037621 -6.540870
v 16.344101 9.062519 -6.946113
v 16.000191 9.080028 -7.424096
v 12.985461 9.035916 -13.077740
v 13.099791 9.048880 -13.210309
v 13.271277 9.035916 -13.245496
v 13.404373 8.728235 -13.323615
v 13.393443 8.833198 -13.382666
v 13.404373 8.938161 -13.323615
v 12.852365 8.938161 -12.999620
v 12.806137 8.833198 -13.037952
v 12.852365 8.728235 -12.999620
v 12.985461 8.630479 -13.077740
v 13.099791 8.617517 -13.210309
v 13.271276 8.630479 -13.245497
v 13.542084 9.080028 -11.612115
v 13.284796 9.062519 -12.158428
v 13.068281 9.037621 -12.623750
v 13.627174 9.037621 -12.951784
v 13.927173 9.062519 -12.535463
v 14.276695 9.080028 -12.043286
v 13.626370 8.627681 -12.953155
v 13.920742 8.595129 -12.546421
v 14.254283 8.555883 -12.081470
v 13.519672 8.555883 -11.650300
v 13.278364 8.595129 -12.169385
v 13.067478 8.627681 -12.625119
v 15.650693 1.244688 -9.263023
v 15.445333 1.226482 -9.186152
v 15.245940 1.175504 -9.055019
v 14.634150 1.175504 -10.097363
v 14.846195 1.226483 -10.206937
v 15.012380 1.244690 -10.350555
v 14.161420 1.175504 -10.902779
v 14.360471 1.226482 -11.034492
v 14.566886 1.244689 -11.109568
v 14.932169 1.247290 -11.030970
v 15.057117 1.247289 -10.887058
v 15.121848 1.247290 -10.707802
v 13.984663 1.254217 -10.494400
v 14.064169 1.308675 -10.304259
v 14.191418 1.254218 -10.142141
v 16.072847 1.244690 -8.543777
v 15.905608 1.226483 -8.401955
v 15.693903 1.175504 -8.291800
v 15.258139 1.254218 -8.324707
v 15.136306 1.308675 -8.477597
v 15.062217 1.254216 -8.658510
v 16.189016 1.247290 -8.889606
v 16.129253 1.247289 -9.060396
v 16.009274 1.247290 -9.195843
v 15.858065 4.007603 -9.352953
v 15.848404 3.033072 -9.293656
v 15.844974 2.071996 -9.272691
v 16.175135 2.073326 -8.710177
v 16.188995 3.043714 -8.713372
v 16.228107 4.044691 -8.722492
v 15.488842 4.042429 -8.287884
v 15.509386 3.025619 -8.308838
v 15.495562 2.010406 -8.291828
v 15.148391 2.009076 -8.883323
v 15.163865 3.014976 -8.897521
v 15.118184 4.005342 -8.919394
v 14.800733 4.044691 -11.154391
v 14.774035 3.043713 -11.124121
v 14.764607 2.073326 -11.113373
v 15.112974 2.071996 -10.519841
v 15.133070 3.033072 -10.512411
v 15.189886 4.007604 -10.491367
v 14.433872 2.009076 -10.100690
v 14.453598 3.014976 -10.107645
v 14.450639 4.005342 -10.056730
v 14.067554 2.010406 -10.724806
v 14.089360 3.025618 -10.728218
v 14.060835 4.042429 -10.720861
v 15.685604 -0.061545 -9.125530
v 15.507529 -0.085595 -9.055804
v 15.305335 -0.095344 -8.951235
v 14.569147 -0.095345 -10.205522
v 14.758684 -0.085593 -10.331654
v 14.905542 -0.061544 -10.454566
v 14.224161 -0.095344 -10.793293
v 14.426695 -0.085595 -10.897283
v 14.605610 -0.061545 -10.965578
v 14.814359 -0.060151 -10.921343
v 14.909175 -0.074451 -10.800225
v 14.968695 -0.060152 -10.658391
v 14.100126 -0.169921 -10.542612
v 14.194965 -0.194314 -10.381028
v 14.289805 -0.169920 -10.219444
v 15.969823 -0.061545 -8.641291
v 15.822124 -0.085595 -8.519810
v 15.632247 -0.095344 -8.394258
v 15.356974 -0.169921 -8.401249
v 15.267102 -0.194314 -8.554367
v 15.177232 -0.169920 -8.707485
v 16.036789 -0.060152 -8.838618
v 15.981312 -0.074451 -8.973564
v 15.890538 -0.060151 -9.087792
v 14.424997 0.531945 -9.974603
v 14.435991 0.228456 -9.966173
v 14.417482 0.029292 -10.001388
v 13.971990 0.029292 -10.760401
v 13.950268 0.228456 -10.793729
v 13.952268 0.531945 -10.780020
v 14.743279 0.061606 -11.046382
v 14.756934 0.274852 -11.091112
v 14.762470 0.654284 -11.109247
v 15.036788 0.531945 -8.932260
v 15.035130 0.228456 -8.945389
v 15.055797 0.029292 -8.913856
v 15.823274 0.061606 -9.206334
v 15.837768 0.274852 -9.249634
v 15.843644 0.654284 -9.267188
v 16.107492 0.061606 -8.722095
v 16.152363 0.274852 -8.713639
v 16.170555 0.654284 -8.710211
v 15.477950 0.029292 -8.194609
v 15.495405 0.228456 -8.161191
v 15.484751 0.531945 -8.169041
v 15.043212 0.061606 -10.535370
v 15.088923 0.274852 -10.525483
v 15.107456 0.654284 -10.521475
v 13.587579 0.387087 -10.201299
v 13.653823 0.401387 -10.063412
v 13.741915 0.387088 -9.938348
v 14.810009 0.387086 -8.118574
v 14.725960 0.401386 -8.236750
v 14.663759 0.387087 -8.367749
v 13.587580 -0.060151 -10.201299
v 13.653823 -0.074450 -10.063412
v 13.741915 -0.060152 -9.938348
v 14.810009 -0.060152 -8.118574
v 14.725960 -0.074450 -8.236750
v 14.663759 -0.060151 -8.367749
v 13.813786 0.279252 -9.815899
v 13.812391 0.163468 -9.793250
v 13.813786 0.047683 -9.815899
v 13.515709 0.047683 -10.323748
v 13.495255 0.163467 -10.333572
v 13.515709 0.279252 -10.323748
v 14.595654 0.279252 -8.483783
v 14.575700 0.163467 -8.492757
v 14.595654 0.047683 -8.483783
v 14.878114 0.047683 -8.002541
v 14.876220 0.163468 -7.980743
v 14.878114 0.279252 -8.002541
v 14.178245 0.648626 -9.955526
v 14.025521 0.477517 -9.895373
v 13.900091 0.396605 -9.863684
v 13.599508 0.396604 -10.375804
v 13.688330 0.477518 -10.469866
v 13.815308 0.648627 -10.573882
v 14.185349 -0.095345 -9.980256
v 14.028101 -0.085593 -9.902846
v 13.900414 -0.061545 -9.864617
v 14.921538 -0.095344 -8.725969
v 14.776945 -0.085593 -8.626997
v 14.680474 -0.061544 -8.535582
v 14.964693 -0.061545 -8.051343
v 15.091540 -0.085594 -8.091002
v 15.248449 -0.095345 -8.168992
v 13.840364 -0.095344 -10.568028
v 13.696112 -0.085593 -10.468475
v 13.600481 -0.061544 -10.375630
v 14.896953 0.648626 -8.731022
v 14.769300 0.477517 -8.628156
v 14.679519 0.396604 -8.535727
v 14.964354 0.396605 -8.050438
v 15.088825 0.477517 -8.083761
v 15.240874 0.648626 -8.145063
v 15.271031 11.488000 -10.135625
v 14.989774 11.540839 -9.990236
v 14.725709 11.488000 -9.815555
v 15.445713 11.540839 -9.871560
v 15.158405 11.598516 -9.702929
v 14.871098 11.540839 -9.534297
v 15.591102 11.488000 -9.590302
v 15.327037 11.540839 -9.415621
v 15.045779 11.488000 -9.270232
v 14.831623 9.577018 -9.260389
v 14.690379 9.577106 -9.428244
v 14.612679 9.577018 -9.633415
v 14.834951 9.470873 -9.261227
v 14.694378 9.471587 -9.430712
v 14.614864 9.470873 -9.636202
v 14.813620 9.362202 -9.226517
v 14.664249 9.364638 -9.413316
v 14.573731 9.362202 -9.635228
v 15.878038 10.392402 -9.170863
v 15.866466 10.742806 -9.179136
v 15.803198 11.073142 -9.231997
v 15.605569 10.393077 -8.941070
v 15.598616 10.748208 -8.952917
v 15.556066 11.090800 -9.025412
v 15.272096 10.392402 -8.815212
v 15.270515 10.742806 -8.829350
v 15.255209 11.073142 -8.910361
v 15.690471 10.392402 -10.422562
v 15.682198 10.742806 -10.410989
v 15.629337 11.073142 -10.347721
v 15.920264 10.393077 -10.150092
v 15.908417 10.748208 -10.143139
v 15.835922 11.090800 -10.100589
v 16.046122 10.392402 -9.816619
v 16.031984 10.742806 -9.815039
v 15.950973 11.073142 -9.799732
v 14.438772 10.392402 -10.234994
v 14.450345 10.742806 -10.226721
v 14.513613 11.073142 -10.173861
v 14.711242 10.393077 -10.464787
v 14.718195 10.748208 -10.452940
v 14.760745 11.090800 -10.380445
v 15.044715 10.392402 -10.590645
v 15.046295 10.742806 -10.576507
v 15.061602 11.073142 -10.495496
v 14.626340 10.392402 -8.983295
v 14.634613 10.742806 -8.994868
v 14.687473 11.073142 -9.058136
v 14.396546 10.393077 -9.255765
v 14.408394 10.748208 -9.262718
v 14.480888 11.090800 -9.305268
v 14.270689 10.392402 -9.589238
v 14.284827 10.742806 -9.590818
v 14.365838 11.073142 -9.606125
v 15.240829 9.724001 -9.059167
v 15.482666 9.724001 -9.150467
v 15.680286 9.724001 -9.317101
v 15.250319 9.788760 -8.985042
v 15.520002 9.788760 -9.086854
v 15.740378 9.788760 -9.272676
v 15.259809 9.898146 -8.910917
v 15.557340 9.898146 -9.023242
v 15.800469 9.898146 -9.228251
v 15.802167 9.724001 -9.785352
v 15.710867 9.724001 -10.027189
v 15.544232 9.724001 -10.224810
v 15.876292 9.788760 -9.794842
v 15.774480 9.788760 -10.064526
v 15.588657 9.788760 -10.284902
v 15.950417 9.898146 -9.804333
v 15.838092 9.898146 -10.101863
v 15.633083 9.898146 -10.344993
v 15.075982 9.724001 -10.346690
v 14.834145 9.724001 -10.255390
v 14.636524 9.724001 -10.088756
v 15.066492 9.788760 -10.420815
v 14.796808 9.788760 -10.319003
v 14.576432 9.788760 -10.133181
v 15.057001 9.898146 -10.494940
v 14.759471 9.898146 -10.382615
v 14.516341 9.898146 -10.177607
v 14.514644 9.724001 -9.620505
v 14.605944 9.724001 -9.378668
v 14.772578 9.724001 -9.181047
v 14.440518 9.788760 -9.611015
v 14.542331 9.788760 -9.341331
v 14.728153 9.788760 -9.120955
v 14.366394 9.898146 -9.601524
v 14.478719 9.898146 -9.303994
v 14.683727 9.898146 -9.060864
v 13.722784 7.369578 -10.696666
v 13.722784 7.060872 -10.696666
v 13.722784 6.747375 -10.696666
v 13.558385 7.369578 -10.578449
v 13.558385 7.060871 -10.578449
v 13.558385 6.747374 -10.578449
v 13.440353 7.369578 -10.450205
v 13.440353 7.060872 -10.450205
v 13.440353 6.747375 -10.450205
v 15.485300 9.577018 -10.145590
v 15.626567 9.577106 -9.977728
v 15.704244 9.577018 -9.772563
v 15.482761 9.470873 -10.145603
v 15.623518 9.471587 -9.976060
v 15.702848 9.470873 -9.770629
v 15.506384 9.362202 -10.182638
v 15.656344 9.364638 -9.995614
v 15.746273 9.362202 -9.773926
v 14.715751 9.577018 -10.030186
v 14.883465 9.577106 -10.171403
v 15.088551 9.577018 -10.248997
v 14.715779 9.470873 -10.030183
v 14.884144 9.471587 -10.170538
v 15.088948 9.470873 -10.249210
v 14.678522 9.362202 -10.060795
v 14.861735 9.364638 -10.209411
v 15.081419 9.362202 -10.297270
v 15.601062 9.577018 -9.375802
v 15.433320 9.577106 -9.234583
v 15.228261 9.577018 -9.156992
v 15.601046 9.470873 -9.376721
v 15.432460 9.471587 -9.236341
v 15.227876 9.470873 -9.157694
v 15.638209 9.362202 -9.348634
v 15.454253 9.364638 -9.199905
v 15.235312 9.362202 -9.112159
v 14.623325 9.218325 -9.075625
v 14.474364 9.221289 -9.302488
v 14.348184 9.218325 -9.544400
v 14.476576 9.181805 -8.989715
v 14.335968 9.182768 -9.221432
v 14.201391 9.181805 -9.458562
v 14.341886 9.138458 -8.911168
v 14.204466 9.138578 -9.144317
v 14.067055 9.138458 -9.379412
v 15.440848 5.213173 -10.806772
v 15.328969 5.200159 -11.024446
v 15.208167 5.261364 -11.201591
v 15.600946 5.433160 -10.898077
v 15.480608 5.439009 -11.107034
v 15.369803 5.486294 -11.278990
v 15.747652 5.547666 -10.982942
v 15.623308 5.560204 -11.183339
v 15.513994 5.597563 -11.340788
v 13.845762 5.261363 -10.401944
v 13.941853 5.200159 -10.210295
v 14.077096 5.213173 -10.006334
v 13.711440 5.486293 -10.305634
v 13.807968 5.439010 -10.125299
v 13.931810 5.433160 -9.918398
v 13.598320 5.597563 -10.216405
v 13.683556 5.560204 -10.044825
v 13.798360 5.547666 -9.838828
v 15.953266 5.385107 -9.856218
v 15.814299 5.430284 -10.088946
v 15.678124 5.385107 -10.324993
v 16.137001 5.478322 -9.964281
v 15.999144 5.491449 -10.197613
v 15.861817 5.478322 -10.433128
v 16.291513 5.551624 -10.055479
v 16.154438 5.553266 -10.288830
v 16.016684 5.551624 -10.523723
v 14.812943 5.198849 -9.776678
v 15.045702 5.172206 -9.897459
v 15.266395 5.198849 -10.042827
v 14.933987 5.330925 -9.571651
v 15.159491 5.314280 -9.703843
v 15.386744 5.330925 -9.837392
v 15.053721 5.198849 -9.366449
v 15.272914 5.172206 -9.510345
v 15.507174 5.198850 -9.632598
v 15.140073 9.144582 -11.240017
v 15.270652 9.177259 -11.014603
v 15.405645 9.196250 -10.789159
v 15.349958 9.127104 -11.291726
v 15.463759 9.160240 -11.105087
v 15.591313 9.174520 -10.893415
v 15.511514 9.094680 -11.342379
v 15.621202 9.124671 -11.183096
v 15.746449 9.136161 -10.982359
v 14.500962 9.219540 -10.308217
v 14.719176 9.222738 -10.453779
v 14.954414 9.219540 -10.574366
v 14.369337 9.191523 -10.533678
v 14.590639 9.194366 -10.673028
v 14.822094 9.191523 -10.799418
v 14.200320 9.172089 -10.820437
v 14.420031 9.178679 -10.963451
v 14.653773 9.172090 -11.086586
v 16.472288 5.261363 -9.047836
v 16.381758 5.200159 -9.230751
v 16.251501 5.213173 -9.425616
v 16.619059 5.486293 -9.150562
v 16.527859 5.439010 -9.322771
v 16.409088 5.433160 -9.521199
v 16.743832 5.597563 -9.245442
v 16.664192 5.560204 -9.409925
v 16.554644 5.547666 -9.608023
v 14.133050 7.369578 -10.940571
v 14.356762 7.369578 -11.071876
v 14.582532 7.369578 -11.204389
v 14.133050 7.060872 -10.940571
v 14.356762 7.060872 -11.071876
v 14.582532 7.060872 -11.204389
v 14.133050 6.747375 -10.940571
v 14.356762 6.747375 -11.071876
v 14.582532 6.747375 -11.204389
v 14.133394 6.171710 -10.939714
v 14.357040 6.170805 -11.071377
v 14.583080 6.171711 -11.203652
v 14.135801 5.869925 -10.933723
v 14.358992 5.862679 -11.067888
v 14.586922 5.869925 -11.198503
v 14.142613 5.476491 -10.919026
v 14.363596 5.454555 -11.059625
v 14.595861 5.476492 -11.185055
v 14.382056 5.385108 -9.564281
v 14.522037 5.430284 -9.330469
v 14.657198 5.385108 -9.095507
v 14.210591 5.478322 -9.463962
v 14.349349 5.491449 -9.229285
v 14.485775 5.478322 -8.995114
v 14.068205 5.551624 -9.380087
v 14.206139 5.553266 -9.145298
v 14.343035 5.551624 -8.911842
v 16.049053 3.979744 -9.260001
v 16.182686 3.964871 -9.100595
v 16.251539 3.997895 -8.915011
v 16.031805 3.019322 -9.225670
v 16.157648 3.023069 -9.079941
v 16.222027 3.024957 -8.901578
v 16.051935 2.051788 -9.234385
v 16.176544 2.079407 -9.088512
v 16.242964 2.052493 -8.908918
v 15.044239 5.655707 -11.403083
v 15.020797 5.918910 -11.438606
v 15.012769 6.177834 -11.451318
v 15.235588 5.742936 -11.486512
v 15.214984 5.945697 -11.528351
v 15.207988 6.181182 -11.543861
v 15.401625 5.788922 -11.529593
v 15.391698 5.960607 -11.574041
v 15.388904 6.183046 -11.591197
v 14.959385 8.655382 -11.627069
v 14.970720 8.821067 -11.634815
v 14.987802 8.967449 -11.577042
v 15.192368 8.654313 -11.594196
v 15.200020 8.817429 -11.585089
v 15.218844 8.957096 -11.536187
v 15.386951 8.653769 -11.597489
v 15.389828 8.813071 -11.581134
v 15.399532 8.943546 -11.535803
v 16.161303 7.369578 -8.514544
v 15.935534 7.369578 -8.382032
v 15.711822 7.369578 -8.250727
v 16.161303 7.060872 -8.514544
v 15.935534 7.060872 -8.382031
v 15.711822 7.060872 -8.250727
v 16.161303 6.747375 -8.514544
v 15.935534 6.747375 -8.382031
v 15.711822 6.747375 -8.250727
v 16.160954 6.171710 -8.515341
v 15.935249 6.170805 -8.382492
v 15.711266 6.171711 -8.251403
v 16.158499 5.869925 -8.520917
v 15.933260 5.862679 -8.385716
v 15.707378 5.869925 -8.256138
v 16.151543 5.476491 -8.534551
v 15.928541 5.454555 -8.393338
v 15.698295 5.476492 -8.268522
v 15.811362 9.219540 -9.114334
v 15.591269 9.222738 -8.967943
v 15.357910 9.219540 -8.848186
v 15.937539 9.191523 -8.898970
v 15.714282 9.194366 -8.758615
v 15.484782 9.191523 -8.633229
v 16.099415 9.172089 -8.623564
v 15.877867 9.178679 -8.479652
v 15.645962 9.172090 -8.357415
v 15.318675 3.998871 -8.367964
v 15.190741 3.964816 -8.518386
v 15.116611 3.980721 -8.712231
v 15.352442 3.032768 -8.395067
v 15.229706 3.022630 -8.535296
v 15.165609 3.027133 -8.713384
v 15.364344 2.071959 -8.405135
v 15.244020 2.070690 -8.541179
v 15.183716 2.071256 -8.712881
v 13.723778 6.177834 -10.694760
v 13.730736 5.918909 -10.681420
v 13.749793 5.655706 -10.643323
v 13.559800 6.181182 -10.576477
v 13.569703 5.945697 -10.562674
v 13.595699 5.742935 -10.523999
v 13.442230 6.183047 -10.448621
v 13.455364 5.960606 -10.437534
v 13.488260 5.788922 -10.406567
v 14.887749 5.213173 -8.625179
v 14.994640 5.200159 -8.416600
v 15.109883 5.261364 -8.248189
v 14.739952 5.433160 -8.541519
v 14.855219 5.439010 -8.341035
v 14.960695 5.486294 -8.177206
v 14.605352 5.547666 -8.463909
v 14.724439 5.560204 -8.271411
v 14.828157 5.597563 -8.121060
v 16.742437 5.773571 -9.718343
v 16.780087 5.955720 -9.739725
v 16.793989 6.182436 -9.747551
v 16.844879 5.779747 -9.516180
v 16.883463 5.957755 -9.533108
v 16.897938 6.182690 -9.538935
v 16.904749 5.793523 -9.340402
v 16.944843 5.962114 -9.345862
v 16.960442 6.183235 -9.346916
v 16.259945 7.369578 -10.666458
v 16.397760 7.369578 -10.431654
v 16.534723 7.369578 -10.198300
v 16.259945 7.060872 -10.666458
v 16.397760 7.060872 -10.431654
v 16.534723 7.060872 -10.198300
v 16.259945 6.747375 -10.666458
v 16.397760 6.747375 -10.431654
v 16.534723 6.747375 -10.198300
v 16.257971 6.182399 -10.665299
v 16.395786 6.182399 -10.430495
v 16.532749 6.182399 -10.197142
v 16.244148 5.955429 -10.657187
v 16.381964 5.955429 -10.422382
v 16.518929 5.955429 -10.189030
v 16.206635 5.772688 -10.635169
v 16.344450 5.772688 -10.400364
v 16.481415 5.772688 -10.167011
v 16.793989 8.654412 -9.747552
v 16.780087 8.818216 -9.739725
v 16.742437 8.959629 -9.718343
v 16.897938 8.654202 -9.538935
v 16.883463 8.816544 -9.533108
v 16.844879 8.954553 -9.516180
v 16.960442 8.653755 -9.346916
v 16.944843 8.812961 -9.345862
v 16.904749 8.943228 -9.340402
v 15.986129 6.182436 -11.123949
v 15.972526 5.955719 -11.115612
v 15.935518 5.773571 -11.093138
v 15.849705 6.182689 -11.324868
v 15.837626 5.957755 -11.314962
v 15.804172 5.779747 -11.289292
v 15.707579 6.183235 -11.481493
v 15.699249 5.962113 -11.468055
v 15.675368 5.793523 -11.434967
v 15.988072 7.369578 -11.125140
v 15.988072 7.060872 -11.125139
v 15.988072 6.747375 -11.125140
v 15.851431 7.369578 -11.326283
v 15.851431 7.060871 -11.326283
v 15.851431 6.747374 -11.326283
v 15.708769 7.369578 -11.483413
v 15.708769 7.060872 -11.483413
v 15.708768 6.747375 -11.483413
v 15.711997 9.218325 -10.344874
v 15.861971 9.221289 -10.116927
v 15.987139 9.218325 -9.876100
v 15.871017 9.181805 -10.438528
v 16.012526 9.182768 -10.205466
v 16.146202 9.181805 -9.969681
v 16.017834 9.138458 -10.524398
v 16.156111 9.138578 -10.289811
v 16.292664 9.138458 -10.056154
v 16.218927 9.196250 -9.403522
v 16.344479 9.177259 -9.185062
v 16.471832 9.144582 -8.971023
v 16.400312 9.174520 -9.515079
v 16.517862 9.160240 -9.309150
v 16.620253 9.127104 -9.127454
v 16.553547 9.136161 -9.607258
v 16.662943 9.124671 -9.408223
v 16.743980 9.094680 -9.242554
v 16.586784 6.177834 -8.769576
v 16.579998 5.918909 -8.782104
v 16.561541 5.655706 -8.817970
v 16.763268 6.181182 -8.894043
v 16.753584 5.945697 -8.906949
v 16.728334 5.742935 -8.943235
v 16.894146 6.183047 -9.026628
v 16.880960 5.960606 -9.036700
v 16.848143 5.788922 -9.065079
v 16.587753 7.369578 -8.767786
v 16.587755 7.060872 -8.767786
v 16.587755 6.747375 -8.767786
v 16.764650 7.369578 -8.892200
v 16.764650 7.060871 -8.892200
v 16.764650 6.747374 -8.892200
v 16.896030 7.369578 -9.025189
v 16.896030 7.060872 -9.025189
v 16.896030 6.747375 -9.025189
v 13.579649 8.654412 -9.711494
v 13.592365 8.818216 -9.718606
v 13.626789 8.959629 -9.738056
v 13.469545 8.654202 -9.927862
v 13.482928 8.816544 -9.932901
v 13.518517 8.954553 -9.947755
v 13.398849 8.653755 -10.126411
v 13.413595 8.812961 -10.126517
v 13.451331 8.943228 -10.129595
v 14.122510 6.182399 -8.782480
v 13.985546 6.182399 -9.015834
v 13.847731 6.182399 -9.250638
v 14.135131 5.955429 -8.789888
v 13.998167 5.955429 -9.023241
v 13.860352 5.955429 -9.258046
v 14.169388 5.772688 -8.809996
v 14.032424 5.772688 -9.043348
v 13.894608 5.772688 -9.278152
v 14.120707 7.369578 -8.781423
v 13.983743 7.369578 -9.014775
v 13.845927 7.369578 -9.249580
v 14.120707 7.060872 -8.781423
v 13.983743 7.060872 -9.014775
v 13.845927 7.060872 -9.249579
v 14.120707 6.747375 -8.781423
v 13.983743 6.747375 -9.014775
v 13.845927 6.747375 -9.249579
v 13.626789 5.773571 -9.738056
v 13.592365 5.955720 -9.718606
v 13.579649 6.182436 -9.711494
v 13.518517 5.779747 -9.947755
v 13.482928 5.957755 -9.932901
v 13.469545 6.182690 -9.927862
v 13.451331 5.793523 -10.129595
v 13.413595 5.962114 -10.126517
v 13.398849 6.183234 -10.126411
v 14.385736 7.369578 -8.334008
v 14.385736 7.060872 -8.334008
v 14.385736 6.747375 -8.334008
v 14.516208 7.369578 -8.140626
v 14.516208 7.060871 -8.140626
v 14.516208 6.747374 -8.140626
v 14.650644 7.369578 -7.990051
v 14.650644 7.060872 -7.990051
v 14.650644 6.747375 -7.990051
v 14.387509 6.182436 -8.335097
v 14.399926 5.955719 -8.342718
v 14.433708 5.773571 -8.363262
v 14.517777 6.182689 -8.141929
v 14.528767 5.957755 -8.151047
v 14.559225 5.779747 -8.174643
v 14.651712 6.183235 -7.991836
v 14.659190 5.962113 -8.004326
v 14.680711 5.793523 -8.035029
v 15.267094 5.655707 -8.058210
v 15.289938 5.918909 -8.024919
v 15.297794 6.177834 -8.013018
v 15.088445 5.742936 -7.980722
v 15.108303 5.945697 -7.941271
v 15.115079 6.181182 -7.926659
v 14.934777 5.788922 -7.942052
v 14.944627 5.960607 -7.900192
v 14.947473 6.183046 -7.884051
v 14.109638 9.196250 -10.028482
v 13.978880 9.177259 -10.256412
v 13.845412 9.144582 -10.480132
v 13.940577 9.174520 -9.924536
v 13.817883 9.160240 -10.139059
v 13.709995 9.127104 -10.329169
v 13.799456 9.136161 -9.839595
v 13.684794 9.124671 -10.046544
v 13.598139 9.094680 -10.219347
v 15.348324 8.655382 -7.840471
v 15.337457 8.821067 -7.832524
v 15.321372 8.967449 -7.887864
v 15.129850 8.654313 -7.877228
v 15.122512 8.817429 -7.885633
v 15.104567 8.957096 -7.932085
v 14.949320 8.653769 -7.877873
v 14.946403 8.813071 -7.893238
v 14.936792 8.943546 -7.935973
v 15.177171 9.144582 -8.211138
v 15.052707 9.177259 -8.426871
v 14.922921 9.196250 -8.642846
v 14.980289 9.127104 -8.164896
v 14.871986 9.160240 -8.343122
v 14.749576 9.174520 -8.546198
v 14.830606 9.094680 -8.119522
v 14.726535 9.124671 -8.271671
v 14.606555 9.136161 -8.464494
v 15.298917 6.747375 -8.011318
v 15.298917 7.060871 -8.011318
v 15.298917 7.369578 -8.011318
v 15.116047 6.747375 -7.924572
v 15.116047 7.060871 -7.924572
v 15.116047 7.369578 -7.924572
v 14.947879 6.747375 -7.881746
v 14.947879 7.060871 -7.881745
v 14.947879 7.369578 -7.881746
v 14.385736 8.300615 -8.334008
v 14.385736 8.110802 -8.334008
v 14.385736 7.898874 -8.334008
v 14.516208 8.300615 -8.140626
v 14.516208 8.110802 -8.140626
v 14.516208 7.898874 -8.140626
v 14.650644 8.300615 -7.990051
v 14.650644 8.110802 -7.990051
v 14.650644 7.898875 -7.990051
v 14.120707 8.300615 -8.781423
v 13.983743 8.300615 -9.014775
v 13.845927 8.300615 -9.249580
v 14.120707 8.110802 -8.781423
v 13.983743 8.110802 -9.014775
v 13.845927 8.110802 -9.249579
v 14.120707 7.898874 -8.781423
v 13.983743 7.898874 -9.014775
v 13.845927 7.898875 -9.249579
v 13.577832 6.747375 -9.710479
v 13.577832 7.060871 -9.710479
v 13.577832 7.369578 -9.710479
v 13.467633 6.747375 -9.927142
v 13.467633 7.060871 -9.927142
v 13.467633 7.369578 -9.927142
v 13.396742 6.747375 -10.126396
v 13.396742 7.060871 -10.126396
v 13.396742 7.369578 -10.126396
v 16.624317 8.299963 -8.712700
v 16.598886 8.110495 -8.750510
v 16.589146 7.898836 -8.765626
v 16.776199 8.300615 -8.875169
v 16.768291 8.110802 -8.886582
v 16.765106 7.898874 -8.891497
v 16.897474 8.300615 -9.023061
v 16.896486 8.110802 -9.024487
v 16.896088 7.898875 -9.025102
v 15.988072 8.300615 -11.125140
v 15.988072 8.110802 -11.125139
v 15.988072 7.898874 -11.125140
v 15.851431 8.300615 -11.326283
v 15.851431 8.110802 -11.326283
v 15.851431 7.898874 -11.326283
v 15.708769 8.300615 -11.483413
v 15.708769 8.110802 -11.483413
v 15.708768 7.898875 -11.483413
v 16.795975 6.747375 -9.748670
v 16.795975 7.060871 -9.748670
v 16.795975 7.369578 -9.748670
v 16.900005 6.747375 -9.539767
v 16.900005 7.060871 -9.539767
v 16.900005 7.369578 -9.539767
v 16.962671 6.747375 -9.347067
v 16.962671 7.060871 -9.347067
v 16.962671 7.369578 -9.347067
v 16.259945 8.300615 -10.666458
v 16.397760 8.300615 -10.431654
v 16.534723 8.300615 -10.198300
v 16.259945 8.110802 -10.666458
v 16.397760 8.110802 -10.431654
v 16.534723 8.110802 -10.198300
v 16.259945 7.898874 -10.666458
v 16.397760 7.898874 -10.431654
v 16.534723 7.898875 -10.198300
v 16.251049 8.275084 -8.365015
v 16.031433 8.265601 -8.218035
v 15.797802 8.275084 -8.098987
v 16.187363 8.103737 -8.471739
v 15.963381 8.100973 -8.334399
v 15.736242 8.103738 -8.206960
v 16.164560 7.897992 -8.509193
v 15.939014 7.897645 -8.376078
v 15.714874 7.897992 -8.245255
v 15.011621 6.747375 -11.453135
v 15.011621 7.060871 -11.453134
v 15.011621 7.369578 -11.453135
v 15.206988 6.747375 -11.546078
v 15.206988 7.060871 -11.546077
v 15.206988 7.369578 -11.546077
v 15.388504 6.747375 -11.593648
v 15.388504 7.060871 -11.593649
v 15.388504 7.369578 -11.593648
v 14.040356 8.275084 -11.093249
v 14.258011 8.265602 -11.239516
v 14.493603 8.275084 -11.359278
v 14.106132 8.103737 -10.984274
v 14.328076 8.100973 -11.120560
v 14.557251 8.103738 -11.249053
v 14.129685 7.897992 -10.946033
v 14.353176 7.897645 -11.077961
v 14.579371 7.897992 -11.209971
v 13.684691 8.299963 -10.752701
v 13.711164 8.110495 -10.714231
v 13.721332 7.898836 -10.698862
v 13.546348 8.300615 -10.595768
v 13.554579 8.110802 -10.584157
v 13.557909 7.898874 -10.579163
v 13.438848 8.300615 -10.452370
v 13.439878 8.110802 -10.450918
v 13.440294 7.898875 -10.450294
v 13.625397 8.967449 -10.777394
v 13.583604 8.821067 -10.820663
v 13.595633 8.655382 -10.826632
v 13.560482 8.957096 -10.562830
v 13.527379 8.817429 -10.603353
v 13.523232 8.654313 -10.614516
v 13.483858 8.943546 -10.411421
v 13.450074 8.813071 -10.442619
v 13.437658 8.653769 -10.453376
v 13.709906 9.142616 -11.714079
v 13.905270 9.161533 -11.838997
v 14.110186 9.142616 -11.949018
v 13.426573 9.125280 -12.250650
v 13.597317 9.145658 -12.362979
v 13.778811 9.125280 -12.457394
v 13.177840 9.093065 -12.724037
v 13.318179 9.111757 -12.838270
v 13.486359 9.093065 -12.905119
v 15.926971 8.968363 -7.336563
v 15.912081 8.828369 -7.294718
v 15.937366 8.681908 -7.318855
v 16.265244 8.958870 -6.879788
v 16.244621 8.831625 -6.848702
v 16.268471 8.702500 -6.874290
v 16.578751 8.946037 -6.469227
v 16.567127 8.833001 -6.430398
v 16.579155 8.719730 -6.468539
v 16.206635 8.960354 -10.635169
v 16.344450 8.960354 -10.400364
v 16.481415 8.960354 -10.167011
v 16.244148 8.818455 -10.657187
v 16.381966 8.818455 -10.422382
v 16.518929 8.818455 -10.189030
v 16.257971 8.654442 -10.665299
v 16.395786 8.654442 -10.430495
v 16.532749 8.654442 -10.197142
v 15.935518 8.959629 -11.093138
v 15.972526 8.818216 -11.115612
v 15.986129 8.654412 -11.123949
v 15.804172 8.954553 -11.289292
v 15.837626 8.816544 -11.314962
v 15.849705 8.654202 -11.324868
v 15.675368 8.943229 -11.434967
v 15.699249 8.812961 -11.468055
v 15.707579 8.653755 -11.481493
v 16.683777 8.967449 -8.687511
v 16.724573 8.821067 -8.646676
v 16.712076 8.655382 -8.640909
v 16.762930 8.957096 -8.905441
v 16.795153 8.817429 -8.867370
v 16.798986 8.654313 -8.856908
v 16.852467 8.943546 -9.060354
v 16.886156 8.813071 -9.031753
v 16.898611 8.653769 -9.021986
v 14.169388 8.960354 -8.809996
v 14.032424 8.960354 -9.043348
v 13.894608 8.960354 -9.278152
v 14.135131 8.818455 -8.789888
v 13.998167 8.818455 -9.023241
v 13.860352 8.818455 -9.258046
v 14.122510 8.654442 -8.782480
v 13.985546 8.654442 -9.015834
v 13.847731 8.654442 -9.250638
v 14.433708 8.959629 -8.363262
v 14.399926 8.818216 -8.342719
v 14.387509 8.654412 -8.335097
v 14.559225 8.954553 -8.174643
v 14.528766 8.816544 -8.151047
v 14.517777 8.654202 -8.141929
v 14.680711 8.943229 -8.035029
v 14.659190 8.812961 -8.004326
v 14.651712 8.653755 -7.991836
v 15.300094 7.898836 -8.009033
v 15.308336 8.110495 -7.993037
v 15.328463 8.299963 -7.952114
v 15.116427 7.898874 -7.923825
v 15.119093 8.110802 -7.918605
v 15.125049 8.300615 -7.906045
v 14.947927 7.898874 -7.881653
v 14.948260 8.110802 -7.881000
v 14.949004 8.300615 -7.879430
v 13.577832 7.898875 -9.710479
v 13.577832 8.110802 -9.710479
v 13.577832 8.300615 -9.710479
v 13.467633 7.898874 -9.927142
v 13.467633 8.110802 -9.927142
v 13.467633 8.300615 -9.927142
v 13.396742 7.898875 -10.126396
v 13.396742 8.110802 -10.126396
v 13.396742 8.300615 -10.126396
v 16.795975 7.898875 -9.748670
v 16.795975 8.110802 -9.748670
v 16.795975 8.300615 -9.748670
v 16.900005 7.898874 -9.539767
v 16.900005 8.110802 -9.539767
v 16.900005 8.300615 -9.539767
v 16.962671 7.898875 -9.347067
v 16.962671 8.110802 -9.347067
v 16.962671 8.300615 -9.347067
v 15.010384 7.898836 -11.455455
v 15.001715 8.110495 -11.471704
v 14.980546 8.299963 -11.513287
v 15.206587 7.898874 -11.546834
v 15.203777 8.110802 -11.552135
v 15.197499 8.300615 -11.564892
v 15.388454 7.898874 -11.593743
v 15.388103 8.110802 -11.594406
v 15.387318 8.300615 -11.596001
v 17.403442 8.945063 -6.226815
v 17.291384 8.951072 -6.068850
v 17.098831 8.945063 -6.048027
v 17.451872 8.833198 -6.163045
v 17.335318 8.833198 -5.993999
v 17.130898 8.833198 -5.974654
v 17.403442 8.721333 -6.226815
v 17.291384 8.715324 -6.068850
v 17.098831 8.721333 -6.048027
v 16.199791 8.482776 -7.471919
v 16.406631 8.460192 -7.577283
v 16.600071 8.482776 -7.706859
v 16.501923 8.529333 -7.010999
v 16.683973 8.507765 -7.104065
v 16.854162 8.529333 -7.217741
v 16.780195 8.571857 -6.586499
v 16.948132 8.553017 -6.653710
v 17.088713 8.571857 -6.767580
v 16.571505 9.142616 -7.755529
v 16.375511 9.161533 -7.630305
v 16.171223 9.142616 -7.520590
v 16.845955 9.125280 -7.231727
v 16.674934 9.145658 -7.119464
v 16.493715 9.125280 -7.024984
v 17.087687 9.093065 -6.769328
v 16.947002 9.111757 -6.655636
v 16.779169 9.093065 -6.588246
v 16.863970 8.681908 -7.862714
v 16.897713 8.828369 -7.873221
v 16.853575 8.968363 -7.880422
v 17.087971 8.702500 -7.355286
v 17.122049 8.831625 -7.363698
v 17.084743 8.958871 -7.360784
v 17.289799 8.719730 -6.885644
v 17.328976 8.833001 -6.877556
v 17.289394 8.946037 -6.886331
v 12.854325 8.945063 -13.279636
v 12.965412 8.951072 -13.439257
v 13.158937 8.945063 -13.458424
v 12.804926 8.833198 -13.345060
v 12.920419 8.833198 -13.515915
v 13.125899 8.833198 -13.533453
v 12.854326 8.721333 -13.279636
v 12.965412 8.715324 -13.439257
v 13.158937 8.721333 -13.458424
v 13.418199 8.681908 -11.610904
v 13.384790 8.828369 -11.600607
v 13.429167 8.968363 -11.592216
v 13.184739 8.702500 -12.128221
v 13.150679 8.831625 -12.120030
v 13.188145 8.958871 -12.122418
v 12.975752 8.719730 -12.607862
v 12.936264 8.833001 -12.616509
v 12.976177 8.946037 -12.607138
v 14.355770 8.968363 -12.136076
v 14.370421 8.828369 -12.179111
v 14.344802 8.681908 -12.154763
v 14.007645 8.958871 -12.603415
v 14.028107 8.831625 -12.635027
v 14.004239 8.702500 -12.609216
v 13.686822 8.946037 -13.024241
v 13.698112 8.833001 -13.063667
v 13.686396 8.719730 -13.024967
v 14.080040 8.482776 -12.000381
v 13.872428 8.460192 -11.894952
v 13.679759 8.482776 -11.765441
v 13.770149 8.529333 -12.472151
v 13.587779 8.507765 -12.379230
v 13.417911 8.529333 -12.265409
v 13.485276 8.571857 -12.906963
v 13.316987 8.553017 -12.840302
v 13.176757 8.571857 -12.725883
v 14.220636 0.652120 -10.904457
v 14.384894 0.638540 -11.052439
v 14.590601 0.602946 -11.176790
v 14.235450 0.271831 -10.894878
v 14.393309 0.263327 -11.041941
v 14.590296 0.249584 -11.172997
v 14.272792 0.052848 -10.866461
v 14.421537 0.039787 -11.004101
v 14.612265 0.032700 -11.134319
v 15.450536 0.421980 -10.597477
v 15.459205 0.199988 -10.574906
v 15.439836 0.026502 -10.604801
v 15.586944 0.336153 -10.706320
v 15.601687 0.175426 -10.681961
v 15.583475 0.028799 -10.708381
v 15.677876 0.292197 -10.813784
v 15.696653 0.164963 -10.793489
v 15.677443 0.039490 -10.814041
v 14.264681 3.980721 -10.163713
v 14.126320 3.964816 -10.331900
v 14.052105 3.998871 -10.525892
v 14.289383 3.027133 -10.206262
v 14.160083 3.022630 -10.357676
v 14.092425 3.032768 -10.541829
v 14.297689 2.071255 -10.222456
v 14.172197 2.070690 -10.367305
v 14.107100 2.071959 -10.547174
v 16.107338 4.028046 -8.550680
v 15.918434 4.012638 -8.409777
v 15.704051 4.029791 -8.314461
v 16.093292 3.026614 -8.548679
v 15.918145 3.031300 -8.414646
v 15.716996 3.040578 -8.331699
v 16.104670 2.027976 -8.549661
v 15.923310 2.057470 -8.417011
v 15.723022 2.071148 -8.338550
v 15.079961 3.978160 -10.301083
v 14.894711 3.958292 -10.153952
v 14.676661 3.979905 -10.064882
v 15.042413 3.012280 -10.339125
v 14.868971 3.015515 -10.202185
v 14.666022 3.026244 -10.122304
v 15.045688 2.026184 -10.353908
v 14.865080 2.055497 -10.219977
v 14.663730 2.069356 -10.143327
v 15.237906 3.979905 -9.108659
v 15.422718 3.958292 -9.254357
v 15.640770 3.978160 -9.345600
v 15.282620 3.026244 -9.071771
v 15.452158 3.015515 -9.208575
v 15.655527 3.012280 -9.294526
v 15.299778 2.069356 -9.059655
v 15.465813 2.055497 -9.196476
v 15.670168 2.026185 -9.289944
v 14.984533 3.997895 -11.073683
v 15.118265 3.964871 -10.914110
v 15.197557 3.979744 -10.710742
v 14.958528 3.024957 -11.054275
v 15.088025 3.023069 -10.902321
v 15.159061 3.019322 -10.712613
v 14.975033 2.052493 -11.069166
v 15.104720 2.079407 -10.914639
v 15.176597 2.051788 -10.725749
v 14.186556 4.029791 -10.899904
v 14.373561 4.012638 -11.041865
v 14.589408 4.028046 -11.136866
v 14.208151 3.040578 -10.902406
v 14.377793 3.031300 -11.039032
v 14.580964 3.026614 -11.125321
v 14.217150 2.071148 -10.904191
v 14.382360 2.057470 -11.042416
v 14.587229 2.027976 -11.135010
v 14.928394 -0.168157 -10.595428
v 14.726503 -0.155803 -10.485127
v 14.548499 -0.122828 -10.398968
v 14.833740 -0.192432 -10.755950
v 14.633151 -0.179256 -10.638216
v 14.457239 -0.143568 -10.534966
v 14.739738 -0.168154 -10.916853
v 14.545003 -0.155803 -10.794359
v 14.382992 -0.122827 -10.680952
v 15.459465 -0.122828 -8.846904
v 15.621895 -0.155804 -8.959598
v 15.816816 -0.168156 -9.081772
v 15.529376 -0.143568 -8.708305
v 15.705288 -0.179255 -8.811555
v 15.905877 -0.192432 -8.929289
v 15.616301 -0.122827 -8.579693
v 15.793885 -0.155803 -8.666567
v 15.995589 -0.168155 -8.777186
v 15.304400 0.652120 -9.057986
v 15.469838 0.638539 -9.203959
v 15.675628 0.602946 -9.328169
v 15.318796 0.271831 -9.049120
v 15.477900 0.263327 -9.194061
v 15.675240 0.249584 -9.324516
v 15.354987 0.052848 -9.022663
v 15.504884 0.039787 -9.158341
v 15.696030 0.032700 -9.287848
v 15.367738 0.654021 -8.408677
v 15.248388 0.653757 -8.543383
v 15.188965 0.654021 -8.713263
v 15.379593 0.272745 -8.423403
v 15.264650 0.270636 -8.552928
v 15.207603 0.272744 -8.716434
v 15.412716 0.053729 -8.460201
v 15.308699 0.046837 -8.578781
v 15.255880 0.053730 -8.727412
v 16.141882 0.602946 -8.533785
v 15.933102 0.638540 -8.414669
v 15.724996 0.652120 -8.341394
v 16.138504 0.249583 -8.535227
v 15.928391 0.263327 -8.426533
v 15.724273 0.271831 -8.358286
v 16.116625 0.032701 -8.571257
v 15.910360 0.039787 -8.467508
v 15.718819 0.052848 -8.402782
v 14.300543 0.654021 -10.226918
v 14.176251 0.653757 -10.370045
v 14.111886 0.654021 -10.548344
v 14.312211 0.272745 -10.241963
v 14.192513 0.270636 -10.379589
v 14.130711 0.272744 -10.551196
v 14.344914 0.053729 -10.279476
v 14.236562 0.046837 -10.405443
v 14.179407 0.053730 -10.561460
v 15.082634 0.602945 -10.338486
v 14.873772 0.638540 -10.219511
v 14.664486 0.652120 -10.148246
v 15.079173 0.249583 -10.340069
v 14.868708 0.263326 -10.231977
v 14.663345 0.271831 -10.165850
v 15.056114 0.032701 -10.378108
v 14.849432 0.039787 -10.275072
v 14.656739 0.052848 -10.212308
v 15.157536 0.791129 -11.174646
v 15.268901 0.837599 -11.011362
v 15.357168 0.791129 -10.834521
v 15.289005 0.567941 -11.235140
v 15.386459 0.598741 -11.080361
v 15.474083 0.567942 -10.919813
v 15.405013 0.460413 -11.281327
v 15.493670 0.482072 -11.143288
v 15.570968 0.460414 -10.998581
v 15.530590 0.286865 -11.353350
v 15.628589 0.293494 -11.222477
v 15.695075 0.286865 -11.073107
v 15.541928 0.163468 -11.370125
v 15.645787 0.163468 -11.232571
v 15.715249 0.163468 -11.074828
v 15.530590 0.040070 -11.353350
v 15.628589 0.033441 -11.222477
v 15.695075 0.040070 -11.073108
v 16.607037 0.286865 -9.519347
v 16.700726 0.293494 -9.395815
v 16.762903 0.286865 -9.253787
v 16.618607 0.163468 -9.535728
v 16.717924 0.163468 -9.405910
v 16.782846 0.163468 -9.255902
v 16.607037 0.040070 -9.519347
v 16.700726 0.033441 -9.395815
v 16.762903 0.040070 -9.253787
v 16.379913 -0.168156 -9.002761
v 16.290728 -0.192433 -9.155171
v 16.201139 -0.168156 -9.307346
v 16.528683 -0.155802 -9.097846
v 16.444298 -0.179256 -9.245307
v 16.356691 -0.155802 -9.390878
v 16.637171 -0.122827 -9.178881
v 16.564018 -0.143568 -9.315577
v 16.480335 -0.122827 -9.446092
v 15.312717 -0.168156 -10.821002
v 15.218591 -0.192433 -10.981833
v 15.124061 -0.168156 -11.142427
v 15.461300 -0.155802 -10.916408
v 15.372160 -0.179256 -11.071969
v 15.279799 -0.155802 -11.225639
v 15.569369 -0.122827 -10.998156
v 15.491881 -0.143568 -11.142238
v 15.403863 -0.122827 -11.280140
v 16.081003 0.026502 -9.512408
v 16.065289 0.199988 -9.542287
v 16.080135 0.421979 -9.524792
v 16.241028 0.028797 -9.588071
v 16.227688 0.175425 -9.615406
v 16.241013 0.336152 -9.591944
v 16.377937 0.039489 -9.620567
v 16.370087 0.164962 -9.646120
v 16.377937 0.292198 -9.621052
v 14.997272 0.026502 -11.358822
v 14.980615 0.199989 -11.390308
v 14.996094 0.421979 -11.371736
v 15.157739 0.028797 -11.433733
v 15.143550 0.175426 -11.462515
v 15.157630 0.336153 -11.437766
v 15.295804 0.039489 -11.464262
v 15.287225 0.164962 -11.491055
v 15.295791 0.292198 -11.464766
v 16.510769 0.421979 -8.791098
v 16.518805 0.199988 -8.769606
v 16.500380 0.026502 -8.797893
v 16.647835 0.336152 -8.898820
v 16.661823 0.175426 -8.875747
v 16.644459 0.028799 -8.900721
v 16.740004 0.292197 -9.004175
v 16.758064 0.164963 -8.985101
v 16.739582 0.039490 -9.004413
v 16.234903 0.791129 -9.339075
v 16.341038 0.837599 -9.184701
v 16.424076 0.791130 -9.016769
v 16.365992 0.567942 -9.400218
v 16.458597 0.598741 -9.253700
v 16.541370 0.567941 -9.101413
v 16.481497 0.460413 -9.447259
v 16.565805 0.482073 -9.316626
v 16.638758 0.460414 -9.179326
v 14.725709 11.488000 -9.815555
v 14.871098 11.540839 -9.534297
v 15.045779 11.488000 -9.270232
v 14.989774 11.540839 -9.990236
v 15.158405 11.598516 -9.702929
v 15.327037 11.540839 -9.415621
v 15.271031 11.488000 -10.135625
v 15.445713 11.540839 -9.871560
v 15.591102 11.488000 -9.590302
v 15.704106 9.577018 -9.772483
v 15.701753 9.470873 -9.769985
v 15.742458 9.362202 -9.771688
v 15.626416 9.577106 -9.977639
v 15.622312 9.471587 -9.975351
v 15.652189 9.364638 -9.993175
v 15.485163 9.577018 -10.145509
v 15.481666 9.470873 -10.144959
v 15.502570 9.362202 -10.180399
v 15.272096 10.392402 -8.815212
v 15.605569 10.393077 -8.941070
v 15.878038 10.392402 -9.170863
v 15.270515 10.742806 -8.829350
v 15.598616 10.748208 -8.952917
v 15.866466 10.742806 -9.179136
v 15.255209 11.073142 -8.910361
v 15.556066 11.090800 -9.025412
v 15.803198 11.073142 -9.231997
v 14.270689 10.392402 -9.589238
v 14.396546 10.393077 -9.255765
v 14.626340 10.392402 -8.983295
v 14.284827 10.742806 -9.590818
v 14.408394 10.748208 -9.262718
v 14.634613 10.742806 -8.994868
v 14.365838 11.073142 -9.606125
v 14.480888 11.090800 -9.305268
v 14.687473 11.073142 -9.058136
v 15.044715 10.392402 -10.590645
v 14.711242 10.393077 -10.464787
v 14.438772 10.392402 -10.234994
v 15.046295 10.742806 -10.576507
v 14.718195 10.748208 -10.452940
v 14.450345 10.742806 -10.226721
v 15.061602 11.073142 -10.495496
v 14.760745 11.090800 -10.380445
v 14.513613 11.073142 -10.173861
v 16.046122 10.392402 -9.816619
v 15.920264 10.393077 -10.150092
v 15.690471 10.392402 -10.422562
v 16.031984 10.742806 -9.815039
v 15.908417 10.748208 -10.143139
v 15.682198 10.742806 -10.410989
v 15.950973 11.073142 -9.799732
v 15.835922 11.090800 -10.100589
v 15.629337 11.073142 -10.347721
v 15.680286 9.724001 -9.317101
v 15.740377 9.788760 -9.272676
v 15.800469 9.898146 -9.228251
v 15.482666 9.724001 -9.150467
v 15.520002 9.788760 -9.086854
v 15.557340 9.898146 -9.023242
v 15.240829 9.724001 -9.059167
v 15.250319 9.788760 -8.985042
v 15.259809 9.898146 -8.910917
v 14.772578 9.724001 -9.181047
v 14.728153 9.788760 -9.120956
v 14.683728 9.898146 -9.060864
v 14.605944 9.724001 -9.378668
v 14.542331 9.788760 -9.341331
v 14.478719 9.898146 -9.303994
v 14.514644 9.724001 -9.620505
v 14.440518 9.788760 -9.611015
v 14.366394 9.898146 -9.601524
v 14.636524 9.724001 -10.088756
v 14.576433 9.788760 -10.133181
v 14.516341 9.898146 -10.177606
v 14.834145 9.724001 -10.255390
v 14.796808 9.788760 -10.319003
v 14.759471 9.898146 -10.382615
v 15.075982 9.724001 -10.346690
v 15.066492 9.788760 -10.420815
v 15.057001 9.898146 -10.494940
v 15.544232 9.724001 -10.224810
v 15.588657 9.788760 -10.284902
v 15.633082 9.898146 -10.344993
v 15.710867 9.724001 -10.027189
v 15.774480 9.788760 -10.064526
v 15.838092 9.898146 -10.101863
v 15.802167 9.724001 -9.785352
v 15.876292 9.788760 -9.794842
v 15.950417 9.898146 -9.804333
v 14.990707 7.369578 -11.440859
v 15.174074 7.369578 -11.526759
v 15.343590 7.369578 -11.567286
v 14.990707 7.060872 -11.440859
v 15.174074 7.060872 -11.526758
v 15.343590 7.060872 -11.567286
v 14.990707 6.747375 -11.440859
v 15.174074 6.747375 -11.526758
v 15.343590 6.747375 -11.567286
v 14.612543 9.577018 -9.633335
v 14.613769 9.470873 -9.635558
v 14.569917 9.362202 -9.632989
v 14.690228 9.577106 -9.428155
v 14.693172 9.471587 -9.430004
v 14.660094 9.364638 -9.410877
v 14.831486 9.577018 -9.260309
v 14.833856 9.470873 -9.260584
v 14.809805 9.362202 -9.224277
v 15.088492 9.577018 -10.248962
v 15.088481 9.470873 -10.248936
v 15.079919 9.362202 -10.296390
v 14.883429 9.577106 -10.171381
v 14.883851 9.471587 -10.170366
v 14.860837 9.364638 -10.208883
v 14.715692 9.577018 -10.030151
v 14.715311 9.470873 -10.029909
v 14.677022 9.362202 -10.059914
v 15.228203 9.577018 -9.156958
v 15.227408 9.470873 -9.157420
v 15.233812 9.362202 -9.111279
v 15.433284 9.577106 -9.234561
v 15.432167 9.471587 -9.236170
v 15.453355 9.364638 -9.199378
v 15.601004 9.577018 -9.375768
v 15.600578 9.470873 -9.376447
v 15.636709 9.362202 -9.347754
v 15.966978 9.218325 -9.864266
v 16.113535 9.181805 -9.950507
v 16.247780 9.138458 -10.029810
v 15.841530 9.221289 -10.104930
v 15.979775 9.182768 -10.186245
v 16.111217 9.138578 -10.263461
v 15.691836 9.218325 -10.333041
v 15.838350 9.181805 -10.419354
v 15.972951 9.138458 -10.498055
v 14.056938 5.213173 -9.994503
v 13.899165 5.433160 -9.899238
v 13.753545 5.547666 -9.812524
v 13.921434 5.200159 -10.198310
v 13.775396 5.439010 -10.106180
v 13.639201 5.560204 -10.018791
v 13.825665 5.261363 -10.390149
v 13.679284 5.486293 -10.286759
v 13.555029 5.597563 -10.190997
v 15.188070 5.261363 -11.189796
v 15.337647 5.486293 -11.260117
v 15.470704 5.597562 -11.315378
v 15.308551 5.200158 -11.012462
v 15.448036 5.439010 -11.087916
v 15.578955 5.560204 -11.157307
v 15.420691 5.213173 -10.794941
v 15.568301 5.433160 -10.878917
v 15.702837 5.547666 -10.956637
v 14.637037 5.385107 -9.083673
v 14.453108 5.478322 -8.975941
v 14.298152 5.551624 -8.885499
v 14.501595 5.430284 -9.318471
v 14.316600 5.491449 -9.210064
v 14.161245 5.553265 -9.118948
v 14.361896 5.385107 -9.552448
v 14.177924 5.478323 -9.444788
v 14.023322 5.551624 -9.353743
v 15.262444 5.198849 -10.040507
v 15.382438 5.330925 -9.834865
v 15.503222 5.198849 -9.630279
v 15.043509 5.172206 -9.896173
v 15.157078 5.314280 -9.702427
v 15.270722 5.172206 -9.509058
v 14.808991 5.198849 -9.774359
v 14.929680 5.330925 -9.569124
v 15.049770 5.198850 -9.364130
v 13.825315 9.144582 -10.468336
v 13.677839 9.127104 -10.310296
v 13.554849 9.094680 -10.193938
v 13.958461 9.177260 -10.244428
v 13.785311 9.160240 -10.119942
v 13.640440 9.124671 -10.020512
v 14.089480 9.196250 -10.016651
v 13.907931 9.174520 -9.905375
v 13.754641 9.136161 -9.813291
v 14.950463 9.219540 -10.572046
v 14.817787 9.191523 -10.796890
v 14.649821 9.172089 -11.084267
v 14.716984 9.222738 -10.452493
v 14.588225 9.194366 -10.671612
v 14.417838 9.178679 -10.962165
v 14.497011 9.219540 -10.305898
v 14.365030 9.191523 -10.531151
v 14.196369 9.172089 -10.818119
v 15.089787 5.261363 -8.236393
v 14.928539 5.486293 -8.158332
v 14.784867 5.597562 -8.095652
v 14.974221 5.200158 -8.404615
v 14.822647 5.439010 -8.321918
v 14.680085 5.560204 -8.245378
v 14.867591 5.213173 -8.613347
v 14.707307 5.433160 -8.522359
v 14.560536 5.547666 -8.437605
v 14.577732 7.369578 -11.201571
v 14.577731 7.060872 -11.201571
v 14.577732 6.747375 -11.201571
v 14.354019 7.369578 -11.070266
v 14.354019 7.060871 -11.070266
v 14.354019 6.747374 -11.070266
v 14.128250 7.369578 -10.937753
v 14.128250 7.060872 -10.937754
v 14.128250 6.747375 -10.937754
v 14.578311 6.171711 -11.200853
v 14.582368 5.869925 -11.195830
v 14.591879 5.476491 -11.182717
v 14.354319 6.170805 -11.069779
v 14.356414 5.862679 -11.066375
v 14.361383 5.454555 -11.058326
v 14.128625 6.171711 -10.936915
v 14.131248 5.869925 -10.931051
v 14.138631 5.476492 -10.916689
v 15.657964 5.385108 -10.313160
v 15.829150 5.478322 -10.413955
v 15.971801 5.551624 -10.497379
v 15.793858 5.430285 -10.076949
v 15.966393 5.491449 -10.178391
v 16.109545 5.553265 -10.262480
v 15.933105 5.385107 -9.844385
v 16.104334 5.478323 -9.945107
v 16.246632 5.551624 -10.029135
v 15.110892 3.979744 -8.709360
v 15.149277 3.019322 -8.707680
v 15.131853 2.051788 -8.694353
v 15.184917 3.964872 -8.514968
v 15.215157 3.023069 -8.526757
v 15.198462 2.079408 -8.514439
v 15.313380 3.997895 -8.364370
v 15.339498 3.024957 -8.383588
v 15.322881 2.052493 -8.368887
v 13.729667 5.655706 -10.631510
v 13.563533 5.742935 -10.505119
v 13.444969 5.788922 -10.381157
v 13.710081 5.918910 -10.669297
v 13.537048 5.945697 -10.543508
v 13.411000 5.960607 -10.411495
v 13.702896 6.177835 -10.682504
v 13.526918 6.181182 -10.557178
v 13.397385 6.183046 -10.422299
v 13.575475 8.655382 -10.814800
v 13.490586 8.654313 -10.595356
v 13.392843 8.653769 -10.427072
v 13.563185 8.821067 -10.808680
v 13.494807 8.817429 -10.584235
v 13.405721 8.813071 -10.416586
v 13.605299 8.967449 -10.765598
v 13.528325 8.957096 -10.543957
v 13.440568 8.943546 -10.386012
v 15.707022 7.369578 -8.247910
v 15.707022 7.060872 -8.247910
v 15.707022 6.747375 -8.247910
v 15.932791 7.369578 -8.380423
v 15.932791 7.060871 -8.380422
v 15.932791 6.747374 -8.380423
v 16.156504 7.369578 -8.511727
v 16.156504 7.060872 -8.511727
v 16.156504 6.747375 -8.511727
v 15.706497 6.171711 -8.248604
v 15.702826 5.869925 -8.253466
v 15.694313 5.476491 -8.266185
v 15.932528 6.170805 -8.380895
v 15.930682 5.862679 -8.384203
v 15.926329 5.454555 -8.392039
v 16.156183 6.171711 -8.512542
v 16.153944 5.869925 -8.518245
v 16.147560 5.476492 -8.532213
v 15.353958 9.219540 -8.845867
v 15.480475 9.191523 -8.630702
v 15.642011 9.172089 -8.355097
v 15.589078 9.222738 -8.966657
v 15.711868 9.194366 -8.757197
v 15.875674 9.178679 -8.478366
v 15.807411 9.219540 -9.112015
v 15.933233 9.191523 -8.896442
v 16.095463 9.172089 -8.621244
v 16.245821 3.998870 -8.912140
v 16.205694 3.032768 -8.895873
v 16.191101 2.071959 -8.890390
v 16.176861 3.964816 -9.097178
v 16.143099 3.022630 -9.071402
v 16.130985 2.070690 -9.061772
v 16.043756 3.980721 -9.256408
v 16.018862 3.027133 -9.214190
v 16.010473 2.071254 -9.198136
v 14.991886 6.177834 -11.439062
v 15.175106 6.181182 -11.524562
v 15.344058 6.183046 -11.564876
v 15.000141 5.918909 -11.426482
v 15.182330 5.945697 -11.509185
v 15.347334 5.960606 -11.548002
v 15.024113 5.655706 -11.391270
v 15.203422 5.742936 -11.467632
v 15.358334 5.788922 -11.504184
v 16.231342 5.213173 -9.413785
v 16.376444 5.433160 -9.502039
v 16.509829 5.547666 -9.581718
v 16.361338 5.200159 -9.218767
v 16.495287 5.439010 -9.303654
v 16.619839 5.560204 -9.383893
v 16.452190 5.261364 -9.036040
v 16.586903 5.486293 -9.131689
v 16.700541 5.597563 -9.220034
v 14.372659 5.773571 -8.327429
v 14.499222 5.779746 -8.139424
v 14.623505 5.793524 -8.001452
v 14.335634 5.955720 -8.304983
v 14.465630 5.957755 -8.113990
v 14.599187 5.962114 -7.969108
v 14.322023 6.182436 -8.296661
v 14.453485 6.182689 -8.104193
v 14.590663 6.183235 -7.956003
v 13.780099 7.369578 -9.210942
v 13.780099 7.060872 -9.210943
v 13.780099 6.747375 -9.210942
v 13.917914 7.369578 -8.976138
v 13.917914 7.060871 -8.976138
v 13.917914 6.747374 -8.976138
v 14.054878 7.369578 -8.742785
v 14.054878 7.060872 -8.742785
v 14.054878 6.747375 -8.742785
v 13.782074 6.182399 -9.212102
v 13.795895 5.955429 -9.220214
v 13.833408 5.772688 -9.242232
v 13.919889 6.182399 -8.977297
v 13.933710 5.955429 -8.985410
v 13.971224 5.772688 -9.007428
v 14.056853 6.182399 -8.743944
v 14.070674 5.955430 -8.752056
v 14.108189 5.772689 -8.774075
v 14.322023 8.654412 -8.296661
v 14.453485 8.654202 -8.104193
v 14.590663 8.653755 -7.956003
v 14.335634 8.818216 -8.304983
v 14.465630 8.816544 -8.113990
v 14.599187 8.812961 -7.969108
v 14.372659 8.959629 -8.327429
v 14.499222 8.954553 -8.139424
v 14.623505 8.943228 -8.001452
v 13.514163 6.182435 -9.673059
v 13.405253 6.182690 -9.890127
v 13.337799 6.183235 -10.090579
v 13.528074 5.955719 -9.680871
v 13.419792 5.957755 -9.895844
v 13.353592 5.962114 -10.091300
v 13.565739 5.773570 -9.702224
v 13.458515 5.779747 -9.912537
v 13.394124 5.793524 -10.096018
v 13.512176 7.369578 -9.671942
v 13.403176 7.369578 -9.889310
v 13.335543 7.369578 -10.090476
v 13.512176 7.060872 -9.671942
v 13.403176 7.060872 -9.889310
v 13.335543 7.060872 -10.090476
v 13.512176 6.747375 -9.671942
v 13.403176 6.747375 -9.889310
v 13.335543 6.747375 -10.090476
v 14.328023 9.218325 -9.532567
v 14.168724 9.181805 -9.439388
v 14.022172 9.138458 -9.353067
v 14.453923 9.221289 -9.290491
v 14.303218 9.182768 -9.202209
v 14.159573 9.138578 -9.117967
v 14.603165 9.218325 -9.063792
v 14.443909 9.181805 -8.970541
v 14.297002 9.138458 -8.884824
v 14.902763 9.196250 -8.631015
v 14.716930 9.174520 -8.527038
v 14.561739 9.136161 -8.438190
v 15.032288 9.177259 -8.414886
v 14.839415 9.160240 -8.324004
v 14.682180 9.124671 -8.245639
v 15.157074 9.144582 -8.199342
v 14.948133 9.127104 -8.146023
v 14.787316 9.094680 -8.094113
v 15.276913 6.177834 -8.000762
v 15.082197 6.181182 -7.907360
v 14.902628 6.183046 -7.857730
v 15.269283 5.918909 -8.012794
v 15.075649 5.945697 -7.922105
v 14.900263 5.960607 -7.874154
v 15.246967 5.655706 -8.046397
v 15.056278 5.742936 -7.961843
v 14.891486 5.788922 -7.916643
v 15.278003 7.369578 -7.999043
v 15.083133 7.369578 -7.905253
v 14.902966 7.369578 -7.855384
v 15.278002 7.060872 -7.999043
v 15.083133 7.060872 -7.905253
v 14.902966 7.060872 -7.855384
v 15.278003 6.747375 -7.999043
v 15.083133 6.747375 -7.905253
v 14.902966 6.747375 -7.855384
v 15.920643 8.654412 -11.085512
v 15.785414 8.654202 -11.287133
v 15.646528 8.653755 -11.445660
v 15.908234 8.818216 -11.077877
v 15.774489 8.816544 -11.277905
v 15.639246 8.812961 -11.432837
v 15.874469 8.959629 -11.057305
v 15.744169 8.954553 -11.254074
v 15.618162 8.943228 -11.401390
v 16.467093 6.182399 -10.158606
v 16.454472 5.955429 -10.151197
v 16.420214 5.772688 -10.131090
v 16.330130 6.182399 -10.391958
v 16.317507 5.955429 -10.384550
v 16.283251 5.772688 -10.364444
v 16.192314 6.182399 -10.626763
v 16.179691 5.955430 -10.619355
v 16.145435 5.772689 -10.599249
v 16.468895 7.369578 -10.159663
v 16.468895 7.060872 -10.159663
v 16.468895 6.747375 -10.159663
v 16.331932 7.369578 -10.393017
v 16.331932 7.060871 -10.393017
v 16.331932 6.747374 -10.393017
v 16.194117 7.369578 -10.627821
v 16.194117 7.060872 -10.627821
v 16.194117 6.747375 -10.627821
v 15.874469 5.773571 -11.057304
v 15.744169 5.779746 -11.254074
v 15.618161 5.793524 -11.401390
v 15.908234 5.955720 -11.077877
v 15.774489 5.957755 -11.277905
v 15.639246 5.962114 -11.432837
v 15.920643 6.182436 -11.085512
v 15.785414 6.182689 -11.287133
v 15.646528 6.183235 -11.445660
v 16.730318 7.369578 -9.710133
v 16.835548 7.369578 -9.501935
v 16.901470 7.369578 -9.311147
v 16.730318 7.060872 -9.710133
v 16.835548 7.060872 -9.501935
v 16.901470 7.060872 -9.311147
v 16.730318 6.747375 -9.710134
v 16.835548 6.747375 -9.501935
v 16.901470 6.747375 -9.311147
v 16.728502 6.182435 -9.709115
v 16.833645 6.182689 -9.501200
v 16.899391 6.183235 -9.311084
v 16.715794 5.955719 -9.701990
v 16.820328 5.957755 -9.496051
v 16.884842 5.962113 -9.310645
v 16.681389 5.773570 -9.682510
v 16.784876 5.779747 -9.480962
v 16.847542 5.793524 -9.306825
v 16.541414 5.655707 -8.806157
v 16.696167 5.742935 -8.924356
v 16.804852 5.788922 -9.039670
v 16.559343 5.918910 -8.769980
v 16.720930 5.945697 -8.887783
v 16.836596 5.960607 -9.010661
v 16.565903 6.177835 -8.757319
v 16.730385 6.181182 -8.874743
v 16.849300 6.183046 -9.000307
v 15.385487 9.196250 -10.777327
v 15.558668 9.174520 -10.874255
v 15.701632 9.136161 -10.956055
v 15.250234 9.177259 -11.002618
v 15.431188 9.160240 -11.085969
v 15.576849 9.124671 -11.157063
v 15.119976 9.144582 -11.228222
v 15.317802 9.127104 -11.272853
v 15.468224 9.094680 -11.316971
v 16.691917 8.655382 -8.629077
v 16.766342 8.654313 -8.837748
v 16.853796 8.653769 -8.995683
v 16.704155 8.821067 -8.634691
v 16.762581 8.817429 -8.848252
v 16.841803 8.813071 -9.005720
v 16.663679 8.967449 -8.675715
v 16.730774 8.957096 -8.886567
v 16.809175 8.943546 -9.034946
v 16.451735 9.144582 -8.959228
v 16.588097 9.127104 -9.108580
v 16.700691 9.094680 -9.217145
v 16.324060 9.177260 -9.173077
v 16.485291 9.160240 -9.290031
v 16.618589 9.124671 -9.382190
v 16.198771 9.196250 -9.391690
v 16.367666 9.174520 -9.495917
v 16.508732 9.136161 -9.580954
v 16.566839 6.747375 -8.755510
v 16.731735 6.747375 -8.872881
v 16.851116 6.747375 -8.998828
v 16.566839 7.060871 -8.755510
v 16.731735 7.060871 -8.872881
v 16.851116 7.060871 -8.998828
v 16.566841 7.369578 -8.755510
v 16.731735 7.369578 -8.872881
v 16.851116 7.369578 -8.998828
v 16.730318 8.300615 -9.710133
v 16.835548 8.300615 -9.501935
v 16.901470 8.300615 -9.311147
v 16.730318 8.110802 -9.710133
v 16.835548 8.110802 -9.501935
v 16.901470 8.110802 -9.311147
v 16.730318 7.898874 -9.710134
v 16.835548 7.898874 -9.501935
v 16.901470 7.898875 -9.311147
v 16.468895 8.300615 -10.159663
v 16.468895 8.110802 -10.159663
v 16.468895 7.898874 -10.159663
v 16.331932 8.300615 -10.393017
v 16.331932 8.110802 -10.393017
v 16.331932 7.898874 -10.393017
v 16.194117 8.300615 -10.627821
v 16.194117 8.110802 -10.627821
v 16.194117 7.898875 -10.627821
v 15.922415 6.747375 -11.086603
v 15.786974 6.747375 -11.288451
v 15.647569 6.747375 -11.447492
v 15.922416 7.060871 -11.086603
v 15.786974 7.060871 -11.288451
v 15.647569 7.060871 -11.447493
v 15.922416 7.369578 -11.086603
v 15.786974 7.369578 -11.288451
v 15.647569 7.369578 -11.447492
v 15.308271 8.299963 -7.940264
v 15.092371 8.300615 -7.886866
v 14.904120 8.300615 -7.853086
v 15.287659 8.110495 -7.980901
v 15.086262 8.110802 -7.899335
v 14.903357 8.110802 -7.854644
v 15.279209 7.898836 -7.996775
v 15.083524 7.898874 -7.904513
v 14.903014 7.898875 -7.855291
v 13.512176 8.300615 -9.671942
v 13.403176 8.300615 -9.889310
v 13.335543 8.300615 -10.090476
v 13.512176 8.110802 -9.671942
v 13.403176 8.110802 -9.889310
v 13.335543 8.110802 -10.090476
v 13.512176 7.898874 -9.671942
v 13.403176 7.898874 -9.889310
v 13.335543 7.898875 -10.090476
v 14.320078 6.747375 -8.295472
v 14.451751 6.747375 -8.102794
v 14.589444 6.747375 -7.954131
v 14.320078 7.060871 -8.295471
v 14.451751 7.060871 -8.102794
v 14.589444 7.060871 -7.954131
v 14.320078 7.369578 -8.295472
v 14.451751 7.369578 -8.102794
v 14.589445 7.369578 -7.954131
v 13.780099 8.300615 -9.210942
v 13.780099 8.110802 -9.210943
v 13.780099 7.898874 -9.210942
v 13.917914 8.300615 -8.976138
v 13.917914 8.110802 -8.976138
v 13.917914 7.898874 -8.976138
v 14.054878 8.300615 -8.742785
v 14.054878 8.110802 -8.742785
v 14.054878 7.898875 -8.742785
v 15.793819 8.275084 -8.096649
v 15.731689 8.103737 -8.204288
v 15.710105 7.897992 -8.242456
v 16.029221 8.265601 -8.216736
v 15.960802 8.100973 -8.332886
v 15.936293 7.897646 -8.374479
v 16.247066 8.275084 -8.362679
v 16.182810 8.103738 -8.469067
v 16.159792 7.897992 -8.506394
v 13.701870 6.747375 -10.684391
v 13.525471 6.747375 -10.559131
v 13.395439 6.747375 -10.423842
v 13.701870 7.060871 -10.684391
v 13.525471 7.060871 -10.559131
v 13.395439 7.060871 -10.423842
v 13.701870 7.369578 -10.684391
v 13.525471 7.369578 -10.559131
v 13.395439 7.369578 -10.423843
v 14.489621 8.275084 -11.356940
v 14.552698 8.103737 -11.246381
v 14.574602 7.897992 -11.207172
v 14.255798 8.265601 -11.238217
v 14.325499 8.100973 -11.119047
v 14.350454 7.897646 -11.076364
v 14.036373 8.275084 -11.090912
v 14.101579 8.103738 -10.981602
v 14.124916 7.897992 -10.943233
v 14.960356 8.299963 -11.501436
v 15.164822 8.300615 -11.545712
v 15.342434 8.300615 -11.569655
v 14.981037 8.110495 -11.459567
v 15.170946 8.110802 -11.532865
v 15.343199 8.110802 -11.568050
v 14.989498 7.898836 -11.443197
v 15.173683 7.898874 -11.527522
v 15.343541 7.898875 -11.567382
v 14.967705 8.967449 -11.565247
v 15.186688 8.957096 -11.517313
v 15.356242 8.943546 -11.510394
v 14.950302 8.821067 -11.622830
v 15.167448 8.817429 -11.565971
v 15.345473 8.813071 -11.555101
v 14.939226 8.655382 -11.615238
v 15.159722 8.654313 -11.575035
v 15.342135 8.653769 -11.571185
v 14.108685 9.142616 -11.948138
v 13.778344 9.125280 -12.457119
v 13.486300 9.093065 -12.905085
v 13.904371 9.161533 -11.838470
v 13.597025 9.145658 -12.362807
v 13.318142 9.111757 -12.838248
v 13.708405 9.142616 -11.713198
v 13.426105 9.125281 -12.250377
v 13.177782 9.093065 -12.724003
v 16.849762 8.968363 -7.878183
v 17.083647 8.958871 -7.360141
v 17.289257 8.946037 -6.886250
v 16.893557 8.828370 -7.870783
v 17.120842 8.831625 -7.362990
v 17.328825 8.833001 -6.877468
v 16.860155 8.681908 -7.860475
v 17.086874 8.702500 -7.354643
v 17.289661 8.719730 -6.885563
v 13.833408 8.960354 -9.242232
v 13.795895 8.818455 -9.220214
v 13.782073 8.654442 -9.212102
v 13.971225 8.960354 -9.007428
v 13.933710 8.818455 -8.985409
v 13.919889 8.654442 -8.977297
v 14.108189 8.960355 -8.774075
v 14.070674 8.818455 -8.752056
v 14.056853 8.654442 -8.743944
v 13.565739 8.959629 -9.702224
v 13.458515 8.954553 -9.912537
v 13.394124 8.943228 -10.096018
v 13.528073 8.818216 -9.680871
v 13.419792 8.816545 -9.895844
v 13.353592 8.812961 -10.091300
v 13.514163 8.654411 -9.673059
v 13.405253 8.654202 -9.890127
v 13.337799 8.653755 -10.090579
v 15.301275 8.967449 -7.876068
v 15.072410 8.957096 -7.913211
v 14.893502 8.943546 -7.910564
v 15.317038 8.821067 -7.820539
v 15.089940 8.817429 -7.866516
v 14.902049 8.813071 -7.867205
v 15.328166 8.655382 -7.828640
v 15.097205 8.654313 -7.858068
v 14.904504 8.653769 -7.851569
v 16.420214 8.960354 -10.131090
v 16.454472 8.818455 -10.151197
v 16.467093 8.654442 -10.158606
v 16.283251 8.960354 -10.364444
v 16.317507 8.818455 -10.384550
v 16.330130 8.654442 -10.391958
v 16.145435 8.960355 -10.599248
v 16.179691 8.818455 -10.619355
v 16.192314 8.654442 -10.626763
v 16.681387 8.959629 -9.682510
v 16.784876 8.954553 -9.480962
v 16.847542 8.943228 -9.306825
v 16.715794 8.818216 -9.701990
v 16.820328 8.816545 -9.496051
v 16.884842 8.812961 -9.310645
v 16.728502 8.654411 -9.709115
v 16.833645 8.654202 -9.501200
v 16.899391 8.653755 -9.311084
v 16.568262 7.898836 -8.753368
v 16.732201 7.898874 -8.872185
v 16.851173 7.898874 -8.998741
v 16.578209 8.110495 -8.738374
v 16.735460 8.110802 -8.867311
v 16.851582 8.110802 -8.998132
v 16.604126 8.299963 -8.700850
v 16.743523 8.300615 -8.855989
v 16.852589 8.300615 -8.996716
v 15.922415 7.898875 -11.086603
v 15.786974 7.898874 -11.288451
v 15.647569 7.898875 -11.447492
v 15.922416 8.110802 -11.086603
v 15.786974 8.110802 -11.288451
v 15.647569 8.110802 -11.447493
v 15.922416 8.300615 -11.086603
v 15.786974 8.300615 -11.288451
v 15.647569 8.300615 -11.447492
v 14.320078 7.898875 -8.295472
v 14.451751 7.898874 -8.102794
v 14.589444 7.898875 -7.954131
v 14.320078 8.110802 -8.295471
v 14.451751 8.110802 -8.102794
v 14.589444 8.110802 -7.954131
v 14.320078 8.300615 -8.295472
v 14.451751 8.300615 -8.102794
v 14.589445 8.300615 -7.954131
v 13.700447 7.898836 -10.686604
v 13.525005 7.898874 -10.559851
v 13.395381 7.898874 -10.423933
v 13.690487 8.110495 -10.702094
v 13.521748 8.110802 -10.564887
v 13.394974 8.110802 -10.424562
v 13.664501 8.299963 -10.740850
v 13.513670 8.300615 -10.576589
v 13.393964 8.300615 -10.426024
v 17.098831 8.945063 -6.048028
v 17.130898 8.833198 -5.974654
v 17.098831 8.721333 -6.048027
v 17.291384 8.951072 -6.068850
v 17.335318 8.833198 -5.993999
v 17.291384 8.715324 -6.068850
v 17.403442 8.945063 -6.226815
v 17.451872 8.833198 -6.163045
v 17.403442 8.721333 -6.226815
v 16.598570 8.482776 -7.705978
v 16.853695 8.529333 -7.217467
v 17.088655 8.571857 -6.767546
v 16.405733 8.460192 -7.576756
v 16.683681 8.507765 -7.103894
v 16.948095 8.553017 -6.653689
v 16.198290 8.482776 -7.471038
v 16.501455 8.529333 -7.010725
v 16.780136 8.571857 -6.586464
v 16.169724 9.142616 -7.519710
v 16.493248 9.125280 -7.024710
v 16.779110 9.093065 -6.588213
v 16.374613 9.161533 -7.629778
v 16.674643 9.145658 -7.119292
v 16.946966 9.111757 -6.655614
v 16.570004 9.142616 -7.754649
v 16.845486 9.125281 -7.231452
v 17.087629 9.093065 -6.769294
v 15.933551 8.681908 -7.316616
v 16.267374 8.702501 -6.873647
v 16.579018 8.719730 -6.468459
v 15.907926 8.828369 -7.292278
v 16.243414 8.831625 -6.847993
v 16.566977 8.833001 -6.430310
v 15.923157 8.968363 -7.334325
v 16.264147 8.958871 -6.879145
v 16.578613 8.946037 -6.469146
v 13.158937 8.945063 -13.458424
v 13.125899 8.833198 -13.533452
v 13.158937 8.721333 -13.458424
v 12.965412 8.951072 -13.439257
v 12.920419 8.833198 -13.515915
v 12.965412 8.715324 -13.439257
v 12.854325 8.945063 -13.279636
v 12.804926 8.833198 -13.345060
v 12.854326 8.721333 -13.279636
v 14.340988 8.681908 -12.152524
v 14.003143 8.702501 -12.608573
v 13.686259 8.719730 -13.024886
v 14.366266 8.828369 -12.176672
v 14.026899 8.831625 -12.634318
v 13.697962 8.833001 -13.063579
v 14.351956 8.968363 -12.133837
v 14.006548 8.958871 -12.602771
v 13.686685 8.946037 -13.024161
v 13.425352 8.968363 -11.589978
v 13.187048 8.958870 -12.121775
v 12.976040 8.946037 -12.607057
v 13.380635 8.828370 -11.598168
v 13.149471 8.831625 -12.119322
v 12.936113 8.833001 -12.616421
v 13.414385 8.681908 -11.608665
v 13.183642 8.702500 -12.127577
v 12.975615 8.719730 -12.607782
v 13.678259 8.482776 -11.764560
v 13.417443 8.529333 -12.265135
v 13.176699 8.571857 -12.725847
v 13.871530 8.460192 -11.894424
v 13.587486 8.507765 -12.379059
v 13.316950 8.553017 -12.840280
v 14.078540 8.482776 -11.999500
v 13.769682 8.529333 -12.471877
v 13.485218 8.571857 -12.906929
v 14.566559 0.652120 -11.107492
v 14.567700 0.271830 -11.089889
v 14.574306 0.052847 -11.043431
v 14.357273 0.638539 -11.036227
v 14.362337 0.263327 -11.023763
v 14.381613 0.039787 -10.980667
v 14.148411 0.602946 -10.917253
v 14.151872 0.249584 -10.915669
v 14.174931 0.032700 -10.877631
v 14.234951 0.421980 -9.884004
v 14.073415 0.336153 -9.817972
v 13.935255 0.292197 -9.790973
v 14.250430 0.199988 -9.865431
v 14.087494 0.175426 -9.793223
v 13.943820 0.164962 -9.764684
v 14.233772 0.026501 -9.896916
v 14.073306 0.028799 -9.822005
v 13.935241 0.039490 -9.791477
v 15.191827 3.980721 -10.707891
v 15.142635 3.027133 -10.707067
v 15.124446 2.071255 -10.707710
v 15.112441 3.964817 -10.910692
v 15.073476 3.022630 -10.893781
v 15.059162 2.070690 -10.887898
v 14.979250 3.998871 -11.070069
v 14.945678 3.032768 -11.042636
v 14.933857 2.071959 -11.032428
v 15.701781 4.028046 -8.312644
v 15.710376 3.026613 -8.323932
v 15.703974 2.027976 -8.314477
v 15.916903 4.012638 -8.408878
v 15.912793 3.031299 -8.411505
v 15.908210 2.057470 -8.408149
v 16.104645 4.029791 -8.549585
v 16.083282 3.040578 -8.546687
v 16.074364 2.071147 -8.544765
v 14.674404 3.978159 -10.063046
v 14.659495 3.012279 -10.114377
v 14.644993 2.026183 -10.118724
v 14.893181 3.958292 -10.153053
v 14.863619 3.015515 -10.199043
v 14.849980 2.055497 -10.211115
v 15.077256 3.979905 -10.300007
v 15.032309 3.026244 -10.337292
v 15.015072 2.069355 -10.349543
v 15.638500 3.979905 -9.343782
v 15.648907 3.026244 -9.286757
v 15.651119 2.069355 -9.265871
v 15.421187 3.958292 -9.253459
v 15.446806 3.015516 -9.205434
v 15.450713 2.055497 -9.187613
v 15.235213 3.978160 -9.107563
v 15.272611 3.012280 -9.069777
v 15.269473 2.026183 -9.054761
v 14.046374 3.997894 -10.523041
v 14.075998 3.024957 -10.536284
v 14.054950 2.052493 -10.529135
v 14.120497 3.964871 -10.328482
v 14.145534 3.023069 -10.349136
v 14.126638 2.079407 -10.340565
v 14.259398 3.979745 -10.160101
v 14.276533 3.019322 -10.194623
v 14.256515 2.051788 -10.185718
v 14.587151 4.029791 -11.135028
v 14.574437 3.040578 -11.117393
v 14.568492 2.071147 -11.110407
v 14.372030 4.012638 -11.040967
v 14.372441 3.031299 -11.035891
v 14.367260 2.057470 -11.033553
v 14.183851 4.028047 -10.898829
v 14.198048 3.026614 -10.900573
v 14.186534 2.027976 -10.899826
v 14.491307 -0.168156 -10.338885
v 14.397305 -0.192433 -10.499789
v 14.302650 -0.168156 -10.660311
v 14.686042 -0.155802 -10.461379
v 14.597894 -0.179256 -10.617522
v 14.504541 -0.155802 -10.770612
v 14.848053 -0.122827 -10.574787
v 14.773806 -0.143568 -10.720772
v 14.682546 -0.122826 -10.856771
v 15.759018 -0.122828 -9.022723
v 15.845942 -0.143568 -8.894111
v 15.915854 -0.122828 -8.755512
v 15.581433 -0.155803 -8.935849
v 15.670031 -0.179255 -8.790861
v 15.753424 -0.155803 -8.642818
v 15.379730 -0.168155 -8.825230
v 15.469441 -0.192432 -8.673127
v 15.558502 -0.168155 -8.520644
v 15.650323 0.652120 -9.261022
v 15.651046 0.271830 -9.244129
v 15.656500 0.052847 -9.199634
v 15.442217 0.638539 -9.187747
v 15.446928 0.263327 -9.175883
v 15.464958 0.039787 -9.134908
v 15.233438 0.602946 -9.068631
v 15.236815 0.249584 -9.067188
v 15.258695 0.032700 -9.031159
v 16.186354 0.654022 -8.889153
v 16.167717 0.272744 -8.885983
v 16.119438 0.053729 -8.875004
v 16.126930 0.653757 -9.059033
v 16.110668 0.270636 -9.049488
v 16.066620 0.046837 -9.023635
v 16.007580 0.654022 -9.193739
v 15.995726 0.272744 -9.179013
v 15.962603 0.053730 -9.142215
v 15.699692 0.602945 -8.274247
v 15.700079 0.249584 -8.277900
v 15.679290 0.032701 -8.314568
v 15.905481 0.638540 -8.398458
v 15.897420 0.263327 -8.408355
v 15.870435 0.039787 -8.444075
v 16.070919 0.652121 -8.544430
v 16.056522 0.271831 -8.553296
v 16.020332 0.052848 -8.579752
v 15.119159 0.654022 -10.707395
v 15.100334 0.272744 -10.704543
v 15.051638 0.053729 -10.694279
v 15.054793 0.653757 -10.885695
v 15.038531 0.270636 -10.876149
v 14.994483 0.046837 -10.850296
v 14.930502 0.654022 -11.028820
v 14.918834 0.272744 -11.013775
v 14.886130 0.053730 -10.976263
v 14.640444 0.602946 -10.078948
v 14.640749 0.249584 -10.082742
v 14.618779 0.032701 -10.121420
v 14.846150 0.638540 -10.203300
v 14.837736 0.263327 -10.213799
v 14.809507 0.039787 -10.251638
v 15.010408 0.652121 -10.351281
v 14.995595 0.271831 -10.360860
v 14.958253 0.052848 -10.389277
v 13.873877 0.791131 -10.421218
v 13.756962 0.567941 -10.335925
v 13.660077 0.460413 -10.257157
v 13.962143 0.837600 -10.244376
v 13.844585 0.598741 -10.175377
v 13.737375 0.482073 -10.112452
v 14.073509 0.791129 -10.081093
v 13.942039 0.567942 -10.020599
v 13.826032 0.460414 -9.974412
v 13.535970 0.286866 -10.182631
v 13.515796 0.163467 -10.180911
v 13.535970 0.040069 -10.182631
v 13.602456 0.293495 -10.033262
v 13.585257 0.163468 -10.023168
v 13.602456 0.033441 -10.033262
v 13.700455 0.286866 -9.902389
v 13.689116 0.163468 -9.885614
v 13.700455 0.040070 -9.902389
v 14.612415 0.286865 -8.348629
v 14.592473 0.163467 -8.346514
v 14.612415 0.040069 -8.348629
v 14.674593 0.293494 -8.206601
v 14.657394 0.163468 -8.196507
v 14.674593 0.033441 -8.206601
v 14.768283 0.286865 -8.083069
v 14.756713 0.163468 -8.066689
v 14.768283 0.040070 -8.083069
v 15.174179 -0.168157 -8.295070
v 15.018628 -0.155803 -8.211538
v 14.894983 -0.122828 -8.156324
v 15.084591 -0.192432 -8.447245
v 14.931022 -0.179256 -8.357109
v 14.811300 -0.143568 -8.286839
v 14.995406 -0.168154 -8.599655
v 14.846637 -0.155803 -8.504569
v 14.738148 -0.122827 -8.423535
v 14.106984 -0.168157 -10.113311
v 13.951245 -0.155803 -10.030099
v 13.827183 -0.122828 -9.975599
v 14.012454 -0.192432 -10.273906
v 13.858885 -0.179257 -10.183770
v 13.739162 -0.143568 -10.113501
v 13.918327 -0.168154 -10.434736
v 13.769745 -0.155803 -10.339332
v 13.661674 -0.122827 -10.257584
v 14.874939 0.026502 -8.804523
v 14.730859 0.028798 -8.701695
v 14.635736 0.039489 -8.598003
v 14.856514 0.199989 -8.832810
v 14.713496 0.175425 -8.726669
v 14.617254 0.164963 -8.617315
v 14.864551 0.421980 -8.811318
v 14.727485 0.336153 -8.703596
v 14.635315 0.292197 -8.598241
v 13.791209 0.026502 -10.650937
v 13.647570 0.028798 -10.547358
v 13.553602 0.039489 -10.441697
v 13.771839 0.199989 -10.680832
v 13.629357 0.175425 -10.573778
v 13.534391 0.164963 -10.462251
v 13.780509 0.421980 -10.658262
v 13.644101 0.336153 -10.549419
v 13.553168 0.292198 -10.441956
v 15.295183 0.421980 -8.077624
v 15.134306 0.336153 -8.010472
v 14.997382 0.292197 -7.981364
v 15.310030 0.199988 -8.060129
v 15.147630 0.175426 -7.987010
v 15.005232 0.164962 -7.956296
v 15.294315 0.026501 -8.090008
v 15.134291 0.028799 -8.014345
v 14.997380 0.039490 -7.981849
v 14.951243 0.791130 -8.585646
v 14.833947 0.567941 -8.501003
v 14.736562 0.460413 -8.423090
v 15.034281 0.837600 -8.417715
v 14.916722 0.598741 -8.348716
v 14.809513 0.482072 -8.285790
v 15.140416 0.791129 -8.263341
v 15.009328 0.567942 -8.202198
v 14.893822 0.460413 -8.155157
vn 0.2049 0.5818 -0.7871
vn 0.2048 -0.5830 -0.7862
vn 0.7871 0.5818 0.2049
vn 0.7862 -0.5832 0.2045
vn -0.7871 0.5818 -0.2049
vn -0.7861 -0.5833 -0.2044
vn -0.2049 0.5818 0.7871
vn -0.2047 -0.5835 0.7859
vn -0.2463 -0.2102 0.9461
vn 0.9461 -0.2102 0.2463
vn 0.2463 -0.2102 -0.9461
vn -0.9461 -0.2102 -0.2463
vn -0.1055 0.9263 0.3618
vn 0.3572 0.9301 0.0859
vn 0.0999 0.9323 -0.3476
vn -0.3622 0.9286 -0.0805
vn -0.5129 -0.0095 -0.8584
vn -0.5738 0.7442 0.3418
vn -0.5781 0.7442 0.3344
vn -0.4997 -0.0095 -0.8662
vn -0.9024 -0.3742 -0.2138
vn 0.2404 -0.3834 -0.8918
vn 0.8984 -0.3845 0.2124
vn -0.2653 -0.3752 0.8882
vn 0.2257 0.9141 -0.3368
vn -0.4117 0.9104 0.0416
vn -0.5008 -0.0028 -0.8655
vn -0.5118 -0.0028 -0.8591
vn 0.0109 -0.1703 -0.9853
vn -0.8725 -0.1656 -0.4596
vn -0.2353 0.9092 0.3434
vn 0.4070 0.9130 -0.0292
vn 0.5009 -0.0027 0.8655
vn 0.5112 -0.0027 0.8594
vn -0.0051 -0.1610 0.9869
vn 0.8571 -0.1654 0.4878
vn 0.5519 0.7706 -0.3187
vn 0.5474 0.7706 -0.3264
vn 0.7270 0.6739 0.1318
vn 0.8647 -0.0043 -0.5023
vn 0.8602 -0.0043 -0.5099
vn 0.2551 0.6819 -0.6855
vn 0.6184 -0.6979 -0.3612
vn 0.6169 -0.6979 -0.3638
vn 0.3183 -0.0045 -0.9480
vn 0.2802 -0.5885 -0.7584
vn 0.9782 -0.0044 0.2076
vn 0.8013 -0.5799 0.1472
vn -0.8644 -0.0039 0.5028
vn -0.8603 -0.0039 0.5097
vn -0.6425 -0.6679 0.3756
vn -0.6412 -0.6679 0.3779
vn -0.9894 -0.0043 -0.1451
vn -0.7447 0.6624 -0.0815
vn -0.8183 -0.5674 -0.0924
vn -0.2764 0.6550 0.7033
vn -0.3336 -0.0042 0.9427
vn -0.3005 -0.5596 0.7724
vn 0.4997 -0.0093 0.8662
vn 0.5123 -0.0093 0.8587
vn 0.8602 -0.0000 -0.5099
vn 0.8647 -0.0000 -0.5023
vn 0.3184 -0.0000 -0.9479
vn 0.9782 -0.0000 0.2075
vn -0.8644 -0.0000 0.5028
vn -0.8603 -0.0000 0.5097
vn -0.9895 -0.0000 -0.1449
vn -0.3337 -0.0000 0.9427
vn -0.6875 -0.7174 -0.1127
vn 0.6832 -0.7177 0.1346
vn 0.8647 0.0065 -0.5023
vn 0.9807 0.0039 0.1955
vn -0.8644 0.0060 0.5028
vn -0.9912 0.0037 -0.1325
vn 0.2216 -0.7208 -0.6567
vn -0.2308 -0.7144 0.6606
vn 0.8602 0.0065 -0.5099
vn 0.3299 0.0040 -0.9440
vn -0.8603 0.0060 0.5097
vn -0.3457 0.0036 0.9383
vn -0.3675 0.8214 0.4361
vn 0.5599 0.8215 -0.1081
vn 0.5622 -0.8201 -0.1066
vn -0.3674 -0.8201 0.4388
vn 0.3703 0.8222 -0.4323
vn -0.5580 0.8221 0.1127
vn -0.5604 -0.8207 0.1113
vn 0.3701 -0.8208 -0.4350
vn -0.9507 -0.0039 -0.3101
vn 0.0249 0.1522 -0.9880
vn 0.8830 0.1564 0.4426
vn -0.2162 -0.0039 0.9763
vn 0.0437 0.1568 -0.9867
vn -0.9577 -0.0031 -0.2879
vn -0.1920 -0.0031 0.9814
vn 0.8746 0.1526 0.4603
vn -0.7139 -0.6593 -0.2357
vn -0.3270 -0.7649 -0.5549
vn 0.3159 -0.7798 0.5405
vn -0.1600 -0.6697 0.7252
vn -0.3179 -0.7798 -0.5393
vn -0.7112 -0.6697 -0.2139
vn -0.1423 -0.6593 0.7383
vn 0.3251 -0.7649 0.5560
vn 0.3724 0.5670 -0.7347
vn 0.8230 0.5671 0.0331
vn 0.8264 0.5605 0.0541
vn 0.3557 0.5605 -0.7479
vn 0.3457 -0.5949 -0.7256
vn 0.8021 -0.5949 0.0519
vn 0.8057 -0.5879 0.0729
vn 0.3292 -0.5879 -0.7390
vn -0.7863 -0.5830 -0.2045
vn -0.2047 -0.5832 0.7861
vn 0.2048 -0.5833 -0.7860
vn 0.7860 -0.5835 0.2044
vn 0.3673 0.9263 0.0843
vn -0.0991 0.9301 0.3538
vn -0.3522 0.9323 -0.0822
vn 0.1063 0.9286 -0.3555
vn -0.4994 -0.0095 -0.8663
vn 0.5782 0.7442 -0.3343
vn 0.5739 0.7442 -0.3417
vn -0.5126 -0.0095 -0.8586
vn 0.2532 -0.3742 -0.8921
vn -0.8958 -0.3834 -0.2249
vn -0.2525 -0.3845 0.8879
vn 0.9048 -0.3752 0.2014
vn -0.4041 0.9141 0.0329
vn 0.2370 0.9104 -0.3392
vn -0.5115 -0.0028 -0.8593
vn -0.5006 -0.0028 -0.8657
vn -0.8656 -0.1703 -0.4709
vn 0.0241 -0.1656 -0.9859
vn 0.4145 0.9092 -0.0380
vn -0.2239 0.9130 0.3411
vn 0.5115 -0.0027 0.8593
vn 0.5011 -0.0027 0.8654
vn 0.8642 -0.1610 0.4767
vn 0.0080 -0.1654 0.9862
vn -0.5474 0.7706 0.3265
vn -0.5519 0.7706 0.3189
vn -0.2394 0.6739 0.6990
vn -0.8601 -0.0043 0.5100
vn -0.8646 -0.0043 0.5024
vn -0.7229 0.6819 -0.1115
vn -0.6169 -0.6979 0.3638
vn -0.6184 -0.6979 0.3612
vn -0.9829 -0.0045 -0.1843
vn -0.7988 -0.5885 -0.1251
vn -0.2956 -0.0044 0.9553
vn -0.2622 -0.5799 0.7713
vn 0.8604 -0.0039 -0.5096
vn 0.8645 -0.0039 -0.5026
vn 0.6412 -0.6679 -0.3779
vn 0.6426 -0.6679 -0.3755
vn 0.3557 -0.0043 -0.9346
vn 0.2919 0.6624 -0.6899
vn 0.3183 -0.5674 -0.7595
vn 0.7488 0.6550 0.1015
vn 0.9857 -0.0042 0.1684
vn 0.8209 -0.5596 0.1142
vn 0.5126 -0.0093 0.8586
vn 0.5000 -0.0093 0.8660
vn -0.8646 -0.0000 0.5024
vn -0.8601 -0.0000 0.5101
vn -0.9829 -0.0000 -0.1842
vn -0.2957 -0.0000 0.9553
vn 0.8604 -0.0000 -0.5096
vn 0.8645 -0.0000 -0.5026
vn 0.3559 -0.0000 -0.9345
vn 0.9858 -0.0000 0.1682
vn 0.2368 -0.7174 -0.6552
vn -0.2155 -0.7177 0.6621
vn -0.8601 0.0065 0.5100
vn -0.3074 0.0039 0.9516
vn 0.8604 0.0060 -0.5096
vn 0.3676 0.0037 -0.9300
vn -0.6814 -0.7208 -0.1267
vn 0.6893 -0.7144 0.1206
vn -0.8646 0.0065 0.5024
vn -0.9850 0.0040 -0.1722
vn 0.8645 0.0060 -0.5026
vn 0.9878 0.0036 0.1556
vn 0.5599 0.8214 -0.1083
vn -0.3674 0.8215 0.4361
vn -0.3672 -0.8201 0.4389
vn 0.5622 -0.8201 -0.1068
vn -0.5580 0.8222 0.1125
vn 0.3705 0.8221 -0.4323
vn 0.3703 -0.8207 -0.4350
vn -0.5603 -0.8208 0.1111
vn 0.1928 -0.0039 -0.9812
vn -0.8748 0.1522 -0.4600
vn -0.0441 0.1564 0.9867
vn 0.9579 -0.0039 0.2872
vn -0.8827 0.1568 -0.4429
vn 0.2155 -0.0031 -0.9765
vn 0.9505 -0.0031 0.3108
vn -0.0245 0.1526 0.9880
vn 0.1423 -0.6593 -0.7383
vn -0.3251 -0.7649 -0.5560
vn 0.3179 -0.7798 0.5393
vn 0.7112 -0.6697 0.2139
vn -0.3159 -0.7798 -0.5405
vn 0.1600 -0.6697 -0.7252
vn 0.7139 -0.6593 0.2357
vn 0.3270 -0.7649 0.5549
vn -0.8230 0.5671 -0.0331
vn -0.3724 0.5671 0.7347
vn -0.3557 0.5605 0.7479
vn -0.8264 0.5605 -0.0541
vn -0.8021 -0.5949 -0.0519
vn -0.3457 -0.5949 0.7256
vn -0.3292 -0.5879 0.7390
vn -0.8057 -0.5879 -0.0729
vn 0.6102 0.6738 0.4166
vn 0.3566 0.7097 0.6076
vn 0.0663 0.6738 0.7359
vn 0.1633 -0.2076 0.9645
vn 0.4954 -0.2055 0.8440
vn 0.7625 -0.2076 0.6128
vn 0.9044 0.3558 0.2354
vn 0.9582 0.1404 0.2494
vn 0.9671 -0.0369 0.2517
vn 0.4166 0.6738 -0.6102
vn 0.6076 0.7097 -0.3566
vn 0.7359 0.6738 -0.0663
vn 0.9645 -0.2076 -0.1633
vn 0.8440 -0.2055 -0.4954
vn 0.6128 -0.2076 -0.7625
vn 0.2354 0.3558 -0.9044
vn 0.2494 0.1404 -0.9582
vn 0.2517 -0.0369 -0.9671
vn -0.6102 0.6738 -0.4166
vn -0.3566 0.7097 -0.6076
vn -0.0663 0.6738 -0.7359
vn -0.1633 -0.2076 -0.9645
vn -0.4954 -0.2055 -0.8440
vn -0.7625 -0.2076 -0.6128
vn -0.9044 0.3558 -0.2354
vn -0.9582 0.1404 -0.2494
vn -0.9671 -0.0369 -0.2517
vn -0.4166 0.6738 0.6102
vn -0.6076 0.7097 0.3566
vn -0.7359 0.6738 0.0663
vn -0.2517 -0.0369 0.9671
vn -0.2494 0.1404 0.9582
vn -0.2354 0.3558 0.9044
vn -0.9645 -0.2076 0.1633
vn -0.8440 -0.2055 0.4954
vn -0.6128 -0.2076 0.7625
vn 0.1378 -0.5755 0.8061
vn 0.4159 -0.5701 0.7086
vn 0.6367 -0.5754 0.5134
vn 0.8058 -0.5760 -0.1379
vn 0.7081 -0.5709 -0.4156
vn 0.5133 -0.5759 -0.6363
vn -0.1378 -0.5750 -0.8064
vn -0.4160 -0.5696 -0.7088
vn -0.6369 -0.5751 -0.5134
vn -0.8054 -0.5764 0.1379
vn -0.7077 -0.5715 0.4154
vn -0.5130 -0.5765 0.6360
vn -0.2268 -0.4355 0.8712
vn -0.1889 -0.6616 0.7257
vn -0.1685 -0.7435 0.6472
vn 0.6472 -0.7435 0.1685
vn 0.7257 -0.6616 0.1889
vn 0.8712 -0.4355 0.2268
vn 0.1685 -0.7435 -0.6472
vn 0.1889 -0.6616 -0.7257
vn 0.2268 -0.4355 -0.8712
vn -0.6472 -0.7435 -0.1685
vn -0.7257 -0.6616 -0.1889
vn -0.8712 -0.4355 -0.2268
vn 0.0942 0.8976 0.4307
vn 0.2366 0.8839 0.4034
vn 0.3278 0.8984 0.2923
vn 0.4561 0.8831 -0.1101
vn 0.4374 0.8619 -0.2566
vn 0.3185 0.8837 -0.3429
vn -0.0905 0.9047 -0.4162
vn -0.2288 0.8921 -0.3896
vn -0.3216 0.9040 -0.2819
vn -0.4757 0.8714 0.1195
vn -0.4610 0.8451 0.2707
vn -0.3363 0.8707 0.3588
vn -0.9469 -0.2091 -0.2443
vn -0.9477 0.2114 -0.2389
vn -0.7502 0.6366 -0.1787
vn -0.2079 0.6291 0.7490
vn -0.2521 0.2049 0.9457
vn -0.2477 -0.2114 0.9455
vn 0.9468 -0.2082 0.2455
vn 0.9460 0.2145 0.2429
vn 0.7447 0.6408 0.1868
vn 0.2019 0.6481 -0.7343
vn 0.2505 0.2210 -0.9426
vn 0.2478 -0.2059 -0.9467
vn 0.1362 0.9881 0.0719
vn 0.0923 0.9942 0.0555
vn 0.1583 0.9866 0.0406
vn 0.7570 -0.6513 -0.0534
vn 0.5301 -0.8299 -0.1741
vn 0.4574 -0.8559 -0.2413
vn 0.0056 0.9888 -0.1493
vn -0.0018 0.9946 -0.1041
vn 0.0436 0.9871 -0.1540
vn -0.3155 0.9287 0.1950
vn -0.1627 0.9789 0.1234
vn -0.1149 0.9815 0.1532
vn 0.1063 0.9837 -0.1448
vn 0.1501 0.9820 -0.1149
vn 0.2928 0.9388 -0.1814
vn -0.1884 0.9817 0.0270
vn -0.1867 0.9790 0.0824
vn -0.3239 0.9287 0.1805
vn -0.4622 -0.8351 0.2982
vn -0.4369 -0.8099 0.3914
vn -0.4379 -0.6308 0.6406
vn 0.7400 -0.6080 0.2877
vn 0.7635 -0.5327 0.3651
vn 0.8277 -0.3587 0.4314
vn -0.7146 -0.2845 -0.6391
vn -0.4887 -0.2657 -0.8310
vn -0.2143 -0.2852 -0.9342
vn 0.0963 -0.7465 -0.6584
vn 0.2521 -0.9562 -0.1486
vn 0.6227 -0.7473 0.2318
vn 0.7166 -0.2871 0.6357
vn 0.4871 -0.2671 0.8315
vn 0.2009 -0.2863 0.9368
vn -0.1144 -0.7411 0.6616
vn -0.2623 -0.9527 0.1533
vn -0.6325 -0.7403 -0.2278
vn -0.8497 -0.0045 -0.5272
vn -0.6634 -0.0044 -0.7482
vn -0.5509 -0.0038 -0.8346
vn -0.8466 -0.3585 -0.3934
vn -0.7832 -0.5320 -0.3219
vn -0.7605 -0.6036 -0.2396
vn 0.4096 -0.6505 -0.6396
vn 0.4086 -0.8298 -0.3801
vn 0.4333 -0.8559 -0.2822
vn 0.1276 -0.6188 -0.7751
vn 0.0720 -0.5447 -0.8356
vn 0.0462 -0.3684 -0.9285
vn 0.0886 0.9905 -0.1050
vn -0.0124 0.9997 -0.0209
vn -0.1363 0.9903 0.0276
vn -0.5058 -0.0018 -0.8627
vn -0.5062 -0.0013 -0.8624
vn -0.5066 -0.0018 -0.8622
vn -0.5014 -0.0000 -0.8652
vn -0.9150 -0.3780 0.1413
vn -0.9739 0.0521 0.2208
vn -0.8238 0.5396 0.1737
vn -0.3323 -0.0429 -0.9422
vn -0.5065 -0.0219 -0.8620
vn -0.6632 -0.0428 -0.7472
vn -0.5177 -0.0223 -0.8553
vn -0.5470 -0.0662 -0.8345
vn -0.6529 -0.1213 -0.7477
vn -0.3415 -0.1221 -0.9319
vn -0.4637 -0.0663 -0.8835
vn -0.4949 -0.0223 -0.8687
vn -0.1596 0.9866 -0.0342
vn -0.0918 0.9945 -0.0512
vn -0.1363 0.9884 -0.0667
vn -0.4860 -0.8351 0.2576
vn -0.5557 -0.8098 0.1880
vn -0.7740 -0.6302 0.0624
vn -0.9752 -0.1902 0.1133
vn -0.8573 -0.1951 0.4764
vn -0.6570 -0.2287 0.7184
vn 0.5646 -0.2016 -0.8004
vn 0.8308 -0.2088 -0.5159
vn 0.9459 -0.2420 -0.2161
vn -0.0782 -0.0046 -0.9969
vn -0.3428 -0.0044 -0.9394
vn -0.4630 -0.0038 -0.8864
vn -0.0899 0.9902 0.1069
vn 0.0126 0.9997 0.0217
vn 0.1358 0.9904 -0.0249
vn 0.5058 -0.0017 0.8627
vn 0.5062 -0.0013 0.8624
vn 0.5066 -0.0017 0.8622
vn 0.5014 -0.0000 0.8652
vn 0.9173 -0.3823 -0.1112
vn 0.9802 0.0540 -0.1907
vn 0.8237 0.5474 -0.1476
vn 0.3381 -0.0407 0.9402
vn 0.5057 -0.0208 0.8625
vn 0.6536 -0.0407 0.7558
vn 0.3434 -0.1154 0.9321
vn 0.4643 -0.0628 0.8834
vn 0.4950 -0.0212 0.8686
vn 0.5166 -0.0212 0.8560
vn 0.5434 -0.0629 0.8371
vn 0.6409 -0.1161 0.7588
vn 0.1215 0.8742 -0.4701
vn 0.0564 0.8191 -0.5709
vn 0.0971 0.7622 -0.6400
vn 0.9761 -0.1999 -0.0851
vn 0.8563 -0.2083 -0.4726
vn 0.6416 -0.2416 -0.7280
vn -0.0061 0.9877 0.1562
vn 0.0017 0.9941 0.1087
vn -0.0462 0.9860 0.1600
vn -0.5603 -0.1886 0.8066
vn -0.8332 -0.1947 0.5175
vn -0.9501 -0.2283 0.2127
vn -0.0497 -0.3493 0.9357
vn -0.0819 -0.5206 0.8498
vn -0.1432 -0.5935 0.7920
vn 0.5511 0.7695 -0.3229
vn 0.5514 0.7689 -0.3236
vn 0.5506 0.7695 -0.3237
vn 0.5663 0.7707 -0.2920
vn 0.6082 0.7648 -0.2124
vn 0.6730 0.7369 -0.0633
vn 0.8624 -0.0043 -0.5062
vn 0.5317 0.7708 -0.3509
vn 0.4850 0.7654 -0.4230
vn 0.3920 0.7398 -0.5468
vn 0.8634 0.0552 -0.5016
vn 0.8479 0.1960 -0.4926
vn 0.7673 0.4614 -0.4455
vn 0.6119 -0.7035 -0.3616
vn 0.6108 -0.7059 -0.3585
vn 0.6140 -0.7035 -0.3580
vn 0.8640 -0.0395 -0.5020
vn 0.8547 -0.1514 -0.4966
vn 0.7968 -0.3886 -0.4627
vn 0.7925 -0.3886 -0.4700
vn 0.8503 -0.1514 -0.5040
vn 0.8596 -0.0395 -0.5095
vn 0.3184 -0.0000 -0.9480
vn 0.3029 -0.3648 -0.8804
vn 0.3147 -0.1583 -0.9359
vn 0.3177 -0.0421 -0.9473
vn 0.4438 -0.6547 -0.6119
vn 0.5529 -0.6829 -0.4774
vn 0.6043 -0.6920 -0.3949
vn 0.6373 -0.0042 -0.7706
vn 0.7857 -0.0042 -0.6185
vn 0.8429 -0.0043 -0.5380
vn 0.9801 0.0554 0.1908
vn 0.9620 0.2012 0.1845
vn 0.8845 0.4356 0.1673
vn 0.9773 -0.0411 0.2076
vn 0.9666 -0.1547 0.2043
vn 0.9150 -0.3576 0.1869
vn 0.9863 -0.0042 -0.1648
vn 0.9256 -0.0042 -0.3786
vn 0.8814 -0.0043 -0.4723
vn 0.7548 -0.6516 -0.0754
vn 0.6889 -0.6824 -0.2445
vn 0.6401 -0.6920 -0.3339
vn 0.1796 0.9835 -0.0209
vn 0.1738 0.9820 -0.0745
vn 0.3012 0.9388 -0.1670
vn 0.4764 0.8692 0.1321
vn 0.5331 0.8103 0.2433
vn 0.6112 0.7526 0.2450
vn 0.8213 -0.0044 0.5705
vn 0.6461 -0.0042 0.7633
vn 0.5460 -0.0036 0.8378
vn -0.5775 0.7429 0.3384
vn -0.5779 0.7423 0.3392
vn -0.5770 0.7429 0.3393
vn -0.8624 -0.0039 0.5062
vn -0.8633 0.0504 0.5021
vn -0.8503 0.1799 0.4946
vn -0.7801 0.4310 0.4535
vn -0.6361 -0.6739 0.3757
vn -0.6351 -0.6765 0.3728
vn -0.6382 -0.6739 0.3722
vn -0.8638 -0.0361 0.5025
vn -0.8560 -0.1387 0.4980
vn -0.8063 -0.3609 0.4687
vn -0.8023 -0.3609 0.4755
vn -0.8521 -0.1387 0.5047
vn -0.8598 -0.0361 0.5094
vn -0.9903 0.0537 -0.1282
vn -0.9728 0.1957 -0.1237
vn -0.8980 0.4257 -0.1113
vn -0.9885 -0.0400 -0.1456
vn -0.9781 -0.1506 -0.1435
vn -0.9282 -0.3490 -0.1292
vn -0.6900 0.7169 0.1000
vn -0.6294 0.7402 0.2365
vn -0.5911 0.7448 0.3096
vn -0.9783 -0.0039 0.2073
vn -0.9186 -0.0038 0.3951
vn -0.8792 -0.0039 0.4765
vn -0.7693 -0.6283 0.1153
vn -0.7074 -0.6534 0.2695
vn -0.6626 -0.6617 0.3507
vn -0.3200 -0.3424 0.8834
vn -0.3302 -0.1474 0.9323
vn -0.3329 -0.0391 0.9421
vn -0.5578 0.7448 0.3663
vn -0.5103 0.7397 0.4386
vn -0.4154 0.7142 0.5633
vn -0.4662 -0.6256 0.6256
vn -0.5768 -0.6529 0.4909
vn -0.6286 -0.6617 0.4087
vn -0.8439 -0.0039 0.5364
vn -0.7893 -0.0038 0.6140
vn -0.6465 -0.0039 0.7629
vn -0.6269 0.7517 -0.2049
vn -0.5425 0.8129 -0.2120
vn -0.4824 0.8691 -0.1093
vn 0.4625 -0.0036 0.8866
vn 0.3391 -0.0042 0.9408
vn 0.0664 -0.0043 0.9978
vn -0.1352 0.8643 0.4845
vn -0.0705 0.8043 0.5900
vn -0.1137 0.7425 0.6602
vn -0.1555 -0.5915 -0.7912
vn -0.3975 -0.3010 -0.8668
vn -0.4824 -0.0866 -0.8717
vn -0.5112 -0.0000 -0.8594
vn 0.1517 -0.5841 0.7974
vn 0.3968 -0.2953 0.8691
vn 0.4822 -0.0846 0.8720
vn 0.5107 -0.0000 0.8597
vn 0.3249 -0.0024 -0.9457
vn 0.3210 -0.0014 -0.9471
vn 0.3190 -0.0004 -0.9478
vn 0.9782 -0.0000 0.2076
vn -0.9894 -0.0000 -0.1449
vn -0.3405 -0.0024 0.9402
vn -0.3364 -0.0014 0.9417
vn -0.3343 -0.0004 0.9425
vn 0.4610 -0.0054 0.8874
vn 0.3378 -0.0022 0.9412
vn 0.0658 -0.0005 0.9978
vn -0.8439 -0.0000 0.5365
vn -0.7893 -0.0000 0.6141
vn -0.6465 -0.0000 0.7629
vn -0.8624 -0.0000 0.5062
vn -0.8792 -0.0000 0.4765
vn -0.9186 -0.0000 0.3951
vn -0.9783 -0.0000 0.2073
vn 0.5474 -0.0054 0.8369
vn 0.6470 -0.0022 0.7624
vn 0.8216 -0.0005 0.5701
vn 0.8429 -0.0000 -0.5380
vn 0.7857 -0.0000 -0.6186
vn 0.6373 -0.0000 -0.7706
vn 0.8814 -0.0000 -0.4723
vn 0.9256 -0.0000 -0.3785
vn 0.9863 -0.0000 -0.1648
vn 0.8624 -0.0000 -0.5062
vn 0.5052 -0.0123 0.8629
vn 0.5061 -0.0135 0.8623
vn 0.5071 -0.0123 0.8618
vn -0.4615 -0.0056 -0.8871
vn -0.3416 -0.0023 -0.9398
vn -0.0777 -0.0005 -0.9970
vn -0.5052 -0.0126 -0.8629
vn -0.5061 -0.0138 -0.8623
vn -0.5071 -0.0126 -0.8618
vn -0.5524 -0.0056 -0.8336
vn -0.6645 -0.0023 -0.7473
vn -0.8500 -0.0005 -0.5267
vn -0.5268 -0.0866 -0.8456
vn -0.5661 -0.3013 -0.7673
vn -0.6220 -0.5912 -0.5134
vn 0.5253 -0.0846 0.8467
vn 0.5622 -0.2950 0.7726
vn 0.6153 -0.5842 0.5292
vn 0.9784 -0.0004 0.2069
vn 0.9788 -0.0014 0.2049
vn 0.9796 -0.0024 0.2008
vn -0.9895 -0.0004 -0.1443
vn -0.9899 -0.0014 -0.1421
vn -0.9905 -0.0024 -0.1378
vn 0.5350 0.5498 -0.6415
vn 0.6504 0.0553 -0.7576
vn 0.5508 -0.3831 -0.7415
vn -0.5490 0.5374 0.6401
vn -0.6620 0.0510 0.7478
vn -0.5633 -0.3772 0.7351
vn 0.7631 0.4614 -0.4526
vn 0.8436 0.1960 -0.5000
vn 0.8589 0.0552 -0.5091
vn 0.3038 0.4435 -0.8432
vn 0.3291 0.2057 -0.9216
vn 0.3333 0.0567 -0.9411
vn -0.7762 0.4310 0.4601
vn -0.8463 0.1799 0.5014
vn -0.8593 0.0504 0.5090
vn -0.3223 0.4185 0.8491
vn -0.3457 0.1917 0.9185
vn -0.3494 0.0525 0.9355
vn -0.8522 -0.3812 -0.3584
vn -0.8522 -0.1239 -0.5083
vn -0.8993 -0.0216 -0.4369
vn 0.0203 -0.9290 -0.3696
vn -0.1414 -0.9603 -0.2404
vn -0.3345 -0.9288 -0.1598
vn -0.0197 -0.9266 0.3755
vn 0.1441 -0.9585 0.2460
vn 0.3356 -0.9268 0.1685
vn 0.8624 0.0065 -0.5062
vn 0.8429 0.0065 -0.5380
vn 0.7857 0.0064 -0.6185
vn 0.6372 0.0064 -0.7706
vn 0.8372 -0.3794 0.3939
vn 0.8278 -0.1223 0.5475
vn 0.8719 -0.0213 0.4893
vn -0.8624 0.0060 0.5062
vn -0.8439 0.0059 0.5364
vn -0.7893 0.0058 0.6140
vn -0.6464 0.0059 0.7630
vn -0.0919 -0.3768 0.9217
vn 0.0428 -0.1219 0.9916
vn -0.0357 -0.0214 0.9991
vn -0.8791 0.0059 0.4765
vn -0.9186 0.0058 0.3951
vn -0.9783 0.0059 0.2073
vn 0.8814 0.0065 -0.4723
vn 0.9255 0.0064 -0.3786
vn 0.9863 0.0064 -0.1648
vn 0.0747 -0.3840 -0.9203
vn -0.0607 -0.1243 -0.9904
vn 0.0184 -0.0215 -0.9996
vn -0.1413 0.9178 0.3710
vn 0.1369 0.9627 0.2333
vn 0.3928 0.9178 0.0575
vn 0.8146 -0.5679 -0.1180
vn 0.9939 0.0002 -0.1099
vn 0.8142 0.5684 -0.1184
vn -0.5005 0.5683 0.6531
vn -0.5807 0.0002 0.8141
vn -0.5004 -0.5679 0.6536
vn -0.1411 -0.9170 0.3730
vn 0.1378 -0.9622 0.2348
vn 0.3944 -0.9170 0.0587
vn -0.4081 -0.8102 0.4208
vn -0.4246 -0.8248 0.3735
vn -0.4075 -0.8256 0.3904
vn -0.4072 0.8312 0.3785
vn -0.4187 0.8427 0.3385
vn -0.3863 0.8635 0.3243
vn 0.5641 -0.8128 -0.1452
vn 0.5324 -0.8257 -0.1863
vn 0.5394 -0.8258 -0.1646
vn 0.5288 0.8315 -0.1702
vn 0.4989 0.8436 -0.1984
vn 0.4686 0.8661 -0.1741
vn 0.1447 0.9189 -0.3669
vn -0.1342 0.9642 -0.2287
vn -0.3909 0.9189 -0.0525
vn -0.8125 -0.5695 0.1246
vn -0.9931 0.0002 0.1174
vn -0.8121 0.5700 0.1250
vn 0.5049 0.5700 -0.6482
vn 0.5865 0.0002 -0.8099
vn 0.5048 -0.5696 -0.6487
vn 0.1445 -0.9182 -0.3689
vn -0.1351 -0.9637 -0.2302
vn -0.3925 -0.9182 -0.0536
vn 0.3815 0.8663 -0.3224
vn 0.4175 0.8438 -0.3372
vn 0.4080 0.8318 -0.3763
vn -0.5277 0.8315 0.1735
vn -0.4987 0.8428 0.2022
vn -0.4704 0.8637 0.1810
vn -0.5382 -0.8259 0.1682
vn -0.5320 -0.8250 0.1908
vn -0.5649 -0.8106 0.1544
vn 0.4040 -0.8132 -0.4188
vn 0.4237 -0.8259 -0.3719
vn 0.4085 -0.8262 -0.3881
vn -0.7617 -0.0020 -0.6479
vn -0.5573 0.0065 -0.8303
vn -0.3482 0.0346 -0.9368
vn 0.6549 0.0366 0.7548
vn 0.4504 0.0070 0.8928
vn 0.1785 -0.0020 0.9839
vn -0.3399 0.0378 -0.9397
vn -0.5598 0.0085 -0.8286
vn -0.7717 -0.0007 -0.6360
vn -0.9899 -0.0036 0.1414
vn -0.8625 -0.0037 0.5061
vn -0.6064 -0.0039 0.7952
vn 0.5907 0.1700 -0.7888
vn 0.8505 0.1659 -0.4992
vn 0.9767 0.1697 -0.1318
vn 0.1949 -0.0007 0.9808
vn 0.4534 0.0080 0.8913
vn 0.6480 0.0359 0.7608
vn 0.9791 0.1686 -0.1139
vn 0.8506 0.1653 -0.4992
vn 0.5773 0.1682 -0.7990
vn -0.5920 -0.0036 0.8059
vn -0.8624 -0.0037 0.5062
vn -0.9922 -0.0038 0.1244
vn -0.9547 -0.1097 -0.2767
vn -0.9531 -0.0410 -0.3000
vn -0.9512 -0.0126 -0.3084
vn -0.1877 -0.0069 0.9822
vn -0.1728 -0.0217 0.9847
vn -0.1294 -0.0544 0.9901
vn 0.9248 -0.0509 0.3771
vn 0.9386 -0.0024 0.3449
vn 0.9296 0.0443 0.3658
vn 0.1398 0.0393 -0.9894
vn 0.1857 -0.0209 -0.9824
vn 0.2158 -0.1063 -0.9706
vn -0.9356 -0.0559 -0.3487
vn -0.9515 -0.0223 -0.3069
vn -0.9563 -0.0070 -0.2922
vn -0.2176 -0.0127 0.9759
vn -0.2247 -0.0412 0.9736
vn -0.2423 -0.1102 0.9639
vn 0.9398 0.0406 0.3394
vn 0.9550 -0.0206 0.2958
vn 0.9579 -0.1067 0.2666
vn 0.1561 0.0455 -0.9867
vn 0.1794 -0.0025 -0.9838
vn 0.1438 -0.0523 -0.9882
vn -0.5651 -0.7258 -0.3923
vn -0.4385 -0.7536 -0.4897
vn -0.3608 -0.7617 -0.5381
vn 0.2841 -0.7765 0.5624
vn 0.2022 -0.7679 0.6078
vn 0.0525 -0.7385 0.6722
vn -0.3525 -0.7765 -0.5223
vn -0.4321 -0.7679 -0.4729
vn -0.5613 -0.7385 -0.3735
vn -0.6509 -0.7577 0.0465
vn -0.5279 -0.7908 0.3099
vn -0.3580 -0.7577 0.5456
vn -0.1421 -0.9596 -0.2429
vn 0.0004 -1.0000 -0.0002
vn 0.1428 -0.9596 0.2425
vn 0.0670 -0.7258 0.6847
vn 0.2138 -0.7536 0.6216
vn 0.2939 -0.7617 0.5774
vn 0.1497 -0.9555 0.2541
vn -0.1489 -0.9555 -0.2545
vn -0.3486 -0.7543 0.5563
vn -0.5282 -0.7905 0.3100
vn -0.6557 -0.7543 0.0331
vn 0.6571 0.0965 0.7476
vn 0.5338 -0.0767 0.8421
vn 0.4594 -0.4158 0.7849
vn -0.4613 -0.4158 -0.7838
vn -0.4750 -0.0767 -0.8766
vn -0.3324 0.0965 -0.9382
vn -0.8873 -0.3788 -0.2629
vn -0.9504 -0.1302 -0.2825
vn -0.9578 -0.0266 -0.2862
vn -0.3412 0.0920 -0.9355
vn -0.4768 -0.0728 -0.8760
vn -0.4650 -0.3994 -0.7901
vn -0.8842 -0.3703 -0.2847
vn -0.9439 -0.1267 -0.3050
vn -0.9507 -0.0259 -0.3090
vn -0.1825 -0.3703 0.9108
vn -0.1939 -0.1267 0.9728
vn -0.1937 -0.0259 0.9807
vn 0.4631 -0.3994 0.7912
vn 0.5324 -0.0728 0.8434
vn 0.6504 0.0920 0.7540
vn -0.2031 -0.3788 0.9029
vn -0.2167 -0.1302 0.9675
vn -0.2171 -0.0266 0.9758
vn 0.5283 0.6205 -0.5796
vn 0.6634 0.6390 -0.3894
vn 0.7636 0.6204 -0.1786
vn 0.7677 0.6186 -0.1672
vn 0.6633 0.6391 -0.3893
vn 0.5203 0.6186 -0.5888
vn 0.5045 -0.6515 -0.5667
vn 0.6398 -0.6706 -0.3755
vn 0.7407 -0.6515 -0.1642
vn 0.7449 -0.6495 -0.1528
vn 0.6397 -0.6707 -0.3755
vn 0.4965 -0.6495 -0.5759
vn 0.9439 0.3224 0.0719
vn 0.9960 -0.0017 0.0890
vn 0.9403 -0.3305 0.0812
vn 0.3875 -0.3305 -0.8606
vn 0.4079 -0.0017 -0.9130
vn 0.3974 0.3224 -0.8591
vn 0.3785 0.3169 -0.8696
vn 0.3878 -0.0017 -0.9217
vn 0.3688 -0.3247 -0.8710
vn 0.9402 -0.3247 0.1027
vn 0.9938 -0.0017 0.1108
vn 0.9438 0.3169 0.0935
vn 0.8675 0.3481 0.3553
vn 0.8058 0.5278 0.2686
vn 0.7759 0.6044 0.1810
vn 0.2203 0.6044 -0.7656
vn 0.1583 0.5278 -0.8345
vn 0.1128 0.3481 -0.9306
vn 0.3555 -0.7814 0.5129
vn 0.4661 -0.7711 0.4338
vn 0.6443 -0.7147 0.2720
vn -0.2845 -0.7667 -0.5755
vn -0.1639 -0.7573 -0.6321
vn 0.0608 -0.7039 -0.7077
vn 0.6475 -0.7039 0.2919
vn 0.4720 -0.7573 0.4513
vn 0.3638 -0.7667 0.5290
vn -0.2745 -0.7814 -0.5604
vn -0.1515 -0.7711 -0.6185
vn 0.0767 -0.7147 -0.6952
vn 0.0928 0.3398 -0.9359
vn 0.1392 0.5176 -0.8442
vn 0.2021 0.5956 -0.7774
vn 0.7773 0.5956 0.2025
vn 0.8050 0.5176 0.2901
vn 0.8624 0.3398 0.3753
vn 0.6366 -0.5755 0.5133
vn 0.4159 -0.5701 0.7085
vn 0.1378 -0.5754 0.8062
vn -0.5132 -0.5760 0.6363
vn -0.7081 -0.5709 0.4156
vn -0.8058 -0.5759 0.1379
vn -0.6369 -0.5750 -0.5135
vn -0.1378 -0.5751 -0.8064
vn 0.5131 -0.5764 -0.6360
vn 0.7077 -0.5715 -0.4154
vn 0.8054 -0.5765 -0.1379
vn 0.3301 0.8976 0.2922
vn 0.2368 0.8839 0.4033
vn 0.0954 0.8984 0.4287
vn -0.3185 0.8831 0.3445
vn -0.4373 0.8619 0.2568
vn -0.4547 0.8837 0.1109
vn -0.3193 0.9047 -0.2820
vn -0.2286 0.8921 -0.3897
vn -0.0893 0.9040 -0.4182
vn 0.3362 0.8714 -0.3571
vn 0.4611 0.8451 -0.2705
vn 0.4773 0.8707 -0.1187
vn 0.2483 -0.2091 -0.9458
vn 0.2535 0.2114 -0.9440
vn 0.2097 0.6366 -0.7421
vn 0.7553 0.6291 0.1837
vn 0.9487 0.2049 0.2410
vn 0.9463 -0.2114 0.2447
vn -0.2472 -0.2082 0.9463
vn -0.2492 0.2145 0.9444
vn -0.2000 0.6408 0.7412
vn -0.7395 0.6481 -0.1818
vn -0.9451 0.2210 -0.2408
vn -0.9474 -0.2059 -0.2452
vn -0.0036 0.9881 0.1540
vn 0.0035 0.9942 0.1076
vn -0.0418 0.9866 0.1580
vn -0.4157 -0.6513 0.6348
vn -0.4105 -0.8299 0.3779
vn -0.4336 -0.8559 0.2817
vn -0.1331 0.9888 -0.0679
vn -0.0900 0.9946 -0.0523
vn -0.1557 0.9871 -0.0371
vn 0.3241 0.9287 -0.1803
vn 0.1871 0.9789 -0.0819
vn 0.1898 0.9815 -0.0256
vn -0.1783 0.9837 0.0223
vn -0.1734 0.9820 0.0750
vn -0.3011 0.9388 0.1672
vn 0.1155 0.9817 -0.1513
vn 0.1630 0.9790 -0.1228
vn 0.3156 0.9287 -0.1948
vn 0.4857 -0.8351 -0.2581
vn 0.5547 -0.8099 -0.1907
vn 0.7728 -0.6308 -0.0700
vn -0.1096 -0.6080 0.7863
vn -0.0535 -0.5327 0.8446
vn -0.0269 -0.3587 0.9330
vn -0.2096 -0.2845 -0.9355
vn -0.4873 -0.2657 -0.8318
vn -0.7112 -0.2852 -0.6425
vn -0.6218 -0.7465 -0.2370
vn -0.2526 -0.9562 0.1476
vn -0.1012 -0.7473 0.6567
vn 0.2057 -0.2871 0.9356
vn 0.4885 -0.2671 0.8307
vn 0.7200 -0.2863 0.6322
vn 0.6334 -0.7411 0.2226
vn 0.2618 -0.9527 -0.1543
vn 0.1095 -0.7403 -0.6633
vn -0.0461 -0.0045 -0.9989
vn -0.3298 -0.0044 -0.9440
vn -0.4601 -0.0038 -0.8879
vn 0.0693 -0.3585 -0.9310
vn 0.1007 -0.5320 -0.8407
vn 0.1615 -0.6036 -0.7808
vn -0.7581 -0.6505 0.0458
vn -0.5311 -0.8298 0.1714
vn -0.4576 -0.8559 0.2408
vn -0.7390 -0.6188 -0.2665
vn -0.7646 -0.5447 -0.3445
vn -0.8332 -0.3684 -0.4123
vn -0.1349 0.9905 0.0261
vn -0.0122 0.9997 -0.0210
vn 0.0906 0.9903 -0.1056
vn -0.5057 -0.0018 -0.8627
vn -0.5110 -0.0000 -0.8596
vn 0.5694 -0.3780 -0.7300
vn 0.6676 0.0521 -0.7427
vn 0.5533 0.5396 -0.6346
vn -0.6607 -0.0429 -0.7495
vn -0.5056 -0.0219 -0.8625
vn -0.3290 -0.0428 -0.9434
vn -0.4944 -0.0223 -0.8690
vn -0.4619 -0.0662 -0.8844
vn -0.3345 -0.1213 -0.9345
vn -0.6471 -0.1221 -0.7525
vn -0.5453 -0.0663 -0.8356
vn -0.5172 -0.0223 -0.8556
vn 0.0480 0.9866 -0.1560
vn 0.0001 0.9945 -0.1052
vn 0.0082 0.9884 -0.1515
vn 0.4619 -0.8351 -0.2987
vn 0.4351 -0.8098 -0.3936
vn 0.4318 -0.6302 -0.6453
vn 0.5744 -0.1902 -0.7962
vn 0.8339 -0.1951 -0.5163
vn 0.9475 -0.2287 -0.2234
vn -0.9741 -0.2016 0.1027
vn -0.8555 -0.2088 0.4738
vn -0.6499 -0.2420 0.7205
vn -0.8323 -0.0046 -0.5543
vn -0.6530 -0.0044 -0.7573
vn -0.5482 -0.0038 -0.8364
vn 0.1372 0.9902 -0.0264
vn 0.0128 0.9997 0.0215
vn -0.0880 0.9904 0.1064
vn 0.5110 -0.0000 0.8596
vn -0.5443 -0.3823 0.7467
vn -0.6443 0.0540 0.7628
vn -0.5304 0.5474 0.6472
vn 0.6561 -0.0407 0.7536
vn 0.5065 -0.0208 0.8620
vn 0.3412 -0.0407 0.9391
vn 0.6464 -0.1154 0.7542
vn 0.5450 -0.0628 0.8361
vn 0.5171 -0.0212 0.8557
vn 0.4955 -0.0212 0.8684
vn 0.4660 -0.0629 0.8826
vn 0.3501 -0.1161 0.9295
vn -0.4697 0.8742 -0.1231
vn -0.5260 0.8191 -0.2291
vn -0.6062 0.7622 -0.2272
vn -0.5502 -0.1999 0.8108
vn -0.8301 -0.2083 0.5172
vn -0.9484 -0.2416 0.2053
vn 0.1393 0.9877 0.0708
vn 0.0941 0.9941 0.0545
vn 0.1622 0.9860 0.0377
vn 0.9774 -0.1886 -0.0959
vn 0.8581 -0.1947 -0.4752
vn 0.6489 -0.2283 -0.7258
vn 0.8412 -0.3493 0.4128
vn 0.7819 -0.5206 0.3428
vn 0.7613 -0.5935 0.2611
vn -0.5506 0.7695 0.3237
vn -0.5514 0.7689 0.3236
vn -0.5510 0.7695 0.3229
vn -0.5311 0.7707 0.3521
vn -0.4819 0.7648 0.4275
vn -0.3834 0.7369 0.5567
vn -0.8624 -0.0043 0.5062
vn -0.5656 0.7708 0.2932
vn -0.6058 0.7654 0.2173
vn -0.6685 0.7398 0.0757
vn -0.8588 0.0552 0.5093
vn -0.8435 0.1960 0.5001
vn -0.7630 0.4614 0.4527
vn -0.6140 -0.7035 0.3579
vn -0.6109 -0.7059 0.3585
vn -0.6119 -0.7035 0.3615
vn -0.8595 -0.0395 0.5096
vn -0.8503 -0.1514 0.5041
vn -0.7924 -0.3886 0.4701
vn -0.7967 -0.3886 0.4628
vn -0.8546 -0.1514 0.4967
vn -0.8639 -0.0395 0.5021
vn -0.9164 -0.3648 -0.1647
vn -0.9706 -0.1583 -0.1815
vn -0.9819 -0.0421 -0.1845
vn -0.7506 -0.6547 0.0891
vn -0.6864 -0.6829 0.2500
vn -0.6394 -0.6920 0.3351
vn -0.9835 -0.0042 0.1807
vn -0.9231 -0.0042 0.3845
vn -0.8807 -0.0043 0.4737
vn -0.3113 0.0554 0.9487
vn -0.3079 0.2012 0.9299
vn -0.2852 0.4356 0.8538
vn -0.2952 -0.0411 0.9545
vn -0.2929 -0.1547 0.9435
vn -0.2829 -0.3576 0.8900
vn -0.6248 -0.0042 0.7808
vn -0.7818 -0.0042 0.6235
vn -0.8421 -0.0043 0.5393
vn -0.4339 -0.6516 0.6222
vn -0.5493 -0.6824 0.4823
vn -0.6036 -0.6920 0.3961
vn -0.1058 0.9835 0.1466
vn -0.1498 0.9820 0.1154
vn -0.2926 0.9388 0.1816
vn -0.1169 0.8692 0.4804
vn -0.0475 0.8103 0.5841
vn -0.0841 0.7526 0.6531
vn 0.0977 -0.0044 0.9952
vn 0.3514 -0.0042 0.9362
vn 0.4653 -0.0036 0.8852
vn 0.5770 0.7429 -0.3392
vn 0.5779 0.7423 -0.3392
vn 0.5775 0.7429 -0.3384
vn 0.8624 -0.0039 -0.5062
vn 0.8593 0.0504 -0.5089
vn 0.8464 0.1799 -0.5012
vn 0.7763 0.4310 -0.4600
vn 0.6382 -0.6739 -0.3722
vn 0.6351 -0.6765 -0.3728
vn 0.6361 -0.6739 -0.3758
vn 0.8599 -0.0361 -0.5093
vn 0.8521 -0.1387 -0.5046
vn 0.8023 -0.3609 -0.4754
vn 0.8063 -0.3609 -0.4686
vn 0.8561 -0.1387 -0.4978
vn 0.8639 -0.0361 -0.5023
vn 0.3708 0.0537 -0.9271
vn 0.3663 0.1957 -0.9097
vn 0.3407 0.4257 -0.8383
vn 0.3549 -0.0400 -0.9341
vn 0.3516 -0.1506 -0.9240
vn 0.3397 -0.3490 -0.8734
vn 0.4237 0.7169 -0.5537
vn 0.5133 0.7402 -0.4343
vn 0.5585 0.7448 -0.3651
vn 0.6579 -0.0039 -0.7531
vn 0.7929 -0.0038 -0.6094
vn 0.8447 -0.0039 -0.5353
vn 0.4757 -0.6283 -0.6155
vn 0.5802 -0.6534 -0.4863
vn 0.6293 -0.6617 -0.4076
vn 0.9857 -0.0000 0.1683
vn 0.9273 -0.3424 0.1513
vn 0.9750 -0.1474 0.1662
vn 0.9849 -0.0391 0.1687
vn 0.5917 0.7448 -0.3085
vn 0.6318 0.7397 -0.2317
vn 0.6944 0.7142 -0.0880
vn 0.7735 -0.6256 -0.1020
vn 0.7099 -0.6529 -0.2643
vn 0.6633 -0.6617 -0.3495
vn 0.8798 -0.0039 -0.4753
vn 0.9209 -0.0038 -0.3898
vn 0.9813 -0.0039 -0.1925
vn 0.1268 0.7517 -0.6472
vn 0.0794 0.8129 -0.5770
vn 0.1397 0.8691 -0.4745
vn 0.5486 -0.0036 0.8361
vn 0.6561 -0.0042 0.7547
vn 0.8388 -0.0043 0.5444
vn 0.4890 0.8643 0.1182
vn 0.5495 0.8043 0.2261
vn 0.6318 0.7425 0.2226
vn -0.6150 -0.5915 -0.5215
vn -0.5630 -0.3010 -0.7697
vn -0.5259 -0.0866 -0.8462
vn -0.5011 -0.0000 -0.8654
vn 0.6222 -0.5841 0.5212
vn 0.5653 -0.2953 0.7702
vn 0.5262 -0.0846 0.8461
vn 0.5016 -0.0000 0.8651
vn -0.9841 -0.0024 -0.1774
vn -0.9834 -0.0014 -0.1815
vn -0.9830 -0.0004 -0.1836
vn 0.3558 -0.0000 -0.9345
vn 0.9869 -0.0024 0.1611
vn 0.9862 -0.0014 0.1654
vn 0.9859 -0.0004 0.1676
vn 0.5500 -0.0054 0.8351
vn 0.6571 -0.0022 0.7538
vn 0.8391 -0.0005 0.5440
vn 0.8798 -0.0000 -0.4753
vn 0.9209 -0.0000 -0.3897
vn 0.9813 -0.0000 -0.1925
vn 0.8447 -0.0000 -0.5353
vn 0.7928 -0.0000 -0.6094
vn 0.6580 -0.0000 -0.7530
vn 0.4638 -0.0054 0.8859
vn 0.3502 -0.0022 0.9367
vn 0.0972 -0.0005 0.9953
vn -0.8807 -0.0000 0.4736
vn -0.9232 -0.0000 0.3844
vn -0.9835 -0.0000 0.1807
vn -0.8421 -0.0000 0.5393
vn -0.7818 -0.0000 0.6236
vn -0.6248 -0.0000 0.7808
vn -0.5495 -0.0056 -0.8355
vn -0.6540 -0.0023 -0.7565
vn -0.8326 -0.0005 -0.5539
vn -0.4585 -0.0056 -0.8887
vn -0.3285 -0.0023 -0.9445
vn -0.0455 -0.0005 -0.9990
vn -0.4814 -0.0866 -0.8722
vn -0.3939 -0.3013 -0.8684
vn -0.1450 -0.5912 -0.7934
vn 0.4831 -0.0846 0.8715
vn 0.4004 -0.2950 0.8675
vn 0.1620 -0.5842 0.7952
vn -0.2963 -0.0004 0.9551
vn -0.2983 -0.0014 0.9545
vn -0.3023 -0.0024 0.9532
vn 0.3565 -0.0004 -0.9343
vn 0.3585 -0.0014 -0.9335
vn 0.3625 -0.0024 -0.9320
vn -0.8209 0.5498 0.1544
vn -0.9785 0.0553 0.1985
vn -0.9159 -0.3831 0.1194
vn 0.8266 0.5374 -0.1673
vn 0.9756 0.0510 -0.2134
vn 0.9165 -0.3772 -0.1334
vn -0.7672 0.4614 0.4456
vn -0.8478 0.1960 0.4927
vn -0.8633 0.0552 0.5017
vn -0.8843 0.4435 -0.1458
vn -0.9651 0.2057 -0.1620
vn -0.9842 0.0567 -0.1678
vn 0.7802 0.4310 -0.4534
vn 0.8504 0.1799 -0.4945
vn 0.8634 0.0504 -0.5020
vn 0.8985 0.4185 0.1325
vn 0.9705 0.1917 0.1460
vn 0.9871 0.0525 0.1511
vn 0.1025 -0.3812 -0.9188
vn -0.0284 -0.1239 -0.9919
vn 0.0570 -0.0216 -0.9981
vn -0.3326 -0.9290 -0.1625
vn -0.1410 -0.9603 -0.2406
vn 0.0235 -0.9288 -0.3700
vn 0.3375 -0.9266 0.1659
vn 0.1445 -0.9585 0.2457
vn -0.0165 -0.9268 0.3751
vn -0.8624 0.0065 0.5062
vn -0.8807 0.0065 0.4737
vn -0.9231 0.0064 0.3845
vn -0.9835 0.0064 0.1806
vn -0.0643 -0.3794 0.9230
vn 0.0745 -0.1223 0.9897
vn 0.0021 -0.0213 0.9998
vn 0.8624 0.0060 -0.5062
vn 0.8798 0.0059 -0.4753
vn 0.9209 0.0058 -0.3898
vn 0.9813 0.0059 -0.1924
vn 0.8496 -0.3768 0.3692
vn 0.8449 -0.1219 0.5208
vn 0.8898 -0.0214 0.4559
vn 0.8447 0.0059 -0.5353
vn 0.7928 0.0058 -0.6094
vn 0.6579 0.0059 -0.7531
vn -0.8421 0.0065 0.5393
vn -0.7818 0.0064 0.6235
vn -0.6247 0.0064 0.7808
vn -0.8399 -0.3840 -0.3835
vn -0.8351 -0.1243 -0.5358
vn -0.8817 -0.0215 -0.4713
vn -0.5002 -0.5679 0.6536
vn -0.5805 0.0002 0.8142
vn -0.5004 0.5684 0.6531
vn 0.8142 0.5683 -0.1186
vn 0.9939 0.0002 -0.1100
vn 0.8146 -0.5679 -0.1182
vn -0.1410 -0.9170 0.3730
vn 0.5663 -0.8102 -0.1512
vn 0.5331 -0.8248 -0.1886
vn 0.5395 -0.8256 -0.1654
vn 0.5290 0.8312 -0.1709
vn 0.4997 0.8427 -0.2005
vn 0.4715 0.8635 -0.1792
vn -0.4018 -0.8128 0.4217
vn -0.4223 -0.8257 0.3740
vn -0.4067 -0.8258 0.3907
vn -0.4064 0.8315 0.3787
vn -0.4164 0.8436 0.3389
vn -0.3805 0.8661 0.3243
vn 0.5050 -0.5695 -0.6486
vn 0.5867 0.0002 -0.8098
vn 0.5051 0.5700 -0.6481
vn -0.8121 0.5700 0.1248
vn -0.9931 0.0002 0.1172
vn -0.8125 -0.5696 0.1245
vn 0.1446 -0.9182 -0.3689
vn -0.4675 0.8663 0.1759
vn -0.4979 0.8438 0.2001
vn -0.5275 0.8318 0.1728
vn 0.4088 0.8315 -0.3761
vn 0.4197 0.8428 -0.3368
vn 0.3873 0.8637 -0.3225
vn 0.4092 -0.8259 -0.3879
vn 0.4260 -0.8250 -0.3714
vn 0.4103 -0.8106 -0.4179
vn -0.5626 -0.8132 0.1486
vn -0.5313 -0.8259 0.1886
vn -0.5380 -0.8262 0.1674
vn -0.1943 -0.0020 -0.9809
vn -0.4532 0.0065 -0.8914
vn -0.6482 0.0346 -0.7607
vn 0.3397 0.0366 0.9398
vn 0.5600 0.0070 0.8285
vn 0.7721 -0.0020 0.6355
vn -0.6547 0.0378 -0.7549
vn -0.4505 0.0085 -0.8927
vn -0.1791 -0.0007 -0.9838
vn 0.6061 -0.0036 -0.7954
vn 0.8624 -0.0037 -0.5062
vn 0.9899 -0.0039 -0.1418
vn -0.9767 0.1700 0.1312
vn -0.8505 0.1659 0.4992
vn -0.5912 0.1697 0.7885
vn 0.7613 -0.0007 0.6483
vn 0.5571 0.0080 0.8304
vn 0.3483 0.0359 0.9367
vn -0.5768 0.1686 0.7993
vn -0.8505 0.1653 0.4993
vn -0.9791 0.1682 0.1145
vn 0.9923 -0.0036 -0.1240
vn 0.8625 -0.0037 -0.5061
vn 0.5924 -0.0038 -0.8057
vn 0.2239 -0.1097 -0.9684
vn 0.2028 -0.0410 -0.9784
vn 0.1945 -0.0126 -0.9808
vn 0.9491 -0.0069 0.3150
vn 0.9440 -0.0217 0.3293
vn 0.9275 -0.0544 0.3697
vn -0.1216 -0.0509 0.9913
vn -0.1565 -0.0024 0.9877
vn -0.1338 0.0443 0.9900
vn -0.9320 0.0393 -0.3603
vn -0.9483 -0.0209 -0.3168
vn -0.9527 -0.1063 -0.2848
vn 0.1516 -0.0559 -0.9869
vn 0.1960 -0.0223 -0.9804
vn 0.2111 -0.0070 -0.9774
vn 0.9582 -0.0127 0.2858
vn 0.9596 -0.0412 0.2785
vn 0.9597 -0.1102 0.2584
vn -0.1618 0.0406 0.9860
vn -0.2074 -0.0206 0.9780
vn -0.2343 -0.1067 0.9663
vn -0.9376 0.0455 -0.3448
vn -0.9464 -0.0025 -0.3230
vn -0.9329 -0.0523 -0.3563
vn -0.0670 -0.7258 -0.6847
vn -0.2138 -0.7536 -0.6216
vn -0.2939 -0.7617 -0.5774
vn 0.3525 -0.7765 0.5223
vn 0.4321 -0.7679 0.4729
vn 0.5613 -0.7385 0.3735
vn -0.2841 -0.7765 -0.5624
vn -0.2022 -0.7679 -0.6078
vn -0.0525 -0.7385 -0.6722
vn 0.3580 -0.7577 -0.5456
vn 0.5279 -0.7908 -0.3099
vn 0.6509 -0.7577 -0.0465
vn -0.1428 -0.9596 -0.2425
vn -0.0004 -1.0000 0.0002
vn 0.1420 -0.9596 0.2429
vn 0.5651 -0.7258 0.3923
vn 0.4385 -0.7536 0.4897
vn 0.3608 -0.7617 0.5381
vn 0.1489 -0.9555 0.2545
vn -0.1497 -0.9555 -0.2541
vn 0.6557 -0.7543 -0.0331
vn 0.5282 -0.7905 -0.3100
vn 0.3486 -0.7543 -0.5563
vn 0.3324 0.0965 0.9382
vn 0.4750 -0.0767 0.8766
vn 0.4613 -0.4158 0.7838
vn -0.4594 -0.4158 -0.7849
vn -0.5338 -0.0767 -0.8421
vn -0.6571 0.0965 -0.7476
vn 0.2031 -0.3788 -0.9029
vn 0.2167 -0.1302 -0.9675
vn 0.2171 -0.0266 -0.9758
vn -0.6504 0.0920 -0.7540
vn -0.5324 -0.0728 -0.8434
vn -0.4631 -0.3994 -0.7912
vn 0.1825 -0.3703 -0.9108
vn 0.1939 -0.1267 -0.9728
vn 0.1937 -0.0259 -0.9807
vn 0.8842 -0.3703 0.2847
vn 0.9439 -0.1267 0.3050
vn 0.9507 -0.0259 0.3090
vn 0.4650 -0.3994 0.7901
vn 0.4768 -0.0728 0.8760
vn 0.3412 0.0920 0.9355
vn 0.8873 -0.3788 0.2629
vn 0.9504 -0.1302 0.2825
vn 0.9578 -0.0266 0.2862
vn -0.7636 0.6205 0.1786
vn -0.6634 0.6390 0.3894
vn -0.5283 0.6205 0.5796
vn -0.5203 0.6186 0.5888
vn -0.6633 0.6391 0.3893
vn -0.7677 0.6186 0.1672
vn -0.7407 -0.6515 0.1642
vn -0.6398 -0.6706 0.3755
vn -0.5045 -0.6515 0.5667
vn -0.4965 -0.6495 0.5759
vn -0.6397 -0.6707 0.3755
vn -0.7449 -0.6495 0.1528
vn -0.3974 0.3224 0.8591
vn -0.4079 -0.0017 0.9130
vn -0.3875 -0.3305 0.8606
vn -0.9403 -0.3305 -0.0812
vn -0.9960 -0.0017 -0.0890
vn -0.9439 0.3224 -0.0719
vn -0.9438 0.3169 -0.0935
vn -0.9938 -0.0017 -0.1108
vn -0.9402 -0.3247 -0.1027
vn -0.3688 -0.3247 0.8710
vn -0.3878 -0.0017 0.9217
vn -0.3785 0.3169 0.8696
vn -0.1128 0.3481 0.9306
vn -0.1583 0.5278 0.8345
vn -0.2203 0.6044 0.7656
vn -0.7759 0.6044 -0.1810
vn -0.8058 0.5278 -0.2686
vn -0.8675 0.3481 -0.3553
vn 0.2745 -0.7814 0.5604
vn 0.1515 -0.7711 0.6185
vn -0.0767 -0.7147 0.6952
vn -0.3638 -0.7667 -0.5290
vn -0.4720 -0.7573 -0.4513
vn -0.6475 -0.7039 -0.2919
vn -0.0608 -0.7039 0.7077
vn 0.1639 -0.7573 0.6321
vn 0.2845 -0.7667 0.5755
vn -0.3555 -0.7814 -0.5129
vn -0.4661 -0.7711 -0.4338
vn -0.6443 -0.7147 -0.2720
vn -0.8624 0.3398 -0.3753
vn -0.8050 0.5176 -0.2901
vn -0.7773 0.5956 -0.2025
vn -0.2021 0.5956 0.7774
vn -0.1392 0.5176 0.8442
vn -0.0928 0.3398 0.9359
vn 0.1198 0.8797 -0.4601
vn -0.1802 0.9345 -0.3070
vn -0.4601 0.8797 -0.1198
vn 0.3070 0.9345 -0.1802
vn -0.0000 1.0000 -0.0000
vn -0.3070 0.9345 0.1802
vn 0.4601 0.8797 0.1198
vn 0.1802 0.9345 0.3070
vn -0.1198 0.8797 0.4601
vn -0.6155 -0.2174 0.7575
vn -0.8410 -0.2213 0.4937
vn -0.9616 -0.2167 0.1684
vn -0.6288 0.1703 0.7587
vn -0.8528 0.1483 0.5007
vn -0.9685 0.1723 0.1799
vn -0.5360 0.5721 0.6208
vn -0.7277 0.5366 0.4273
vn -0.8015 0.5743 0.1664
vn 0.7792 -0.0367 0.6257
vn 0.7734 0.1400 0.6183
vn 0.7258 0.3736 0.5777
vn 0.5059 -0.0366 0.8618
vn 0.5012 0.1400 0.8539
vn 0.4658 0.3915 0.7936
vn 0.1664 -0.0367 0.9854
vn 0.1628 0.1400 0.9767
vn 0.1505 0.3736 0.9153
vn 0.6257 -0.0367 -0.7792
vn 0.6183 0.1400 -0.7734
vn 0.5777 0.3736 -0.7258
vn 0.8618 -0.0366 -0.5059
vn 0.8539 0.1400 -0.5012
vn 0.7936 0.3915 -0.4658
vn 0.9854 -0.0367 -0.1664
vn 0.9767 0.1400 -0.1628
vn 0.9153 0.3736 -0.1505
vn -0.7792 -0.0367 -0.6257
vn -0.7734 0.1400 -0.6183
vn -0.7258 0.3736 -0.5777
vn -0.5059 -0.0366 -0.8618
vn -0.5012 0.1400 -0.8539
vn -0.4658 0.3915 -0.7936
vn -0.1664 -0.0367 -0.9854
vn -0.1628 0.1400 -0.9767
vn -0.1505 0.3736 -0.9153
vn -0.6257 -0.0367 0.7792
vn -0.6183 0.1400 0.7734
vn -0.5777 0.3736 0.7258
vn -0.8618 -0.0366 0.5059
vn -0.8539 0.1400 0.5012
vn -0.7936 0.3915 0.4658
vn -0.9854 -0.0367 0.1664
vn -0.9767 0.1400 0.1628
vn -0.9153 0.3736 0.1505
vn 0.1135 -0.7378 0.6654
vn 0.3441 -0.7335 0.5862
vn 0.5256 -0.7378 0.4235
vn 0.1265 -0.6574 0.7428
vn 0.3830 -0.6540 0.6525
vn 0.5869 -0.6574 0.4726
vn 0.1508 -0.4315 0.8894
vn 0.4574 -0.4282 0.7794
vn 0.7031 -0.4315 0.5653
vn 0.6654 -0.7378 -0.1135
vn 0.5862 -0.7335 -0.3441
vn 0.4235 -0.7378 -0.5256
vn 0.7428 -0.6574 -0.1265
vn 0.6525 -0.6540 -0.3830
vn 0.4726 -0.6574 -0.5869
vn 0.8894 -0.4315 -0.1508
vn 0.7794 -0.4282 -0.4574
vn 0.5653 -0.4315 -0.7031
vn -0.1135 -0.7378 -0.6654
vn -0.3441 -0.7335 -0.5862
vn -0.5256 -0.7378 -0.4235
vn -0.1265 -0.6574 -0.7428
vn -0.3830 -0.6540 -0.6525
vn -0.5869 -0.6574 -0.4726
vn -0.1508 -0.4315 -0.8894
vn -0.4574 -0.4282 -0.7794
vn -0.7031 -0.4315 -0.5653
vn -0.6654 -0.7378 0.1135
vn -0.5862 -0.7335 0.3441
vn -0.4235 -0.7378 0.5256
vn -0.7428 -0.6574 0.1265
vn -0.6525 -0.6540 0.3830
vn -0.4726 -0.6574 0.5869
vn -0.8894 -0.4315 0.1508
vn -0.7794 -0.4282 0.4574
vn -0.5653 -0.4315 0.7031
vn -0.5505 -0.0000 -0.8348
vn -0.6632 -0.0000 -0.7484
vn -0.8497 -0.0000 -0.5272
vn 0.6162 -0.2113 -0.7587
vn 0.8423 -0.2151 -0.4943
vn 0.9627 -0.2120 -0.1678
vn 0.6259 0.1890 -0.7567
vn 0.8503 0.1676 -0.4989
vn 0.9663 0.1870 -0.1768
vn 0.5225 0.5973 -0.6085
vn 0.7118 0.5647 -0.4176
vn 0.7878 0.5951 -0.1585
vn -0.7613 -0.2038 -0.6156
vn -0.4957 -0.2034 -0.8444
vn -0.1667 -0.2027 -0.9649
vn -0.7576 0.2125 -0.6172
vn -0.4958 0.2034 -0.8443
vn -0.1706 0.2155 -0.9615
vn -0.5981 0.6291 -0.4965
vn -0.4001 0.6130 -0.6813
vn -0.1434 0.6322 -0.7615
vn 0.7604 -0.2065 0.6158
vn 0.4951 -0.2078 0.8436
vn 0.1665 -0.2076 0.9639
vn 0.7574 0.2042 0.6202
vn 0.4968 0.1902 0.8468
vn 0.1712 0.2012 0.9645
vn 0.6020 0.6182 0.5055
vn 0.4063 0.5961 0.6926
vn 0.1463 0.6150 0.7748
vn -0.1931 0.9665 0.1690
vn -0.2474 0.9580 0.1453
vn -0.2412 0.9666 0.0866
vn -0.1943 0.9721 0.1311
vn -0.2135 0.9689 0.1253
vn -0.2091 0.9722 0.1059
vn -0.3270 0.9244 0.1963
vn -0.3330 0.9224 0.1955
vn -0.3308 0.9244 0.1899
vn 0.8140 -0.5174 -0.2641
vn 0.7351 -0.4564 -0.5013
vn 0.4843 -0.4428 -0.7546
vn 0.5919 -0.7535 -0.2864
vn 0.5521 -0.7065 -0.4428
vn 0.3809 -0.6669 -0.6404
vn 0.4753 -0.8283 -0.2966
vn 0.4375 -0.8046 -0.4015
vn 0.3209 -0.7633 -0.5607
vn -0.9044 -0.4201 0.0746
vn -0.8064 -0.4284 0.4075
vn -0.6442 -0.4906 0.5868
vn -0.7651 -0.6424 0.0442
vn -0.6786 -0.6772 0.2843
vn -0.5645 -0.7266 0.3916
vn -0.6707 -0.7410 0.0313
vn -0.5913 -0.7794 0.2069
vn -0.5196 -0.8044 0.2882
vn 0.2538 -0.8442 -0.4721
vn 0.2899 -0.9417 -0.1706
vn 0.5357 -0.8444 0.0052
vn 0.3044 -0.9064 -0.2928
vn 0.2981 -0.9383 -0.1752
vn 0.4036 -0.9064 -0.1243
vn 0.3935 -0.8829 -0.2564
vn 0.3859 -0.8943 -0.2265
vn 0.4155 -0.8829 -0.2189
vn 0.1516 -0.6817 0.7157
vn 0.3821 -0.6550 0.6519
vn 0.5473 -0.6830 0.4837
vn -0.1557 -0.9836 0.0907
vn -0.0006 -1.0000 -0.0003
vn 0.1518 -0.9843 -0.0898
vn -0.5492 -0.6805 -0.4851
vn -0.3833 -0.6539 -0.6523
vn -0.1596 -0.6818 -0.7140
vn 0.0325 0.9731 -0.2281
vn 0.0190 0.9920 -0.1247
vn 0.0482 0.9921 -0.1154
vn 0.0546 0.9504 -0.3063
vn 0.0820 0.9823 -0.1685
vn 0.1168 0.9860 -0.1193
vn 0.1663 0.9031 -0.3959
vn 0.2326 0.9362 -0.2636
vn 0.2723 0.9414 -0.1990
vn -0.1293 0.9840 -0.1229
vn -0.0962 0.9818 -0.1637
vn -0.0450 0.9840 -0.1721
vn -0.0696 0.9960 -0.0559
vn -0.0406 0.9968 -0.0690
vn -0.0155 0.9960 -0.0877
vn -0.0878 0.9960 -0.0174
vn -0.0206 0.9992 -0.0348
vn 0.0263 0.9961 -0.0846
vn 0.8977 -0.4391 -0.0372
vn 0.7977 -0.4558 -0.3948
vn 0.6231 -0.5170 -0.5870
vn 0.7491 -0.6624 -0.0046
vn 0.6581 -0.7059 -0.2617
vn 0.5376 -0.7534 -0.3786
vn 0.6507 -0.7593 0.0074
vn 0.5664 -0.8040 -0.1810
vn 0.4911 -0.8283 -0.2697
vn -0.5062 -0.0000 -0.8624
vn -0.5108 -0.0135 -0.8596
vn -0.5062 -0.0099 -0.8624
vn -0.5015 -0.0135 -0.8650
vn -0.5295 -0.0360 -0.8475
vn -0.5061 -0.0246 -0.8621
vn -0.4824 -0.0360 -0.8752
vn -0.5874 -0.0541 -0.8075
vn -0.5061 -0.0302 -0.8620
vn -0.4205 -0.0543 -0.9057
vn -0.2768 -0.8333 0.4786
vn -0.3062 -0.9349 0.1793
vn -0.5530 -0.8332 0.0050
vn -0.3285 -0.8941 0.3043
vn -0.3187 -0.9293 0.1869
vn -0.4262 -0.8941 0.1372
vn -0.4209 -0.8654 0.2719
vn -0.4123 -0.8783 0.2419
vn -0.4427 -0.8654 0.2346
vn 0.6255 -0.0868 -0.7754
vn 0.8644 -0.0747 -0.4972
vn 0.9908 -0.0704 -0.1157
vn 0.6054 -0.0110 -0.7958
vn 0.8637 -0.0064 -0.5040
vn 0.9922 -0.0046 -0.1243
vn 0.5952 0.0548 -0.8017
vn 0.8613 0.0561 -0.5050
vn 0.9906 0.0568 -0.1248
vn -0.2840 -0.2297 -0.9309
vn -0.4225 -0.1055 -0.9002
vn -0.4574 -0.0320 -0.8887
vn -0.1952 -0.3269 -0.9247
vn -0.3104 -0.1398 -0.9403
vn -0.3390 -0.0391 -0.9400
vn -0.0183 -0.3659 -0.9305
vn -0.0648 -0.1578 -0.9854
vn -0.0768 -0.0425 -0.9961
vn 0.2801 -0.2113 -0.9364
vn 0.3709 0.1263 -0.9200
vn 0.2879 0.5620 -0.7754
vn 0.0476 -0.0367 -0.9982
vn 0.1040 0.1852 -0.9772
vn 0.0937 0.5214 -0.8482
vn 0.0546 0.0388 -0.9978
vn 0.0761 0.2069 -0.9754
vn 0.0778 0.4788 -0.8745
vn 0.5062 -0.0000 0.8624
vn 0.5105 -0.0128 0.8598
vn 0.5062 -0.0093 0.8624
vn 0.5017 -0.0128 0.8650
vn 0.5278 -0.0342 0.8487
vn 0.5060 -0.0233 0.8622
vn 0.4831 -0.0341 0.8749
vn 0.5819 -0.0516 0.8116
vn 0.5059 -0.0287 0.8621
vn 0.4232 -0.0513 0.9046
vn 0.1327 0.9827 0.1293
vn 0.1004 0.9801 0.1713
vn 0.0475 0.9826 0.1796
vn 0.0710 0.9957 0.0593
vn 0.0423 0.9965 0.0722
vn 0.0166 0.9957 0.0912
vn 0.0880 0.9959 0.0203
vn 0.0212 0.9991 0.0363
vn -0.0265 0.9958 0.0872
vn -0.5863 -0.0737 0.8067
vn -0.8553 -0.0777 0.5122
vn -0.9813 -0.0898 0.1705
vn -0.5912 -0.0289 0.8060
vn -0.8606 -0.0311 0.5084
vn -0.9896 -0.0355 0.1397
vn -0.5920 -0.0090 0.8059
vn -0.8620 -0.0097 0.5067
vn -0.9917 -0.0111 0.1278
vn -0.5560 -0.0319 -0.8306
vn -0.5847 -0.1053 -0.8044
vn -0.6842 -0.2281 -0.6926
vn -0.6659 -0.0389 -0.7450
vn -0.6812 -0.1389 -0.7188
vn -0.7269 -0.3230 -0.6061
vn -0.8496 -0.0417 -0.5258
vn -0.8462 -0.1545 -0.5099
vn -0.8224 -0.3578 -0.4424
vn -0.8286 -0.4903 0.2702
vn -0.7475 -0.4279 0.5080
vn -0.4923 -0.4167 0.7642
vn -0.6179 -0.7266 0.3004
vn -0.5765 -0.6767 0.4579
vn -0.4001 -0.6383 0.6576
vn -0.5046 -0.8044 0.3137
vn -0.4657 -0.7789 0.4201
vn -0.3444 -0.7373 0.5812
vn 0.8133 -0.3883 -0.4332
vn 0.8712 -0.1510 -0.4672
vn 0.8806 -0.0392 -0.4722
vn 0.8572 -0.3857 -0.3413
vn 0.9152 -0.1503 -0.3740
vn 0.9248 -0.0388 -0.3786
vn 0.9170 -0.3697 -0.1495
vn 0.9753 -0.1509 -0.1616
vn 0.9856 -0.0393 -0.1645
vn 0.8617 -0.0395 -0.5058
vn 0.8525 -0.1515 -0.5003
vn 0.7946 -0.3887 -0.4664
vn 0.8800 0.0548 -0.4718
vn 0.8643 0.1954 -0.4634
vn 0.7833 0.4608 -0.4172
vn 0.9241 0.0543 -0.3783
vn 0.9081 0.1946 -0.3708
vn 0.8260 0.4578 -0.3288
vn 0.9849 0.0550 -0.1642
vn 0.9675 0.1958 -0.1600
vn 0.8853 0.4420 -0.1442
vn 0.8424 -0.0392 -0.5374
vn 0.8334 -0.1510 -0.5316
vn 0.7756 -0.3884 -0.4976
vn 0.7853 -0.0389 -0.6179
vn 0.7765 -0.1504 -0.6118
vn 0.7196 -0.3861 -0.5771
vn 0.6365 -0.0396 -0.7702
vn 0.6287 -0.1519 -0.7627
vn 0.5888 -0.3719 -0.7177
vn 0.1789 0.9710 -0.1586
vn 0.2297 0.9639 -0.1348
vn 0.2262 0.9709 -0.0785
vn 0.1791 0.9763 -0.1215
vn 0.1970 0.9736 -0.1156
vn 0.1936 0.9763 -0.0969
vn 0.3035 0.9352 -0.1823
vn 0.3090 0.9336 -0.1814
vn 0.3071 0.9352 -0.1760
vn 0.1260 0.9919 0.0166
vn 0.1206 0.9915 0.0478
vn 0.2195 0.9715 0.0890
vn 0.1620 0.9859 -0.0423
vn 0.1896 0.9817 0.0146
vn 0.2996 0.9476 0.1107
vn 0.3072 0.9413 -0.1396
vn 0.3460 0.9356 -0.0701
vn 0.4320 0.9000 0.0587
vn 0.5506 -0.0303 0.8342
vn 0.5765 -0.1001 0.8110
vn 0.6680 -0.2196 0.7110
vn 0.6484 -0.0372 0.7604
vn 0.6625 -0.1332 0.7371
vn 0.7061 -0.3142 0.6346
vn 0.8214 -0.0407 0.5689
vn 0.8188 -0.1515 0.5537
vn 0.7971 -0.3540 0.4892
vn 0.5456 -0.0000 0.8380
vn 0.6459 -0.0000 0.7634
vn 0.8213 -0.0000 0.5705
vn -0.8780 0.0501 0.4761
vn -0.8648 0.1794 0.4689
vn -0.7945 0.4306 0.4282
vn -0.9174 0.0497 0.3948
vn -0.9040 0.1792 0.3881
vn -0.8329 0.4290 0.3498
vn -0.9771 0.0512 0.2064
vn -0.9622 0.1830 0.2017
vn -0.8894 0.4181 0.1849
vn -0.8619 -0.0361 0.5059
vn -0.8541 -0.1388 0.5013
vn -0.8043 -0.3609 0.4721
vn -0.8209 -0.3608 0.4426
vn -0.8706 -0.1383 0.4722
vn -0.8785 -0.0359 0.4764
vn -0.8604 -0.3594 0.3614
vn -0.9100 -0.1381 0.3909
vn -0.9180 -0.0356 0.3951
vn -0.9178 -0.3481 0.1908
vn -0.9689 -0.1407 0.2035
vn -0.9777 -0.0366 0.2068
vn -0.8435 -0.0359 0.5359
vn -0.8360 -0.1383 0.5311
vn -0.7859 -0.3608 0.5021
vn -0.7889 -0.0355 0.6134
vn -0.7815 -0.1379 0.6085
vn -0.7316 -0.3591 0.5796
vn -0.6458 -0.0363 0.7627
vn -0.6389 -0.1398 0.7565
vn -0.6037 -0.3463 0.7181
vn 0.2828 -0.2182 0.9341
vn 0.4220 -0.0999 0.9011
vn 0.4569 -0.0303 0.8890
vn 0.1901 -0.3107 0.9313
vn 0.3063 -0.1323 0.9427
vn 0.3352 -0.0370 0.9414
vn 0.0062 -0.3465 0.9380
vn 0.0529 -0.1485 0.9875
vn 0.0650 -0.0400 0.9971
vn -0.1300 0.9914 -0.0113
vn -0.1226 0.9916 -0.0416
vn -0.2224 0.9718 -0.0779
vn -0.1721 0.9838 0.0501
vn -0.1974 0.9803 -0.0042
vn -0.3063 0.9474 -0.0928
vn -0.3284 0.9319 0.1539
vn -0.3646 0.9270 0.0884
vn -0.4472 0.8939 -0.0316
vn -0.3021 -0.2086 0.9302
vn -0.3941 0.1168 0.9116
vn -0.3101 0.5438 0.7798
vn -0.0703 -0.0382 0.9968
vn -0.1284 0.1735 0.9764
vn -0.1152 0.5005 0.8580
vn -0.0739 0.0354 0.9966
vn -0.0961 0.1943 0.9762
vn -0.0965 0.4565 0.8845
vn -0.0374 0.9703 0.2390
vn -0.0215 0.9911 0.1312
vn -0.0523 0.9912 0.1217
vn -0.0633 0.9446 0.3219
vn -0.0903 0.9798 0.1785
vn -0.1268 0.9837 0.1273
vn -0.1836 0.8908 0.4157
vn -0.2523 0.9264 0.2794
vn -0.2938 0.9319 0.2128
vn 0.4629 -0.0000 0.8864
vn 0.3393 -0.0000 0.9407
vn 0.0664 -0.0000 0.9978
vn 0.7158 -0.3324 0.6141
vn 0.6141 -0.1694 0.7708
vn 0.5624 -0.0493 0.8254
vn 0.7540 -0.1168 0.6464
vn 0.6912 -0.0662 0.7197
vn 0.6571 -0.0201 0.7536
vn 0.8512 -0.0258 0.5241
vn 0.8339 -0.0153 0.5517
vn 0.8244 -0.0047 0.5660
vn 0.4520 -0.7387 0.5000
vn 0.3126 -0.7863 0.5330
vn 0.2135 -0.7389 0.6391
vn 0.5105 -0.3905 0.7661
vn 0.4581 -0.4251 0.7807
vn 0.4189 -0.3907 0.8197
vn 0.5129 -0.1129 0.8510
vn 0.5023 -0.1239 0.8558
vn 0.4927 -0.1129 0.8628
vn -0.4634 -0.0000 -0.8861
vn -0.3431 -0.0000 -0.9393
vn -0.0782 -0.0000 -0.9969
vn -0.4510 -0.7458 -0.4903
vn -0.3088 -0.7927 -0.5256
vn -0.2110 -0.7456 -0.6321
vn -0.5107 -0.3979 -0.7621
vn -0.4565 -0.4327 -0.7775
vn -0.4175 -0.3977 -0.8170
vn -0.5132 -0.1156 -0.8505
vn -0.5021 -0.1267 -0.8555
vn -0.4926 -0.1156 -0.8626
vn -0.7312 -0.3369 -0.5931
vn -0.6243 -0.1733 -0.7617
vn -0.5686 -0.0506 -0.8210
vn -0.7773 -0.1189 -0.6178
vn -0.7115 -0.0677 -0.6994
vn -0.6752 -0.0206 -0.7373
vn -0.8793 -0.0262 -0.4755
vn -0.8623 -0.0155 -0.5062
vn -0.8528 -0.0048 -0.5222
vn -0.8284 0.5514 -0.0980
vn -0.9888 0.1205 -0.0878
vn -0.9615 -0.2098 -0.1777
vn -0.8039 0.5125 -0.3019
vn -0.9198 0.1799 -0.3486
vn -0.9111 -0.0376 -0.4104
vn -0.8209 0.4685 -0.3266
vn -0.9062 0.2009 -0.3722
vn -0.9149 0.0371 -0.4019
vn -0.1800 0.9817 0.0618
vn -0.0126 0.9997 -0.0212
vn 0.1402 0.9820 -0.1268
vn -0.2205 0.9731 0.0662
vn -0.0238 0.9989 -0.0404
vn 0.1646 0.9732 -0.1603
vn -0.2602 0.9651 0.0306
vn -0.0545 0.9942 -0.0927
vn 0.1534 0.9651 -0.2123
vn -0.6666 0.5100 0.5436
vn -0.7771 0.0174 0.6291
vn -0.6777 -0.4500 0.5816
vn -0.6843 0.5051 0.5260
vn -0.7952 0.0060 0.6063
vn -0.6866 -0.4864 0.5404
vn -0.6523 0.5043 0.5659
vn -0.7523 0.0017 0.6588
vn -0.6519 -0.4997 0.5703
vn 0.7651 0.4615 -0.4491
vn 0.8457 0.1961 -0.4964
vn 0.8611 0.0552 -0.5054
vn 0.7469 0.4608 -0.4793
vn 0.8268 0.1955 -0.5274
vn 0.8418 0.0548 -0.5370
vn 0.6933 0.4583 -0.5561
vn 0.7703 0.1949 -0.6072
vn 0.7847 0.0543 -0.6175
vn 0.5681 0.4444 -0.6926
vn 0.6233 0.1972 -0.7567
vn 0.6359 0.0554 -0.7698
vn 0.8210 0.5539 0.1384
vn 0.9829 0.1223 0.1374
vn 0.9517 -0.2100 0.2240
vn 0.7876 0.5089 0.3475
vn 0.8988 0.1784 0.4004
vn 0.8879 -0.0373 0.4586
vn 0.7997 0.4662 0.3784
vn 0.8813 0.1998 0.4283
vn 0.8885 0.0370 0.4573
vn -0.7782 0.4310 0.4567
vn -0.8483 0.1800 0.4979
vn -0.8613 0.0504 0.5055
vn -0.7605 0.4306 0.4860
vn -0.8303 0.1794 0.5276
vn -0.8430 0.0501 0.5356
vn -0.7082 0.4286 0.5611
vn -0.7762 0.1790 0.6046
vn -0.7884 0.0497 0.6131
vn -0.5851 0.4161 0.6961
vn -0.6342 0.1819 0.7515
vn -0.6452 0.0509 0.7623
vn 0.4425 -0.0494 0.8954
vn 0.3655 -0.1696 0.9152
vn 0.1696 -0.3316 0.9280
vn 0.3242 -0.0201 0.9458
vn 0.2744 -0.0663 0.9593
vn 0.1731 -0.1166 0.9780
vn 0.0605 -0.0047 0.9982
vn 0.0422 -0.0152 0.9990
vn 0.0074 -0.0257 0.9996
vn -0.4437 -0.0505 -0.8948
vn -0.3690 -0.1731 -0.9132
vn -0.1792 -0.3378 -0.9240
vn -0.3287 -0.0205 -0.9442
vn -0.2813 -0.0677 -0.9572
vn -0.1849 -0.1191 -0.9755
vn -0.0727 -0.0048 -0.9973
vn -0.0553 -0.0156 -0.9983
vn -0.0224 -0.0263 -0.9994
vn 0.6911 0.6972 0.1904
vn 0.3255 0.7658 0.5546
vn -0.1708 0.6972 0.6962
vn 0.9359 -0.0000 0.3521
vn -0.1489 -0.0000 0.9889
vn 0.6911 -0.6972 0.1904
vn 0.3255 -0.7658 0.5546
vn -0.1708 -0.6972 0.6962
vn -0.1301 -0.9642 0.2309
vn 0.0628 -0.9922 0.1074
vn 0.2640 -0.9645 0.0006
vn -0.1606 -0.9661 0.2023
vn 0.0444 -0.9961 0.0758
vn 0.2546 -0.9662 -0.0408
vn -0.1506 -0.9619 0.2282
vn 0.0622 -0.9924 0.1060
vn 0.2726 -0.9619 -0.0200
vn 0.1797 0.9819 -0.0597
vn 0.0127 0.9997 0.0219
vn -0.1413 0.9817 0.1279
vn 0.2209 0.9732 -0.0644
vn 0.0243 0.9988 0.0415
vn -0.1646 0.9731 0.1614
vn 0.2614 0.9648 -0.0282
vn 0.0557 0.9939 0.0949
vn -0.1523 0.9648 0.2144
vn 0.8394 -0.4539 -0.2991
vn 0.9318 0.0182 -0.3625
vn 0.7997 0.5152 -0.3084
vn 0.8070 -0.4881 -0.3324
vn 0.9186 0.0062 -0.3951
vn 0.7932 0.5069 -0.3375
vn 0.8159 -0.5003 -0.2900
vn 0.9424 0.0017 -0.3345
vn 0.8122 0.5049 -0.2924
vn -0.6899 0.7009 -0.1812
vn -0.3223 0.7711 -0.5491
vn 0.1781 0.7009 -0.6907
vn -0.9387 -0.0000 -0.3448
vn 0.1566 -0.0000 -0.9877
vn -0.6899 -0.7009 -0.1812
vn -0.3223 -0.7711 -0.5491
vn 0.1781 -0.7009 -0.6907
vn -0.8368 -0.4501 0.3116
vn -0.9268 0.0177 0.3752
vn -0.7982 0.5105 0.3199
vn -0.8054 -0.4866 0.3385
vn -0.9159 0.0061 0.4013
vn -0.7917 0.5053 0.3433
vn -0.8143 -0.5001 0.2946
vn -0.9406 0.0017 0.3395
vn -0.8106 0.5047 0.2970
vn 0.6610 0.5157 -0.5450
vn 0.7733 0.0186 -0.6338
vn 0.6729 -0.4540 -0.5840
vn 0.6829 0.5072 -0.5258
vn 0.7946 0.0063 -0.6071
vn 0.6854 -0.4882 -0.5402
vn 0.6535 0.5052 -0.5636
vn 0.7542 0.0017 -0.6566
vn 0.6533 -0.5006 -0.5680
vn 0.1298 -0.9649 -0.2281
vn -0.0616 -0.9926 -0.1047
vn -0.2635 -0.9646 0.0038
vn 0.1609 -0.9664 -0.2005
vn -0.0435 -0.9963 -0.0740
vn -0.2539 -0.9663 0.0434
vn 0.1519 -0.9622 -0.2259
vn -0.0608 -0.9928 -0.1036
vn -0.2713 -0.9622 0.0227
vn -0.7788 -0.0225 -0.6269
vn -0.5923 -0.0102 -0.8056
vn -0.4432 0.0259 -0.8960
vn -0.7791 -0.1251 -0.6142
vn -0.6147 -0.1178 -0.7799
vn -0.5170 -0.1016 -0.8499
vn -0.7261 -0.3902 -0.5662
vn -0.5810 -0.4101 -0.7031
vn -0.4959 -0.4135 -0.7636
vn 0.6991 0.2047 0.6851
vn 0.5791 -0.0503 0.8137
vn 0.5001 -0.4219 0.7562
vn 0.7508 0.3021 0.5875
vn 0.6932 -0.0292 0.7202
vn 0.6178 -0.4234 0.6626
vn 0.8522 0.3372 0.4000
vn 0.8765 -0.0124 0.4812
vn 0.8065 -0.3890 0.4452
vn -0.6381 -0.0898 0.7647
vn -0.8639 -0.0778 0.4976
vn -0.9880 -0.0742 0.1358
vn -0.6173 -0.0355 0.7859
vn -0.8633 -0.0311 0.5037
vn -0.9897 -0.0291 0.1404
vn -0.6089 -0.0111 0.7932
vn -0.8627 -0.0097 0.5056
vn -0.9899 -0.0091 0.1414
vn 0.7014 -0.0199 0.7125
vn 0.5036 -0.0108 0.8639
vn 0.2728 -0.0224 0.9618
vn 0.7211 -0.0010 0.6928
vn 0.4959 -0.0030 0.8684
vn 0.2278 -0.0102 0.9737
vn 0.7004 0.0174 0.7135
vn 0.4796 0.0037 0.8775
vn 0.2067 -0.0027 0.9784
vn 0.7478 -0.1044 0.6557
vn 0.5002 -0.1020 0.8599
vn 0.1988 -0.1075 0.9741
vn 0.7441 -0.0308 0.6674
vn 0.4941 -0.0373 0.8686
vn 0.1914 -0.0412 0.9807
vn 0.7121 0.0097 0.7021
vn 0.4775 -0.0065 0.8786
vn 0.1862 -0.0120 0.9824
vn -0.7457 -0.1066 -0.6577
vn -0.5067 -0.1014 -0.8561
vn -0.2195 -0.1037 -0.9701
vn -0.7535 -0.0409 -0.6561
vn -0.5169 -0.0372 -0.8552
vn -0.2329 -0.0308 -0.9720
vn -0.7570 -0.0119 -0.6534
vn -0.5329 -0.0067 -0.8462
vn -0.2776 0.0088 -0.9607
vn 0.5981 -0.0710 -0.7983
vn 0.8558 -0.0748 -0.5118
vn 0.9795 -0.0867 -0.1820
vn 0.6062 -0.0046 -0.7953
vn 0.8613 -0.0064 -0.5081
vn 0.9876 -0.0107 -0.1567
vn 0.6058 0.0572 -0.7935
vn 0.8608 0.0563 -0.5057
vn 0.9878 0.0553 -0.1457
vn -0.7157 -0.0236 -0.6980
vn -0.5089 -0.0114 -0.8608
vn -0.2681 -0.0209 -0.9632
vn -0.7488 -0.0107 -0.6627
vn -0.5170 -0.0032 -0.8560
vn -0.2402 -0.0011 -0.9707
vn -0.7636 -0.0028 -0.6457
vn -0.5337 0.0039 -0.8457
vn -0.2697 0.0183 -0.9628
vn 0.1132 -0.9588 0.2606
vn 0.0399 -0.9518 0.3043
vn -0.1055 -0.9190 0.3800
vn -0.0281 -0.9995 0.0165
vn -0.0998 -0.9933 0.0586
vn -0.2517 -0.9565 0.1477
vn -0.1723 -0.9588 -0.2259
vn -0.2462 -0.9518 -0.1832
vn -0.3832 -0.9190 -0.0931
vn -0.3888 -0.9153 -0.1052
vn -0.2524 -0.9478 -0.1950
vn -0.1789 -0.9547 -0.2376
vn -0.2518 -0.9564 0.1478
vn -0.0977 -0.9153 0.3907
vn 0.0472 -0.9478 0.3155
vn 0.1202 -0.9547 0.2721
vn -0.7683 -0.0215 -0.6397
vn -0.5881 -0.0097 -0.8088
vn -0.4464 0.0246 -0.8945
vn -0.7692 -0.1196 -0.6277
vn -0.6097 -0.1119 -0.7847
vn -0.5166 -0.0964 -0.8508
vn -0.7207 -0.3764 -0.5822
vn -0.5797 -0.3943 -0.7131
vn -0.4981 -0.3972 -0.7708
vn -0.5916 -0.0269 0.8058
vn -0.8621 -0.0270 0.5060
vn -0.9920 -0.0269 0.1237
vn -0.5862 -0.1331 0.7992
vn -0.8544 -0.1359 0.5015
vn -0.9835 -0.1331 0.1221
vn -0.5415 -0.4068 0.7357
vn -0.7775 -0.4327 0.4564
vn -0.9064 -0.4068 0.1141
vn 0.5633 0.0246 0.8259
vn 0.4194 -0.0097 0.9077
vn 0.1840 -0.0215 0.9827
vn 0.4909 -0.0964 0.8658
vn 0.3878 -0.1119 0.9149
vn 0.1730 -0.1196 0.9776
vn 0.4301 -0.3972 0.8107
vn 0.3399 -0.3943 0.8538
vn 0.1569 -0.3764 0.9131
vn -0.6056 -0.0272 0.7953
vn -0.9896 -0.0272 0.1410
vn -0.5998 -0.1342 0.7888
vn -0.8544 -0.1360 0.5015
vn -0.9811 -0.1342 0.1391
vn -0.5536 -0.4093 0.7252
vn -0.7774 -0.4329 0.4563
vn -0.9031 -0.4093 0.1298
vn 0.5662 0.0259 0.8238
vn 0.4146 -0.0102 0.9099
vn 0.1676 -0.0225 0.9856
vn 0.4900 -0.1016 0.8658
vn 0.3812 -0.1178 0.9169
vn 0.1564 -0.1251 0.9797
vn 0.4249 -0.4135 0.8053
vn 0.3306 -0.4101 0.8500
vn 0.1404 -0.3902 0.9100
vn 0.5485 0.3871 -0.7412
vn 0.7993 0.3754 -0.4692
vn 0.9145 0.3871 -0.1175
vn 0.4757 0.6135 -0.6304
vn 0.6735 0.6246 -0.3953
vn 0.7823 0.6135 -0.1080
vn 0.4154 0.7281 -0.5452
vn 0.5681 0.7524 -0.3334
vn 0.6786 0.7281 -0.0969
vn 0.6689 0.3146 -0.6734
vn 0.8161 0.3233 -0.4790
vn 0.9141 0.3147 -0.2557
vn 0.7036 -0.0000 -0.7106
vn 0.9635 -0.0000 -0.2678
vn 0.6689 -0.3147 -0.6734
vn 0.8161 -0.3233 -0.4790
vn 0.9141 -0.3147 -0.2557
vn 0.6604 0.3135 -0.6823
vn 0.9177 0.3135 -0.2440
vn 0.6946 -0.0000 -0.7194
vn 0.9668 -0.0000 -0.2557
vn 0.6604 -0.3135 -0.6823
vn 0.9177 -0.3135 -0.2440
vn 0.1871 -0.9544 0.2328
vn 0.0359 -0.9991 -0.0211
vn -0.1120 -0.9544 -0.2768
vn 0.2926 -0.9412 0.1688
vn 0.1402 -0.9867 -0.0823
vn -0.0047 -0.9412 -0.3378
vn 0.4871 -0.8728 0.0293
vn 0.3588 -0.9094 -0.2106
vn 0.2119 -0.8728 -0.4396
vn 0.1805 -0.9584 0.2211
vn -0.1051 -0.9584 -0.2654
vn 0.2867 -0.9451 0.1570
vn 0.0027 -0.9451 -0.3268
vn 0.4821 -0.8759 0.0176
vn 0.3588 -0.9093 -0.2106
vn 0.2197 -0.8759 -0.4295
vn -0.4220 -0.4056 -0.8108
vn -0.4323 -0.0477 -0.9005
vn -0.2692 0.1962 -0.9429
vn -0.2886 -0.4081 -0.8661
vn -0.3017 -0.0277 -0.9530
vn -0.1628 0.2914 -0.9426
vn -0.0152 -0.3770 -0.9261
vn -0.0132 -0.0117 -0.9998
vn 0.0446 0.3276 -0.9438
vn -0.4164 -0.4219 -0.8053
vn -0.4281 -0.0503 -0.9023
vn -0.2573 0.2047 -0.9444
vn -0.2773 -0.4234 -0.8624
vn -0.2908 -0.0292 -0.9563
vn -0.1469 0.3021 -0.9419
vn 0.0045 -0.3890 -0.9212
vn 0.0072 -0.0124 -0.9999
vn 0.0662 0.3372 -0.9391
vn 0.6920 0.1962 0.6947
vn 0.5754 -0.0477 0.8164
vn 0.5021 -0.4056 0.7637
vn 0.7436 0.2914 0.6017
vn 0.6850 -0.0277 0.7280
vn 0.6155 -0.4081 0.6742
vn 0.8457 0.3276 0.4212
vn 0.8665 -0.0117 0.4990
vn 0.8012 -0.3770 0.4647
vn 0.5354 0.3842 -0.7522
vn 0.7996 0.3747 -0.4693
vn 0.9177 0.3842 -0.1007
vn 0.4653 0.6104 -0.6411
vn 0.6738 0.6242 -0.3955
vn 0.7866 0.6104 -0.0937
vn 0.4068 0.7254 -0.5552
vn 0.6831 0.7254 -0.0845
vn 0.9615 -0.2174 -0.1681
vn 0.9690 0.1703 -0.1791
vn 0.8033 0.5721 -0.1654
vn 0.8411 -0.2213 -0.4936
vn 0.8530 0.1483 -0.5005
vn 0.7278 0.5366 -0.4270
vn 0.6158 -0.2167 -0.7575
vn 0.6292 0.1723 -0.7579
vn 0.5360 0.5743 -0.6187
vn -0.4605 -0.0000 -0.8876
vn -0.3301 -0.0000 -0.9440
vn -0.0461 -0.0000 -0.9989
vn -0.9629 -0.2113 0.1681
vn -0.9658 0.1890 0.1775
vn -0.7860 0.5973 0.1595
vn -0.8422 -0.2151 0.4944
vn -0.8502 0.1676 0.4991
vn -0.7117 0.5647 0.4178
vn -0.6159 -0.2120 0.7587
vn -0.6255 0.1870 0.7575
vn -0.5225 0.5951 0.6106
vn -0.1663 -0.2038 -0.9648
vn -0.1695 0.2125 -0.9623
vn -0.1419 0.6291 -0.7642
vn -0.4955 -0.2034 -0.8444
vn -0.4955 0.2034 -0.8445
vn -0.3998 0.6130 -0.6815
vn -0.7612 -0.2027 -0.6160
vn -0.7563 0.2155 -0.6177
vn -0.5949 0.6322 -0.4964
vn 0.1669 -0.2065 0.9641
vn 0.1722 0.2042 0.9637
vn 0.1478 0.6182 0.7720
vn 0.4952 -0.2078 0.8436
vn 0.4971 0.1902 0.8466
vn 0.4066 0.5961 0.6924
vn 0.7604 -0.2076 0.6153
vn 0.7586 0.2012 0.6197
vn 0.6051 0.6150 0.5055
vn 0.2417 0.9665 -0.0862
vn 0.2092 0.9721 -0.1057
vn 0.3308 0.9244 -0.1898
vn 0.2475 0.9580 -0.1452
vn 0.2135 0.9689 -0.1253
vn 0.3330 0.9224 -0.1955
vn 0.1932 0.9666 -0.1684
vn 0.1944 0.9722 -0.1309
vn 0.3271 0.9244 -0.1963
vn -0.6274 -0.5174 0.5819
vn -0.5386 -0.7535 0.3771
vn -0.4907 -0.8283 0.2703
vn -0.7961 -0.4564 0.3974
vn -0.6558 -0.7065 0.2661
vn -0.5639 -0.8046 0.1862
vn -0.8949 -0.4428 0.0549
vn -0.7449 -0.6669 0.0204
vn -0.6460 -0.7633 0.0068
vn 0.5061 -0.4201 -0.7533
vn 0.4116 -0.6424 -0.6464
vn 0.3543 -0.7410 -0.5704
vn 0.7490 -0.4284 -0.5054
vn 0.5791 -0.6772 -0.4539
vn 0.4689 -0.7794 -0.4154
vn 0.8264 -0.4906 -0.2763
vn 0.6171 -0.7266 -0.3020
vn 0.5050 -0.8044 -0.3131
vn -0.5359 -0.8442 -0.0086
vn -0.4040 -0.9064 0.1230
vn -0.4157 -0.8829 0.2186
vn -0.2903 -0.9417 0.1699
vn -0.2983 -0.9383 0.1749
vn -0.3859 -0.8943 0.2265
vn -0.2566 -0.8444 0.4703
vn -0.3053 -0.9064 0.2918
vn -0.3937 -0.8829 0.2561
vn 0.5510 -0.6817 0.4813
vn 0.1551 -0.9836 -0.0917
vn -0.1558 -0.6805 -0.7160
vn 0.3828 -0.6550 0.6515
vn -0.0000 -1.0000 -0.0007
vn -0.3827 -0.6539 -0.6527
vn 0.1555 -0.6830 0.7137
vn -0.1524 -0.9843 0.0888
vn -0.5456 -0.6818 -0.4874
vn -0.2150 0.9731 -0.0829
vn -0.2940 0.9504 -0.1017
vn -0.4267 0.9031 -0.0478
vn -0.1182 0.9920 -0.0442
vn -0.1871 0.9823 -0.0106
vn -0.3436 0.9362 0.0745
vn -0.1243 0.9921 -0.0142
vn -0.1611 0.9860 0.0438
vn -0.3065 0.9414 0.1408
vn -0.0443 0.9840 -0.1729
vn -0.0149 0.9960 -0.0880
vn 0.0276 0.9960 -0.0851
vn -0.0960 0.9818 -0.1638
vn -0.0405 0.9968 -0.0691
vn -0.0204 0.9992 -0.0350
vn -0.1284 0.9840 -0.1232
vn -0.0690 0.9960 -0.0562
vn -0.0867 0.9961 -0.0183
vn -0.4701 -0.4391 0.7656
vn -0.3692 -0.6624 0.6519
vn -0.3108 -0.7593 0.5718
vn -0.7336 -0.4558 0.5040
vn -0.5494 -0.7059 0.4470
vn -0.4342 -0.8040 0.4063
vn -0.8162 -0.5170 0.2578
vn -0.5926 -0.7534 0.2848
vn -0.4749 -0.8283 0.2972
vn -0.5014 -0.0135 -0.8651
vn -0.4818 -0.0360 -0.8755
vn -0.4186 -0.0541 -0.9065
vn -0.5060 -0.0246 -0.8622
vn -0.5058 -0.0302 -0.8621
vn -0.5107 -0.0135 -0.8596
vn -0.5290 -0.0360 -0.8479
vn -0.5858 -0.0543 -0.8087
vn 0.5528 -0.8333 -0.0084
vn 0.4259 -0.8941 -0.1385
vn 0.4426 -0.8654 -0.2349
vn 0.3058 -0.9349 -0.1799
vn 0.3185 -0.9293 -0.1871
vn 0.4122 -0.8784 -0.2420
vn 0.2740 -0.8332 -0.4804
vn 0.3276 -0.8941 -0.3053
vn 0.4207 -0.8654 -0.2721
vn -0.9819 -0.0868 0.1681
vn -0.9900 -0.0110 0.1406
vn -0.9902 0.0548 0.1288
vn -0.8555 -0.0747 0.5123
vn -0.8611 -0.0064 0.5083
vn -0.8608 0.0561 0.5058
vn -0.5841 -0.0704 0.8086
vn -0.5923 -0.0046 0.8057
vn -0.5919 0.0568 0.8040
vn -0.6743 -0.2297 -0.7018
vn -0.7122 -0.3269 -0.6212
vn -0.8035 -0.3659 -0.4696
vn -0.5800 -0.1055 -0.8078
vn -0.6696 -0.1398 -0.7294
vn -0.8287 -0.1578 -0.5369
vn -0.5529 -0.0320 -0.8326
vn -0.6554 -0.0391 -0.7543
vn -0.8323 -0.0425 -0.5527
vn -0.9541 -0.2113 -0.2120
vn -0.8947 -0.0367 -0.4451
vn -0.8978 0.0388 -0.4388
vn -0.9841 0.1263 -0.1247
vn -0.9039 0.1852 -0.3856
vn -0.8887 0.2069 -0.4091
vn -0.8174 0.5620 -0.1267
vn -0.7862 0.5214 -0.3317
vn -0.8014 0.4788 -0.3584
vn 0.5018 -0.0128 0.8649
vn 0.4836 -0.0342 0.8746
vn 0.4250 -0.0516 0.9037
vn 0.5061 -0.0233 0.8622
vn 0.5061 -0.0287 0.8620
vn 0.5106 -0.0128 0.8597
vn 0.5283 -0.0341 0.8484
vn 0.5834 -0.0513 0.8105
vn 0.0482 0.9827 0.1789
vn 0.0172 0.9957 0.0909
vn -0.0252 0.9959 0.0867
vn 0.1006 0.9801 0.1712
vn 0.0424 0.9965 0.0721
vn 0.0214 0.9991 0.0362
vn 0.1336 0.9826 0.1290
vn 0.0716 0.9957 0.0590
vn 0.0890 0.9958 0.0194
vn 0.9902 -0.0737 -0.1186
vn 0.9920 -0.0289 -0.1232
vn 0.9922 -0.0090 -0.1240
vn 0.8642 -0.0777 -0.4970
vn 0.8634 -0.0311 -0.5035
vn 0.8627 -0.0097 -0.5056
vn 0.6273 -0.0898 -0.7736
vn 0.6044 -0.0355 -0.7959
vn 0.5951 -0.0111 -0.8036
vn -0.4541 -0.0319 -0.8904
vn -0.3258 -0.0389 -0.9446
vn -0.0448 -0.0417 -0.9981
vn -0.4173 -0.1053 -0.9027
vn -0.2955 -0.1389 -0.9452
vn -0.0326 -0.1545 -0.9875
vn -0.2711 -0.2281 -0.9351
vn -0.1747 -0.3230 -0.9301
vn 0.0147 -0.3578 -0.9337
vn 0.6399 -0.4903 -0.5917
vn 0.5635 -0.7266 -0.3931
vn 0.5199 -0.8044 -0.2876
vn 0.8080 -0.4279 -0.4050
vn 0.6809 -0.6767 -0.2801
vn 0.5938 -0.7789 -0.2018
vn 0.9072 -0.4167 -0.0572
vn 0.7692 -0.6383 -0.0287
vn 0.6754 -0.7373 -0.0173
vn -0.7748 -0.3883 0.4989
vn -0.7159 -0.3857 0.5820
vn -0.5777 -0.3697 0.7277
vn -0.8326 -0.1510 0.5329
vn -0.7727 -0.1503 0.6167
vn -0.6166 -0.1509 0.7727
vn -0.8416 -0.0392 0.5387
vn -0.7814 -0.0388 0.6228
vn -0.6241 -0.0393 0.7803
vn -0.8617 -0.0395 0.5058
vn -0.8525 -0.1515 0.5003
vn -0.7946 -0.3887 0.4664
vn -0.8410 0.0548 0.5383
vn -0.7808 0.0543 0.6224
vn -0.6235 0.0550 0.7798
vn -0.8260 0.1954 0.5287
vn -0.7665 0.1946 0.6121
vn -0.6114 0.1958 0.7667
vn -0.7462 0.4608 0.4805
vn -0.6898 0.4578 0.5609
vn -0.5576 0.4420 0.7027
vn -0.8799 -0.0392 0.4735
vn -0.9223 -0.0389 0.3844
vn -0.9828 -0.0396 0.1802
vn -0.8705 -0.1510 0.4685
vn -0.9128 -0.1504 0.3797
vn -0.9724 -0.1519 0.1770
vn -0.8126 -0.3884 0.4345
vn -0.8547 -0.3861 0.3469
vn -0.9137 -0.3719 0.1642
vn -0.2257 0.9710 0.0788
vn -0.1934 0.9763 0.0971
vn -0.3071 0.9352 0.1761
vn -0.2297 0.9639 0.1349
vn -0.1969 0.9736 0.1156
vn -0.3090 0.9336 0.1814
vn -0.1788 0.9709 0.1592
vn -0.1790 0.9763 0.1217
vn -0.3034 0.9352 0.1823
vn -0.0469 0.9919 0.1181
vn -0.1159 0.9859 0.1208
vn -0.2717 0.9413 0.2002
vn -0.0171 0.9915 0.1286
vn -0.0797 0.9817 0.1727
vn -0.2299 0.9356 0.2679
vn -0.0293 0.9715 0.2351
vn -0.0495 0.9476 0.3156
vn -0.1594 0.9000 0.4058
vn 0.4600 -0.0303 0.8874
vn 0.3477 -0.0372 0.9369
vn 0.0962 -0.0407 0.9945
vn 0.4270 -0.1001 0.8987
vn 0.3205 -0.1332 0.9378
vn 0.0843 -0.1515 0.9849
vn 0.2951 -0.2196 0.9299
vn 0.2098 -0.3142 0.9259
vn 0.0385 -0.3540 0.9345
vn 0.4657 -0.0000 0.8850
vn 0.3516 -0.0000 0.9361
vn 0.0977 -0.0000 0.9952
vn 0.8437 0.0501 -0.5344
vn 0.7920 0.0497 -0.6085
vn 0.6566 0.0512 -0.7525
vn 0.8311 0.1794 -0.5264
vn 0.7796 0.1792 -0.6001
vn 0.6452 0.1830 -0.7418
vn 0.7612 0.4306 -0.4848
vn 0.7115 0.4290 -0.5566
vn 0.5951 0.4181 -0.6864
vn 0.8619 -0.0361 -0.5059
vn 0.8541 -0.1388 -0.5013
vn 0.8043 -0.3609 -0.4721
vn 0.7867 -0.3608 -0.5010
vn 0.7350 -0.3594 -0.5750
vn 0.6141 -0.3481 -0.7083
vn 0.8367 -0.1383 -0.5299
vn 0.7850 -0.1381 -0.6039
vn 0.6500 -0.1407 -0.7468
vn 0.8442 -0.0359 -0.5348
vn 0.7925 -0.0356 -0.6089
vn 0.6572 -0.0366 -0.7528
vn 0.8792 -0.0359 -0.4752
vn 0.9202 -0.0355 -0.3897
vn 0.9807 -0.0363 -0.1920
vn 0.8712 -0.1383 -0.4710
vn 0.9123 -0.1379 -0.3857
vn 0.9720 -0.1398 -0.1890
vn 0.8216 -0.3608 -0.4414
vn 0.8627 -0.3591 -0.3561
vn 0.9213 -0.3463 -0.1770
vn 0.6777 -0.2182 0.7023
vn 0.7204 -0.3107 0.6200
vn 0.8159 -0.3465 0.4628
vn 0.5810 -0.0999 0.8078
vn 0.6737 -0.1323 0.7271
vn 0.8364 -0.1485 0.5277
vn 0.5534 -0.0303 0.8323
vn 0.6586 -0.0370 0.7516
vn 0.8388 -0.0400 0.5429
vn 0.0536 0.9914 -0.1190
vn 0.1277 0.9838 -0.1258
vn 0.2945 0.9319 -0.2117
vn 0.0234 0.9916 -0.1273
vn 0.0926 0.9803 -0.1744
vn 0.2550 0.9270 -0.2752
vn 0.0404 0.9718 -0.2321
vn 0.0683 0.9474 -0.3127
vn 0.1904 0.8939 -0.4059
vn 0.9594 -0.2086 0.1898
vn 0.9046 -0.0382 0.4246
vn 0.9062 0.0354 0.4214
vn 0.9881 0.1168 0.1003
vn 0.9151 0.1735 0.3639
vn 0.8992 0.1943 0.3921
vn 0.8320 0.5438 0.1095
vn 0.8053 0.5005 0.3177
vn 0.8193 0.4565 0.3470
vn 0.2269 0.9703 0.0839
vn 0.3119 0.9446 0.1017
vn 0.4524 0.8908 0.0424
vn 0.1250 0.9911 0.0452
vn 0.1999 0.9798 0.0082
vn 0.3670 0.9264 -0.0841
vn 0.1318 0.9912 0.0137
vn 0.1730 0.9837 -0.0487
vn 0.3291 0.9319 -0.1528
vn 0.5482 -0.0000 0.8363
vn 0.6559 -0.0000 0.7548
vn 0.8388 -0.0000 0.5445
vn 0.1871 -0.3324 0.9244
vn 0.1968 -0.1168 0.9735
vn 0.0426 -0.0258 0.9988
vn 0.3736 -0.1694 0.9120
vn 0.2913 -0.0662 0.9543
vn 0.0751 -0.0153 0.9971
vn 0.4464 -0.0493 0.8935
vn 0.3376 -0.0201 0.9411
vn 0.0922 -0.0047 0.9957
vn 0.2162 -0.7387 0.6384
vn 0.4199 -0.3905 0.8192
vn 0.4930 -0.1129 0.8627
vn 0.3130 -0.7863 0.5327
vn 0.4583 -0.4251 0.7806
vn 0.4539 -0.7389 0.4980
vn 0.5115 -0.3907 0.7654
vn 0.5131 -0.1129 0.8509
vn -0.5478 -0.0000 -0.8366
vn -0.6528 -0.0000 -0.7575
vn -0.8323 -0.0000 -0.5543
vn -0.2083 -0.7458 -0.6328
vn -0.4164 -0.3979 -0.8175
vn -0.4923 -0.1156 -0.8627
vn -0.3084 -0.7927 -0.5258
vn -0.4563 -0.4327 -0.7776
vn -0.4490 -0.7456 -0.4924
vn -0.5098 -0.3977 -0.7628
vn -0.5130 -0.1156 -0.8506
vn -0.1613 -0.3369 -0.9276
vn -0.1605 -0.1189 -0.9799
vn 0.0136 -0.0262 -0.9996
vn -0.3607 -0.1733 -0.9165
vn -0.2637 -0.0677 -0.9622
vn -0.0215 -0.0155 -0.9996
vn -0.4396 -0.0506 -0.8968
vn -0.3146 -0.0206 -0.9490
vn -0.0401 -0.0048 -0.9992
vn 0.3183 0.5514 -0.7711
vn 0.1284 0.5125 -0.8491
vn 0.1151 0.4685 -0.8759
vn 0.4054 0.1205 -0.9062
vn 0.1441 0.1799 -0.9731
vn 0.1169 0.2009 -0.9726
vn 0.3136 -0.2098 -0.9261
vn 0.0859 -0.0376 -0.9956
vn 0.0952 0.0371 -0.9948
vn 0.1417 0.9817 -0.1270
vn 0.1653 0.9731 -0.1602
vn 0.1536 0.9651 -0.2123
vn -0.0124 0.9997 -0.0213
vn -0.0237 0.9989 -0.0405
vn -0.0544 0.9942 -0.0928
vn -0.1790 0.9820 0.0606
vn -0.2202 0.9732 0.0656
vn -0.2602 0.9651 0.0304
vn 0.7996 0.5100 -0.3170
vn 0.7929 0.5051 -0.3410
vn 0.8121 0.5043 -0.2936
vn 0.9282 0.0174 -0.3718
vn 0.9170 0.0060 -0.3988
vn 0.9420 0.0017 -0.3356
vn 0.8382 -0.4500 -0.3081
vn 0.8065 -0.4864 -0.3360
vn 0.8158 -0.4997 -0.2912
vn -0.7651 0.4615 0.4491
vn -0.8457 0.1961 0.4964
vn -0.8611 0.0552 0.5054
vn -0.7827 0.4608 0.4185
vn -0.8236 0.4583 0.3342
vn -0.8817 0.4444 0.1584
vn -0.8636 0.1955 0.4647
vn -0.9057 0.1949 0.3765
vn -0.9646 0.1972 0.1753
vn -0.8793 0.0548 0.4731
vn -0.9217 0.0543 0.3841
vn -0.9821 0.0554 0.1799
vn -0.2794 0.5539 0.7843
vn -0.0806 0.5089 0.8570
vn -0.0595 0.4662 0.8827
vn -0.3593 0.1223 0.9252
vn -0.0886 0.1784 0.9800
vn -0.0558 0.1998 0.9783
vn -0.2684 -0.2100 0.9401
vn -0.0325 -0.0373 0.9988
vn -0.0339 0.0370 0.9987
vn 0.7782 0.4310 -0.4567
vn 0.8483 0.1800 -0.4979
vn 0.8613 0.0504 -0.5055
vn 0.7951 0.4306 -0.4271
vn 0.8351 0.4286 -0.3447
vn 0.8930 0.4161 -0.1715
vn 0.8655 0.1794 -0.4678
vn 0.9063 0.1790 -0.3829
vn 0.9653 0.1819 -0.1873
vn 0.8786 0.0501 -0.4749
vn 0.9197 0.0497 -0.3895
vn 0.9801 0.0509 -0.1917
vn 0.5660 -0.0494 0.8229
vn 0.6677 -0.0201 0.7441
vn 0.8420 -0.0047 0.5395
vn 0.6209 -0.1696 0.7654
vn 0.7038 -0.0663 0.7073
vn 0.8517 -0.0152 0.5239
vn 0.7276 -0.3316 0.6005
vn 0.7695 -0.1166 0.6280
vn 0.8692 -0.0257 0.4938
vn -0.5649 -0.0505 -0.8236
vn -0.6642 -0.0205 -0.7473
vn -0.8354 -0.0048 -0.5497
vn -0.6174 -0.1731 -0.7674
vn -0.6986 -0.0677 -0.7123
vn -0.8447 -0.0156 -0.5350
vn -0.7194 -0.3378 -0.6070
vn -0.7616 -0.1191 -0.6370
vn -0.8616 -0.0263 -0.5068
vn 0.2650 -0.9642 -0.0011
vn 0.2549 -0.9661 -0.0415
vn 0.2726 -0.9619 -0.0202
vn 0.0631 -0.9922 0.1072
vn 0.0446 -0.9961 0.0758
vn -0.1282 -0.9645 0.2308
vn -0.1598 -0.9662 0.2024
vn -0.1504 -0.9619 0.2282
vn -0.1398 0.9819 0.1277
vn -0.1639 0.9732 0.1615
vn -0.1521 0.9648 0.2145
vn 0.0129 0.9997 0.0218
vn 0.0244 0.9988 0.0414
vn 0.1806 0.9817 -0.0610
vn 0.2212 0.9731 -0.0650
vn 0.2615 0.9648 -0.0284
vn -0.6704 -0.4539 0.5870
vn -0.6837 -0.4881 0.5425
vn -0.6510 -0.5003 0.5709
vn -0.7708 0.0182 0.6368
vn -0.7928 0.0062 0.6094
vn -0.7515 0.0017 0.6597
vn -0.6592 0.5152 0.5478
vn -0.6814 0.5069 0.5280
vn -0.6513 0.5049 0.5665
vn 0.6801 -0.4501 -0.5787
vn 0.6882 -0.4866 -0.5382
vn 0.6543 -0.5001 -0.5673
vn 0.7794 0.0177 -0.6263
vn 0.7970 0.0061 -0.6040
vn 0.7550 0.0017 -0.6557
vn 0.6684 0.5105 -0.5409
vn 0.6857 0.5053 -0.5239
vn 0.6545 0.5047 -0.5630
vn -0.7982 0.5157 0.3114
vn -0.7920 0.5072 0.3399
vn -0.8107 0.5052 0.2958
vn -0.9304 0.0186 0.3661
vn -0.9175 0.0063 0.3978
vn -0.9410 0.0017 0.3384
vn -0.8380 -0.4540 0.3028
vn -0.8058 -0.4882 0.3350
vn -0.8144 -0.5006 0.2935
vn -0.2625 -0.9649 0.0021
vn -0.2535 -0.9664 0.0427
vn -0.2713 -0.9622 0.0225
vn -0.0614 -0.9926 -0.1049
vn -0.0434 -0.9963 -0.0741
vn 0.1318 -0.9646 -0.2283
vn 0.1617 -0.9663 -0.2005
vn 0.1521 -0.9622 -0.2258
vn -0.1676 -0.0225 -0.9856
vn -0.1564 -0.1251 -0.9797
vn -0.1404 -0.3902 -0.9100
vn -0.4146 -0.0102 -0.9099
vn -0.3812 -0.1178 -0.9169
vn -0.3306 -0.4101 -0.8500
vn -0.5662 0.0259 -0.8238
vn -0.4900 -0.1016 -0.8658
vn -0.4249 -0.4135 -0.8053
vn 0.2573 0.2047 0.9444
vn 0.1469 0.3021 0.9419
vn -0.0662 0.3372 0.9391
vn 0.4281 -0.0503 0.9023
vn 0.2908 -0.0292 0.9563
vn -0.0072 -0.0124 0.9999
vn 0.4164 -0.4219 0.8053
vn 0.2773 -0.4234 0.8624
vn -0.0045 -0.3890 0.9212
vn 0.9788 -0.0898 -0.1843
vn 0.9872 -0.0355 -0.1558
vn 0.9894 -0.0111 -0.1449
vn 0.8556 -0.0778 -0.5117
vn 0.8607 -0.0311 -0.5082
vn 0.8621 -0.0097 -0.5067
vn 0.6002 -0.0742 -0.7964
vn 0.6051 -0.0291 -0.7956
vn 0.6060 -0.0091 -0.7954
vn 0.2801 -0.0199 0.9598
vn 0.2533 -0.0010 0.9674
vn 0.2815 0.0174 0.9594
vn 0.5087 -0.0108 0.8608
vn 0.5164 -0.0030 0.8563
vn 0.5323 0.0037 0.8465
vn 0.7068 -0.0224 0.7071
vn 0.7390 -0.0102 0.6736
vn 0.7535 -0.0027 0.6575
vn 0.2079 -0.1044 0.9726
vn 0.2200 -0.0308 0.9750
vn 0.2658 0.0097 0.9640
vn 0.5068 -0.1020 0.8560
vn 0.5174 -0.0373 0.8549
vn 0.5343 -0.0065 0.8453
vn 0.7536 -0.1075 0.6485
vn 0.7629 -0.0412 0.6452
vn 0.7670 -0.0120 0.6415
vn -0.2107 -0.1066 -0.9717
vn -0.2055 -0.0409 -0.9778
vn -0.2014 -0.0119 -0.9794
vn -0.5004 -0.1014 -0.8598
vn -0.4947 -0.0372 -0.8683
vn -0.4790 -0.0067 -0.8778
vn -0.7400 -0.1037 -0.6646
vn -0.7351 -0.0308 -0.6773
vn -0.7034 0.0088 -0.7107
vn -0.9886 -0.0710 0.1330
vn -0.9899 -0.0046 0.1415
vn -0.9882 0.0572 0.1421
vn -0.8641 -0.0748 0.4977
vn -0.8636 -0.0064 0.5042
vn -0.8613 0.0563 0.5050
vn -0.6364 -0.0867 0.7665
vn -0.6183 -0.0107 0.7859
vn -0.6088 0.0553 0.7914
vn -0.2605 -0.0236 -0.9652
vn -0.2135 -0.0107 -0.9769
vn -0.1914 -0.0028 -0.9815
vn -0.5034 -0.0114 -0.8640
vn -0.4953 -0.0032 -0.8687
vn -0.4781 0.0039 -0.8783
vn -0.7102 -0.0209 -0.7037
vn -0.7305 -0.0011 -0.6830
vn -0.7091 0.0183 -0.7048
vn 0.1723 -0.9588 0.2259
vn 0.0281 -0.9995 -0.0165
vn -0.1132 -0.9588 -0.2606
vn 0.2462 -0.9518 0.1832
vn 0.0998 -0.9933 -0.0586
vn -0.0399 -0.9518 -0.3043
vn 0.3832 -0.9190 0.0931
vn 0.2517 -0.9565 -0.1477
vn 0.1055 -0.9190 -0.3800
vn 0.0977 -0.9153 -0.3907
vn 0.2518 -0.9564 -0.1478
vn 0.3888 -0.9153 0.1052
vn -0.0472 -0.9478 -0.3155
vn 0.2524 -0.9478 0.1950
vn -0.1202 -0.9547 -0.2721
vn 0.1789 -0.9547 0.2376
vn -0.1840 -0.0215 -0.9827
vn -0.1730 -0.1196 -0.9776
vn -0.1569 -0.3764 -0.9131
vn -0.4194 -0.0097 -0.9077
vn -0.3878 -0.1119 -0.9149
vn -0.3399 -0.3943 -0.8538
vn -0.5633 0.0246 -0.8259
vn -0.4909 -0.0964 -0.8658
vn -0.4301 -0.3972 -0.8107
vn 0.9920 -0.0269 -0.1237
vn 0.9835 -0.1331 -0.1221
vn 0.9064 -0.4068 -0.1141
vn 0.8621 -0.0270 -0.5060
vn 0.8544 -0.1359 -0.5015
vn 0.7775 -0.4327 -0.4564
vn 0.5916 -0.0269 -0.8058
vn 0.5862 -0.1331 -0.7992
vn 0.5415 -0.4068 -0.7357
vn 0.4464 0.0246 0.8945
vn 0.5166 -0.0964 0.8508
vn 0.4981 -0.3972 0.7708
vn 0.5881 -0.0097 0.8088
vn 0.6097 -0.1119 0.7847
vn 0.5797 -0.3943 0.7131
vn 0.7683 -0.0215 0.6397
vn 0.7692 -0.1196 0.6277
vn 0.7207 -0.3764 0.5822
vn 0.9896 -0.0272 -0.1410
vn 0.9811 -0.1342 -0.1391
vn 0.9031 -0.4093 -0.1298
vn 0.8544 -0.1360 -0.5015
vn 0.7774 -0.4329 -0.4563
vn 0.6056 -0.0272 -0.7953
vn 0.5998 -0.1342 -0.7888
vn 0.5536 -0.4093 -0.7252
vn 0.4432 0.0259 0.8960
vn 0.5170 -0.1016 0.8499
vn 0.4959 -0.4135 0.7636
vn 0.5923 -0.0102 0.8056
vn 0.6147 -0.1178 0.7799
vn 0.5809 -0.4101 0.7031
vn 0.7788 -0.0225 0.6269
vn 0.7791 -0.1251 0.6142
vn 0.7261 -0.3902 0.5662
vn -0.9145 0.3871 0.1175
vn -0.7823 0.6135 0.1080
vn -0.6786 0.7281 0.0969
vn -0.7993 0.3754 0.4692
vn -0.6735 0.6246 0.3953
vn -0.5681 0.7524 0.3334
vn -0.5485 0.3871 0.7412
vn -0.4757 0.6135 0.6304
vn -0.4154 0.7281 0.5452
vn -0.9141 0.3147 0.2557
vn -0.9635 -0.0000 0.2678
vn -0.9141 -0.3147 0.2557
vn -0.8161 0.3233 0.4790
vn -0.8161 -0.3233 0.4790
vn -0.6689 0.3147 0.6734
vn -0.7036 -0.0000 0.7106
vn -0.6689 -0.3146 0.6734
vn -0.9177 0.3135 0.2440
vn -0.9668 -0.0000 0.2557
vn -0.9177 -0.3135 0.2440
vn -0.6604 0.3135 0.6823
vn -0.6946 -0.0000 0.7194
vn -0.6604 -0.3135 0.6823
vn 0.1120 -0.9544 0.2768
vn 0.0047 -0.9412 0.3378
vn -0.2119 -0.8728 0.4396
vn -0.0359 -0.9991 0.0211
vn -0.1402 -0.9867 0.0823
vn -0.3588 -0.9094 0.2106
vn -0.1871 -0.9544 -0.2328
vn -0.2926 -0.9412 -0.1688
vn -0.4871 -0.8728 -0.0293
vn 0.1051 -0.9584 0.2654
vn -0.0027 -0.9451 0.3268
vn -0.2197 -0.8759 0.4295
vn -0.3588 -0.9093 0.2106
vn -0.1805 -0.9584 -0.2211
vn -0.2867 -0.9451 -0.1570
vn -0.4821 -0.8759 -0.0176
vn -0.5021 -0.4056 -0.7637
vn -0.6155 -0.4081 -0.6742
vn -0.8012 -0.3770 -0.4647
vn -0.5754 -0.0477 -0.8164
vn -0.6850 -0.0277 -0.7280
vn -0.8665 -0.0117 -0.4990
vn -0.6920 0.1962 -0.6947
vn -0.7436 0.2914 -0.6017
vn -0.8457 0.3276 -0.4212
vn -0.5001 -0.4219 -0.7562
vn -0.6178 -0.4234 -0.6626
vn -0.8065 -0.3890 -0.4452
vn -0.5791 -0.0503 -0.8137
vn -0.6932 -0.0292 -0.7202
vn -0.8765 -0.0124 -0.4812
vn -0.6991 0.2047 -0.6851
vn -0.7508 0.3021 -0.5875
vn -0.8522 0.3372 -0.4000
vn 0.2692 0.1962 0.9429
vn 0.1628 0.2914 0.9426
vn -0.0446 0.3276 0.9438
vn 0.4323 -0.0477 0.9005
vn 0.3017 -0.0277 0.9530
vn 0.0132 -0.0117 0.9998
vn 0.4220 -0.4056 0.8108
vn 0.2886 -0.4081 0.8661
vn 0.0152 -0.3770 0.9261
vn -0.9177 0.3842 0.1007
vn -0.7866 0.6104 0.0937
vn -0.6831 0.7254 0.0845
vn -0.7996 0.3747 0.4693
vn -0.6738 0.6242 0.3955
vn -0.5354 0.3842 0.7522
vn -0.4653 0.6104 0.6411
vn -0.4068 0.7254 0.5552
vt 0.437500 0.062500
vt 0.500000 0.062500
vt 0.500000 0.125000
vt 0.437500 0.125000
vt 0.562500 0.062500
vt 0.562500 0.125000
vt 0.500000 0.187500
vt 0.437500 0.187500
vt 0.562500 0.187500
vt 0.375000 0.000000
vt 0.437500 0.000000
vt 0.375000 0.062500
vt 0.500000 0.000000
vt 0.562500 0.000000
vt 0.625000 0.000000
vt 0.625000 0.062500
vt 0.625000 0.125000
vt 0.625000 0.187500
vt 0.625000 0.250000
vt 0.562500 0.250000
vt 0.500000 0.250000
vt 0.437500 0.250000
vt 0.375000 0.187500
vt 0.375000 0.250000
vt 0.375000 0.125000
vt 0.436980 0.401931
vt 0.432395 0.375000
vt 0.434592 0.375000
vt 0.438854 0.401356
vt 0.436980 0.348069
vt 0.438854 0.348644
vt 0.434738 0.375000
vt 0.438502 0.401982
vt 0.438502 0.348018
vt 0.447320 0.427680
vt 0.432504 0.403809
vt 0.450777 0.424223
vt 0.427565 0.375000
vt 0.432504 0.346191
vt 0.447320 0.322320
vt 0.450777 0.325777
vt 0.451986 0.326986
vt 0.450946 0.325946
vt 0.446934 0.321934
vt 0.436408 0.347252
vt 0.433629 0.375000
vt 0.436408 0.402748
vt 0.450946 0.424054
vt 0.446934 0.428066
vt 0.451986 0.423014
vt 0.437500 0.562500
vt 0.500000 0.562500
vt 0.500000 0.625000
vt 0.437500 0.625000
vt 0.562500 0.562500
vt 0.562500 0.625000
vt 0.500000 0.687500
vt 0.437500 0.687500
vt 0.562500 0.687500
vt 0.375000 0.500000
vt 0.437500 0.500000
vt 0.375000 0.562500
vt 0.500000 0.500000
vt 0.562500 0.500000
vt 0.625000 0.500000
vt 0.625000 0.562500
vt 0.625000 0.625000
vt 0.625000 0.687500
vt 0.625000 0.750000
vt 0.562500 0.750000
vt 0.500000 0.750000
vt 0.437500 0.750000
vt 0.375000 0.687500
vt 0.375000 0.750000
vt 0.375000 0.625000
vt 0.437500 0.812500
vt 0.500000 0.812500
vt 0.500000 0.875000
vt 0.437500 0.875000
vt 0.562500 0.812500
vt 0.562500 0.875000
vt 0.500000 0.937500
vt 0.437500 0.937500
vt 0.562500 0.937500
vt 0.375000 0.812500
vt 0.625000 0.812500
vt 0.625000 0.875000
vt 0.625000 0.937500
vt 0.625000 1.000000
vt 0.562500 1.000000
vt 0.500000 1.000000
vt 0.437500 1.000000
vt 0.375000 0.937500
vt 0.375000 1.000000
vt 0.375000 0.875000
vt 0.187500 0.562500
vt 0.250000 0.562500
vt 0.250000 0.625000
vt 0.187500 0.625000
vt 0.312500 0.562500
vt 0.312500 0.625000
vt 0.250000 0.687500
vt 0.187500 0.687500
vt 0.312500 0.687500
vt 0.125000 0.500000
vt 0.187500 0.500000
vt 0.125000 0.562500
vt 0.250000 0.500000
vt 0.312500 0.500000
vt 0.312500 0.750000
vt 0.250000 0.750000
vt 0.187500 0.750000
vt 0.125000 0.687500
vt 0.125000 0.750000
vt 0.125000 0.625000
vt 0.687500 0.562500
vt 0.750000 0.562500
vt 0.750000 0.625000
vt 0.687500 0.625000
vt 0.812500 0.562500
vt 0.812500 0.625000
vt 0.750000 0.687500
vt 0.687500 0.687500
vt 0.812500 0.687500
vt 0.687500 0.500000
vt 0.750000 0.500000
vt 0.812500 0.500000
vt 0.875000 0.500000
vt 0.875000 0.562500
vt 0.875000 0.625000
vt 0.875000 0.687500
vt 0.875000 0.750000
vt 0.812500 0.750000
vt 0.750000 0.750000
vt 0.687500 0.750000
vt 0.467802 0.450063
vt 0.500000 0.455423
vt 0.500000 0.467084
vt 0.461679 0.461792
vt 0.532198 0.450063
vt 0.538321 0.461792
vt 0.500000 0.482496
vt 0.451510 0.478683
vt 0.548490 0.478683
vt 0.447320 0.427680
vt 0.471191 0.442496
vt 0.441235 0.433766
vt 0.500000 0.447435
vt 0.528809 0.442496
vt 0.552680 0.427680
vt 0.558766 0.433766
vt 0.569180 0.444180
vt 0.586820 0.461820
vt 0.625000 0.500000
vt 0.413180 0.461820
vt 0.375000 0.500000
vt 0.430820 0.444180
vt 0.575063 0.407199
vt 0.580423 0.375000
vt 0.592084 0.375000
vt 0.586792 0.413321
vt 0.575063 0.342802
vt 0.586792 0.336679
vt 0.607496 0.375000
vt 0.603683 0.423490
vt 0.603683 0.326510
vt 0.567496 0.403809
vt 0.572435 0.375000
vt 0.567496 0.346191
vt 0.552680 0.322320
vt 0.558766 0.316234
vt 0.569180 0.305820
vt 0.586820 0.288180
vt 0.625000 0.250000
vt 0.625000 0.312500
vt 0.625000 0.375000
vt 0.625000 0.437500
vt 0.532198 0.299937
vt 0.500000 0.294577
vt 0.500000 0.282916
vt 0.538321 0.288208
vt 0.467802 0.299937
vt 0.461679 0.288208
vt 0.500000 0.267504
vt 0.548490 0.271317
vt 0.451510 0.271317
vt 0.528809 0.307504
vt 0.500000 0.302565
vt 0.471191 0.307504
vt 0.447320 0.322320
vt 0.441234 0.316234
vt 0.430820 0.305820
vt 0.413180 0.288180
vt 0.375000 0.250000
vt 0.424937 0.342802
vt 0.419577 0.375000
vt 0.407916 0.375000
vt 0.413208 0.336679
vt 0.424937 0.407199
vt 0.413208 0.413321
vt 0.392504 0.375000
vt 0.396317 0.326510
vt 0.396317 0.423490
vt 0.432504 0.346191
vt 0.427565 0.375000
vt 0.432504 0.403809
vt 0.375000 0.437500
vt 0.375000 0.375000
vt 0.375000 0.312500
vt 0.439995 0.305176
vt 0.439995 0.305176
vt 0.433086 0.305176
vt 0.433086 0.305176
vt 0.439995 0.305176
vt 0.433086 0.305176
vt 0.430540 0.305176
vt 0.430540 0.305176
vt 0.453451 0.305176
vt 0.439995 0.305176
vt 0.453451 0.305177
vt 0.453451 0.305176
vt 0.433086 0.305176
vt 0.430540 0.305176
vt 0.430176 0.305176
vt 0.430176 0.305176
vt 0.430176 0.305177
vt 0.563020 0.348069
vt 0.567605 0.375000
vt 0.565408 0.375000
vt 0.561147 0.348644
vt 0.563020 0.401931
vt 0.561147 0.401356
vt 0.565262 0.375000
vt 0.561499 0.348018
vt 0.561499 0.401982
vt 0.567496 0.346191
vt 0.549223 0.325777
vt 0.567496 0.403809
vt 0.549223 0.424223
vt 0.548014 0.423014
vt 0.549054 0.424054
vt 0.553066 0.428066
vt 0.563592 0.402748
vt 0.566371 0.375000
vt 0.563592 0.347252
vt 0.549054 0.325946
vt 0.553066 0.321934
vt 0.548014 0.326986
vt 0.473069 0.311980
vt 0.500000 0.307395
vt 0.500000 0.309592
vt 0.473644 0.313854
vt 0.526931 0.311980
vt 0.526356 0.313854
vt 0.500000 0.309738
vt 0.473018 0.313502
vt 0.526982 0.313502
vt 0.471191 0.307504
vt 0.500000 0.302565
vt 0.528809 0.307504
vt 0.527748 0.311408
vt 0.500000 0.308629
vt 0.472252 0.311408
vt 0.526931 0.438020
vt 0.500000 0.442605
vt 0.500000 0.440408
vt 0.526356 0.436147
vt 0.473069 0.438020
vt 0.473644 0.436147
vt 0.500000 0.440262
vt 0.526982 0.436499
vt 0.473018 0.436499
vt 0.528809 0.442496
vt 0.500000 0.447435
vt 0.471191 0.442496
vt 0.472252 0.438592
vt 0.500000 0.441371
vt 0.527748 0.438592
vt 0.433359 0.401930
vt 0.432082 0.375000
vt 0.430797 0.375000
vt 0.431168 0.400937
vt 0.433359 0.348071
vt 0.431168 0.349064
vt 0.430254 0.375000
vt 0.430300 0.400517
vt 0.430300 0.349484
vt 0.436192 0.423958
vt 0.436192 0.326042
vt 0.431903 0.327753
vt 0.430392 0.328364
vt 0.430176 0.328451
vt 0.430176 0.349544
vt 0.430176 0.375000
vt 0.430176 0.400457
vt 0.430392 0.421636
vt 0.430176 0.421549
vt 0.431903 0.422247
vt 0.566641 0.313331
vt 0.567918 0.307523
vt 0.569203 0.307911
vt 0.568832 0.314494
vt 0.566641 0.305470
vt 0.568832 0.305518
vt 0.569746 0.308064
vt 0.569700 0.314933
vt 0.569700 0.305537
vt 0.563592 0.311192
vt 0.563808 0.326042
vt 0.566371 0.306903
vt 0.563592 0.305392
vt 0.553066 0.305176
vt 0.563808 0.305176
vt 0.568098 0.305176
vt 0.569608 0.305176
vt 0.569824 0.305176
vt 0.569824 0.305540
vt 0.569824 0.308086
vt 0.569824 0.314995
vt 0.569608 0.328364
vt 0.569824 0.328451
vt 0.568097 0.327753
vt 0.433359 0.305470
vt 0.432082 0.307523
vt 0.430797 0.307911
vt 0.431168 0.305518
vt 0.433359 0.313331
vt 0.431168 0.314494
vt 0.430254 0.308064
vt 0.430300 0.305537
vt 0.430300 0.314933
vt 0.446934 0.305176
vt 0.436408 0.305392
vt 0.436192 0.305176
vt 0.433629 0.306903
vt 0.436408 0.311192
vt 0.430176 0.314995
vt 0.430176 0.308086
vt 0.430177 0.305540
vt 0.430392 0.305176
vt 0.430176 0.305176
vt 0.431903 0.305176
vt 0.561732 0.401930
vt 0.561008 0.375000
vt 0.567263 0.375000
vt 0.567499 0.400937
vt 0.561732 0.348071
vt 0.567499 0.349064
vt 0.569504 0.375000
vt 0.569533 0.400517
vt 0.569533 0.349484
vt 0.553066 0.428066
vt 0.549046 0.402748
vt 0.563808 0.423958
vt 0.547946 0.375000
vt 0.549046 0.347252
vt 0.569824 0.349544
vt 0.569824 0.375000
vt 0.569824 0.400457
vt 0.569608 0.421636
vt 0.569824 0.421549
vt 0.568097 0.422247
vt 0.473011 0.348011
vt 0.500000 0.348583
vt 0.500000 0.375000
vt 0.473583 0.375000
vt 0.526990 0.348011
vt 0.526417 0.375000
vt 0.500000 0.401417
vt 0.473011 0.401990
vt 0.526989 0.401990
vt 0.472252 0.325955
vt 0.450955 0.347252
vt 0.500000 0.327055
vt 0.527748 0.325955
vt 0.547946 0.375000
vt 0.549046 0.402748
vt 0.527748 0.424046
vt 0.500000 0.422946
vt 0.472252 0.424046
vt 0.450955 0.402748
vt 0.446934 0.428066
vt 0.452055 0.375000
vt 0.561732 0.305470
vt 0.561008 0.307523
vt 0.567263 0.307911
vt 0.567499 0.305518
vt 0.561732 0.313331
vt 0.567499 0.314494
vt 0.569504 0.308064
vt 0.569533 0.305537
vt 0.569533 0.314933
vt 0.549046 0.305392
vt 0.547946 0.306903
vt 0.549046 0.311192
vt 0.563808 0.326042
vt 0.569824 0.308086
vt 0.569824 0.305540
vt 0.568098 0.305176
vt 0.473011 0.308359
vt 0.500000 0.307082
vt 0.500000 0.305797
vt 0.473583 0.306168
vt 0.526990 0.308359
vt 0.526417 0.306168
vt 0.500000 0.305254
vt 0.473011 0.305300
vt 0.526989 0.305300
vt 0.450955 0.311192
vt 0.549046 0.305392
vt 0.527748 0.305176
vt 0.500000 0.305176
vt 0.472252 0.305176
vt 0.450955 0.305392
vt 0.452055 0.306903
vt 0.566641 0.444530
vt 0.567918 0.442477
vt 0.569203 0.442089
vt 0.568832 0.444482
vt 0.566641 0.436669
vt 0.568832 0.435507
vt 0.569746 0.441936
vt 0.569700 0.444463
vt 0.569700 0.435067
vt 0.553066 0.444824
vt 0.563592 0.444608
vt 0.563808 0.444824
vt 0.566371 0.443097
vt 0.563592 0.438808
vt 0.569824 0.435005
vt 0.569824 0.441914
vt 0.569824 0.444460
vt 0.569608 0.444824
vt 0.569824 0.444824
vt 0.568097 0.444824
vt 0.474544 0.305176
vt 0.500000 0.305176
vt 0.500000 0.305176
vt 0.474544 0.305176
vt 0.525457 0.305176
vt 0.525457 0.305176
vt 0.500000 0.305176
vt 0.474544 0.305176
vt 0.474544 0.305176
vt 0.453451 0.305176
vt 0.500000 0.305177
vt 0.525457 0.305176
vt 0.546549 0.305176
vt 0.546549 0.305176
vt 0.546549 0.305176
vt 0.453451 0.305176
vt 0.474484 0.305176
vt 0.500000 0.305176
vt 0.474063 0.305176
vt 0.525517 0.305176
vt 0.525937 0.305176
vt 0.473071 0.305176
vt 0.526929 0.305176
vt 0.474544 0.305177
vt 0.453364 0.305176
vt 0.525457 0.305176
vt 0.546636 0.305176
vt 0.547247 0.305176
vt 0.548958 0.305176
vt 0.451042 0.305176
vt 0.452753 0.305176
vt 0.438268 0.348071
vt 0.438992 0.375000
vt 0.432737 0.375000
vt 0.432501 0.349063
vt 0.438268 0.401929
vt 0.432501 0.400937
vt 0.430496 0.375000
vt 0.430467 0.349484
vt 0.430467 0.400517
vt 0.450955 0.347252
vt 0.452055 0.375000
vt 0.430392 0.421636
vt 0.430176 0.421549
vt 0.561441 0.441761
vt 0.565174 0.443871
vt 0.564703 0.444513
vt 0.560688 0.443871
vt 0.561441 0.444705
vt 0.560688 0.444785
vt 0.565174 0.444785
vt 0.561441 0.444705
vt 0.561441 0.444819
vt 0.563592 0.438808
vt 0.549046 0.438808
vt 0.566371 0.443097
vt 0.563592 0.444608
vt 0.549046 0.444824
vt 0.547946 0.444824
vt 0.549046 0.444824
vt 0.563592 0.444824
vt 0.566371 0.444824
vt 0.563592 0.444824
vt 0.549046 0.444608
vt 0.547946 0.443098
vt 0.561669 0.305176
vt 0.560507 0.305176
vt 0.567089 0.305176
vt 0.567477 0.305176
vt 0.560067 0.305176
vt 0.566936 0.305177
vt 0.569482 0.305176
vt 0.569530 0.305176
vt 0.569463 0.305176
vt 0.548958 0.305176
vt 0.547247 0.305176
vt 0.560005 0.305176
vt 0.566914 0.305176
vt 0.569460 0.305176
vt 0.569824 0.305176
vt 0.569824 0.305176
vt 0.566641 0.305176
vt 0.567918 0.305176
vt 0.569203 0.305176
vt 0.568832 0.305176
vt 0.566641 0.305176
vt 0.568832 0.305176
vt 0.569746 0.305176
vt 0.569700 0.305176
vt 0.569700 0.305176
vt 0.553066 0.305176
vt 0.563592 0.305176
vt 0.566371 0.305176
vt 0.563592 0.305176
vt 0.569824 0.305176
vt 0.569824 0.305177
vt 0.569608 0.305176
vt 0.568097 0.305176
vt 0.525457 0.444824
vt 0.500000 0.444824
vt 0.500000 0.444824
vt 0.525457 0.444824
vt 0.474544 0.444824
vt 0.474544 0.444824
vt 0.500000 0.444824
vt 0.525457 0.444824
vt 0.474544 0.444824
vt 0.546549 0.444824
vt 0.546549 0.444824
vt 0.453451 0.444824
vt 0.453451 0.444824
vt 0.453451 0.444824
vt 0.453451 0.444824
vt 0.546549 0.444824
vt 0.546549 0.444824
vt 0.525517 0.444824
vt 0.500000 0.444824
vt 0.525937 0.444824
vt 0.474484 0.444824
vt 0.474064 0.444824
vt 0.500000 0.444824
vt 0.526930 0.444824
vt 0.473071 0.444824
vt 0.546549 0.444824
vt 0.525457 0.444824
vt 0.546636 0.444824
vt 0.500000 0.444824
vt 0.453451 0.444824
vt 0.453364 0.444824
vt 0.452753 0.444824
vt 0.451042 0.444824
vt 0.446934 0.444824
vt 0.472252 0.444824
vt 0.500000 0.444824
vt 0.527748 0.444824
vt 0.548958 0.444824
vt 0.547247 0.444824
vt 0.526990 0.441641
vt 0.500000 0.442918
vt 0.500000 0.444203
vt 0.526417 0.443832
vt 0.473011 0.441641
vt 0.473584 0.443832
vt 0.500000 0.444746
vt 0.526990 0.444700
vt 0.473011 0.444700
vt 0.450955 0.438808
vt 0.452055 0.443097
vt 0.450955 0.444608
vt 0.553066 0.444824
vt 0.547946 0.443097
vt 0.438624 0.444705
vt 0.434870 0.443871
vt 0.435646 0.444513
vt 0.439835 0.444785
vt 0.438624 0.441760
vt 0.439835 0.443871
vt 0.435952 0.444785
vt 0.440294 0.444819
vt 0.440294 0.444705
vt 0.436408 0.444608
vt 0.451042 0.444824
vt 0.433629 0.443097
vt 0.436408 0.438808
vt 0.451042 0.438808
vt 0.452753 0.443097
vt 0.453364 0.444608
vt 0.440359 0.444824
vt 0.435995 0.444824
vt 0.453364 0.444824
vt 0.452753 0.444824
vt 0.439933 0.305176
vt 0.439494 0.305176
vt 0.432911 0.305176
vt 0.433064 0.305176
vt 0.438331 0.305176
vt 0.432523 0.305176
vt 0.430518 0.305176
vt 0.430537 0.305176
vt 0.430470 0.305176
vt 0.453364 0.305177
vt 0.439995 0.305176
vt 0.452753 0.305176
vt 0.430540 0.305176
vt 0.433086 0.305176
vt 0.433359 0.436669
vt 0.432082 0.442477
vt 0.430797 0.442089
vt 0.431168 0.435507
vt 0.433359 0.444530
vt 0.431168 0.444482
vt 0.430254 0.441936
vt 0.430300 0.435067
vt 0.430301 0.444463
vt 0.436408 0.438808
vt 0.433629 0.443097
vt 0.436408 0.444608
vt 0.436192 0.444824
vt 0.431903 0.444824
vt 0.430392 0.444824
vt 0.430176 0.444824
vt 0.430177 0.444460
vt 0.430176 0.441914
vt 0.430176 0.435005
vt 0.569824 0.435005
vt 0.569824 0.435005
vt 0.569824 0.435005
vt 0.569824 0.441914
vt 0.569824 0.444460
vt 0.569824 0.444460
vt 0.569824 0.421549
vt 0.569824 0.421549
vt 0.569824 0.444824
vt 0.569824 0.444824
vt 0.569824 0.444824
vt 0.569824 0.444460
vt 0.569824 0.349544
vt 0.569824 0.375000
vt 0.569824 0.349544
vt 0.569824 0.400457
vt 0.569824 0.375000
vt 0.569824 0.349544
vt 0.569824 0.400457
vt 0.569824 0.328451
vt 0.569824 0.400457
vt 0.569824 0.421549
vt 0.569824 0.328451
vt 0.569824 0.328451
vt 0.569824 0.435005
vt 0.569824 0.444824
vt 0.569824 0.444824
vt 0.569824 0.444460
vt 0.569824 0.441914
vt 0.569824 0.314995
vt 0.569824 0.308086
vt 0.569824 0.314995
vt 0.569824 0.305540
vt 0.569824 0.305540
vt 0.569824 0.328451
vt 0.569824 0.305540
vt 0.569824 0.314995
vt 0.569824 0.314995
vt 0.569824 0.308086
vt 0.569824 0.308086
vt 0.569824 0.314995
vt 0.569824 0.308086
vt 0.569824 0.305540
vt 0.569824 0.305540
vt 0.569824 0.305540
vt 0.569824 0.314995
vt 0.566641 0.348071
vt 0.567918 0.375000
vt 0.569203 0.375000
vt 0.568832 0.349063
vt 0.566641 0.401929
vt 0.568832 0.400937
vt 0.569746 0.375000
vt 0.569700 0.349484
vt 0.569700 0.400517
vt 0.569824 0.400457
vt 0.561732 0.436669
vt 0.561008 0.442477
vt 0.567263 0.442089
vt 0.567499 0.435507
vt 0.561732 0.444530
vt 0.567499 0.444482
vt 0.569504 0.441936
vt 0.569533 0.435067
vt 0.569533 0.444463
vt 0.563808 0.444824
vt 0.568097 0.444824
vt 0.569608 0.444824
vt 0.560067 0.444824
vt 0.560507 0.444824
vt 0.567089 0.444824
vt 0.566936 0.444824
vt 0.561669 0.444824
vt 0.567477 0.444824
vt 0.569482 0.444824
vt 0.569463 0.444824
vt 0.569530 0.444824
vt 0.546636 0.444824
vt 0.560005 0.444824
vt 0.569460 0.444824
vt 0.566914 0.444824
vt 0.560005 0.444824
vt 0.560005 0.444824
vt 0.566914 0.444824
vt 0.566914 0.444824
vt 0.560005 0.444824
vt 0.566914 0.444824
vt 0.569460 0.444824
vt 0.569460 0.444824
vt 0.569460 0.444824
vt 0.560005 0.444824
vt 0.560005 0.444824
vt 0.569460 0.444824
vt 0.569824 0.444824
vt 0.566914 0.444824
vt 0.430176 0.314995
vt 0.430176 0.314995
vt 0.430176 0.308086
vt 0.430176 0.308086
vt 0.430176 0.314995
vt 0.430176 0.305540
vt 0.430176 0.305540
vt 0.430176 0.328451
vt 0.430176 0.328451
vt 0.430176 0.328451
vt 0.430176 0.305540
vt 0.430177 0.400457
vt 0.430177 0.375000
vt 0.430177 0.375000
vt 0.430177 0.400457
vt 0.430177 0.349544
vt 0.430176 0.349544
vt 0.430176 0.375000
vt 0.430176 0.400457
vt 0.430176 0.349544
vt 0.430176 0.421549
vt 0.430177 0.421549
vt 0.430176 0.375000
vt 0.430176 0.349544
vt 0.430176 0.328451
vt 0.430176 0.328451
vt 0.430176 0.328451
vt 0.430176 0.328451
vt 0.430176 0.421549
vt 0.430176 0.308086
vt 0.430176 0.305540
vt 0.430176 0.328451
vt 0.430176 0.308086
vt 0.430176 0.305176
vt 0.430176 0.305176
vt 0.430177 0.305176
vt 0.430177 0.435005
vt 0.430177 0.435005
vt 0.430177 0.441914
vt 0.430177 0.441914
vt 0.430177 0.435005
vt 0.430177 0.444460
vt 0.430176 0.444460
vt 0.430176 0.421549
vt 0.430176 0.435005
vt 0.430177 0.421549
vt 0.430176 0.444460
vt 0.430176 0.444824
vt 0.430177 0.444824
vt 0.430176 0.444824
vt 0.430176 0.435005
vt 0.430176 0.441914
vt 0.430176 0.444460
vt 0.430177 0.444824
vt 0.430176 0.444824
vt 0.430176 0.444824
vt 0.430176 0.444460
vt 0.430176 0.444824
vt 0.430176 0.441914
vt 0.438331 0.444824
vt 0.439494 0.444824
vt 0.432911 0.444824
vt 0.432523 0.444824
vt 0.439933 0.444824
vt 0.433064 0.444824
vt 0.430518 0.444824
vt 0.430470 0.444824
vt 0.430537 0.444824
vt 0.451042 0.444824
vt 0.453364 0.444824
vt 0.439995 0.444824
vt 0.433086 0.444824
vt 0.430540 0.444824
vt 0.430177 0.444824
vt 0.438268 0.313331
vt 0.438992 0.307523
vt 0.432737 0.307911
vt 0.432501 0.314494
vt 0.438268 0.305470
vt 0.432502 0.305518
vt 0.430497 0.308064
vt 0.430467 0.314933
vt 0.430467 0.305537
vt 0.450955 0.311192
vt 0.450955 0.305392
vt 0.431903 0.305176
vt 0.430176 0.308086
vt 0.433359 0.444824
vt 0.432082 0.444824
vt 0.430797 0.444824
vt 0.431168 0.444824
vt 0.433359 0.444824
vt 0.431168 0.444824
vt 0.430254 0.444824
vt 0.430300 0.444824
vt 0.430301 0.444824
vt 0.436408 0.444824
vt 0.433629 0.444824
vt 0.436192 0.444824
vt 0.430392 0.444824
vt 0.431903 0.444824
vt 0.438268 0.444530
vt 0.438992 0.442477
vt 0.432737 0.442089
vt 0.432502 0.444482
vt 0.438268 0.436669
vt 0.432501 0.435507
vt 0.430496 0.441936
vt 0.430467 0.444463
vt 0.430467 0.435067
vt 0.450955 0.444608
vt 0.439995 0.444824
vt 0.439995 0.444824
vt 0.433086 0.444824
vt 0.433086 0.444824
vt 0.439995 0.444824
vt 0.433086 0.444824
vt 0.430540 0.444824
vt 0.439995 0.444824
vt 0.453451 0.444824
vt 0.430540 0.444824
vt 0.430177 0.314995
vt 0.430177 0.314995
vt 0.430177 0.308086
vt 0.430176 0.308086
vt 0.430177 0.314995
vt 0.430176 0.305540
vt 0.430176 0.305540
vt 0.430176 0.314995
vt 0.430176 0.328451
vt 0.430176 0.308086
vt 0.430176 0.305540
vt 0.561669 0.444824
vt 0.560507 0.444824
vt 0.567089 0.444824
vt 0.567477 0.444824
vt 0.569482 0.444824
vt 0.569530 0.444824
vt 0.548958 0.444824
vt 0.563808 0.444824
vt 0.547247 0.444824
vt 0.566914 0.444824
vt 0.569824 0.444824
vt 0.569608 0.444824
vt 0.569824 0.435005
vt 0.569824 0.441914
vt 0.569824 0.441914
vt 0.569824 0.444460
vt 0.569824 0.444460
vt 0.569824 0.421549
vt 0.569824 0.435005
vt 0.569824 0.435005
vt 0.525937 0.444824
vt 0.473071 0.444824
vt 0.474064 0.444824
vt 0.546636 0.444824
vt 0.560005 0.305176
vt 0.560005 0.305176
vt 0.566914 0.305176
vt 0.566914 0.305176
vt 0.560005 0.305176
vt 0.566914 0.305176
vt 0.569460 0.305176
vt 0.569460 0.305176
vt 0.560005 0.305176
vt 0.546549 0.305177
vt 0.566914 0.305176
vt 0.569460 0.305176
vt 0.500000 0.305176
vt 0.474064 0.305176
vt 0.526930 0.305176
vt 0.525937 0.305177
vt 0.500000 0.305176
vt 0.474484 0.305176
vt 0.525517 0.305176
vt 0.446934 0.305176
vt 0.451042 0.305176
vt 0.527748 0.305176
vt 0.546636 0.305176
vt 0.474544 0.305176
vt 0.453364 0.305176
vt 0.452753 0.305176
vt 0.439494 0.305176
vt 0.432523 0.305176
vt 0.433064 0.305177
vt 0.430518 0.305176
vt 0.430470 0.305176
vt 0.451042 0.305176
vt 0.430392 0.305176
vt 0.431903 0.305176
vt 0.433359 0.305176
vt 0.432082 0.305176
vt 0.430797 0.305176
vt 0.431168 0.305176
vt 0.433359 0.305176
vt 0.431168 0.305177
vt 0.430254 0.305176
vt 0.430300 0.305176
vt 0.430300 0.305176
vt 0.436408 0.305176
vt 0.433629 0.305176
vt 0.430177 0.305176
vt 0.473208 0.305176
vt 0.475161 0.305176
vt 0.526792 0.305176
vt 0.524839 0.305176
vt 0.477728 0.305176
vt 0.522272 0.305176
vt 0.451291 0.305176
vt 0.548709 0.305176
vt 0.545254 0.305176
vt 0.540341 0.305176
vt 0.534912 0.305176
vt 0.520713 0.305176
vt 0.479287 0.305176
vt 0.459659 0.305176
vt 0.465088 0.305176
vt 0.454746 0.305176
vt 0.438940 0.444824
vt 0.435207 0.444824
vt 0.438340 0.444824
vt 0.442361 0.444824
vt 0.438940 0.444824
vt 0.445030 0.444824
vt 0.448718 0.444824
vt 0.448718 0.444824
vt 0.436408 0.444824
vt 0.451291 0.444824
vt 0.433629 0.444824
vt 0.436408 0.444824
vt 0.454746 0.444824
vt 0.459659 0.444824
vt 0.465088 0.444824
vt 0.459996 0.444824
vt 0.457438 0.444824
vt 0.459996 0.444824
vt 0.459659 0.444824
vt 0.465088 0.444824
vt 0.569824 0.305540
vt 0.566641 0.444824
vt 0.567918 0.444824
vt 0.569203 0.444824
vt 0.568832 0.444824
vt 0.566641 0.444824
vt 0.568832 0.444824
vt 0.569746 0.444824
vt 0.569700 0.444824
vt 0.430176 0.435005
vt 0.430176 0.435005
vt 0.430176 0.444460
vt 0.439933 0.444824
vt 0.439494 0.444824
vt 0.432523 0.444824
vt 0.430537 0.444824
vt 0.453364 0.444824
vt 0.451042 0.444824
vt 0.569824 0.444824
vt 0.560507 0.305176
vt 0.566936 0.305176
vt 0.561669 0.305176
vt 0.567477 0.305177
vt 0.569530 0.305176
vt 0.546636 0.305177
vt 0.522075 0.444824
vt 0.500000 0.444824
vt 0.523261 0.444824
vt 0.477925 0.444824
vt 0.476739 0.444824
vt 0.477925 0.444824
vt 0.534912 0.444824
vt 0.520713 0.444824
vt 0.540004 0.444824
vt 0.479287 0.444824
vt 0.457438 0.444824
vt 0.479287 0.444824
vt 0.540004 0.444824
vt 0.542562 0.444824
vt 0.473208 0.444824
vt 0.500000 0.444824
vt 0.475161 0.444824
vt 0.526792 0.444824
vt 0.524839 0.444824
vt 0.477728 0.444824
vt 0.522272 0.444824
vt 0.472252 0.444824
vt 0.548709 0.444824
vt 0.545254 0.444824
vt 0.540341 0.444824
vt 0.520713 0.444824
vt 0.479287 0.444824
vt 0.524839 0.444824
vt 0.473208 0.444824
vt 0.475161 0.444824
vt 0.522273 0.444824
vt 0.477728 0.444824
vt 0.548709 0.444824
vt 0.540341 0.444824
vt 0.561060 0.444824
vt 0.564793 0.444824
vt 0.561660 0.444824
vt 0.557639 0.444824
vt 0.557639 0.444824
vt 0.554971 0.444824
vt 0.551282 0.444824
vt 0.551282 0.444824
vt 0.566371 0.444824
vt 0.540004 0.444824
vt 0.542562 0.444824
vt 0.540004 0.444824
vt 0.477925 0.305176
vt 0.500000 0.305176
vt 0.476739 0.305176
vt 0.522075 0.305176
vt 0.523261 0.305176
vt 0.522075 0.305176
vt 0.459996 0.305176
vt 0.540004 0.305176
vt 0.542562 0.305176
vt 0.459996 0.305176
vt 0.457438 0.305176
vt 0.438940 0.305176
vt 0.435207 0.305176
vt 0.438340 0.305176
vt 0.442361 0.305176
vt 0.442361 0.305176
vt 0.445030 0.305176
vt 0.448718 0.305176
vt 0.448718 0.305176
vt 0.436408 0.305176
vt 0.433629 0.305176
vt 0.459659 0.305176
vt 0.561060 0.305176
vt 0.564793 0.305176
vt 0.561660 0.305176
vt 0.557639 0.305176
vt 0.554971 0.305176
vt 0.551282 0.305176
vt 0.551282 0.305176
vt 0.566371 0.305176
vt 0.545254 0.305176
vt 0.540004 0.305176
vt 0.540004 0.305176
vt 0.524839 0.305176
vt 0.473208 0.305176
vt 0.475161 0.305176
vt 0.522273 0.305176
vt 0.477728 0.305176
vt 0.472252 0.305176
vt 0.479287 0.305176
vt 0.520713 0.305176
vt 0.474749 0.305176
vt 0.500549 0.305176
vt 0.500552 0.305176
vt 0.475710 0.305176
vt 0.526998 0.305176
vt 0.526006 0.305177
vt 0.501106 0.305176
vt 0.477926 0.305176
vt 0.525655 0.305176
vt 0.474631 0.305176
vt 0.453700 0.305176
vt 0.500698 0.305176
vt 0.527835 0.305176
vt 0.553066 0.305176
vt 0.525645 0.305176
vt 0.501509 0.305176
vt 0.479475 0.305176
vt 0.459747 0.305176
vt 0.455444 0.305176
vt 0.560507 0.305176
vt 0.566936 0.305176
vt 0.569482 0.305176
vt 0.569463 0.305176
vt 0.569824 0.305176
vt 0.569824 0.305176
vt 0.438624 0.308240
vt 0.434870 0.306129
vt 0.435646 0.305487
vt 0.439835 0.306129
vt 0.438624 0.305296
vt 0.439835 0.305215
vt 0.435951 0.305215
vt 0.440294 0.305295
vt 0.440294 0.305181
vt 0.436408 0.311192
vt 0.451042 0.311192
vt 0.433629 0.306903
vt 0.440359 0.305176
vt 0.435995 0.305176
vt 0.440359 0.305177
vt 0.453364 0.305392
vt 0.452753 0.306903
vt 0.526992 0.444824
vt 0.500022 0.444824
vt 0.500175 0.444824
vt 0.526438 0.444824
vt 0.473073 0.444824
vt 0.474085 0.444824
vt 0.500502 0.444824
vt 0.527052 0.444824
vt 0.474546 0.444824
vt 0.474631 0.444824
vt 0.500698 0.444824
vt 0.527835 0.444824
vt 0.526992 0.313268
vt 0.500022 0.313992
vt 0.500175 0.307737
vt 0.526438 0.307501
vt 0.473073 0.313268
vt 0.474085 0.307502
vt 0.500502 0.305497
vt 0.527052 0.305467
vt 0.474546 0.305467
vt 0.527748 0.325955
vt 0.472252 0.325955
vt 0.500698 0.305176
vt 0.527835 0.305176
vt 0.549046 0.305392
vt 0.547946 0.306903
vt 0.473073 0.436732
vt 0.500022 0.436008
vt 0.500175 0.442263
vt 0.474085 0.442499
vt 0.526992 0.436732
vt 0.526438 0.442499
vt 0.500502 0.444504
vt 0.474546 0.444533
vt 0.527052 0.444533
vt 0.527835 0.444824
vt 0.561441 0.305296
vt 0.565174 0.306129
vt 0.564703 0.305487
vt 0.560688 0.305215
vt 0.561441 0.308240
vt 0.560688 0.306129
vt 0.565174 0.305215
vt 0.561441 0.305181
vt 0.561441 0.305296
vt 0.563592 0.305392
vt 0.549046 0.305176
vt 0.566371 0.306903
vt 0.563592 0.311192
vt 0.549046 0.305176
vt 0.547946 0.305176
vt 0.473073 0.305176
vt 0.500022 0.305176
vt 0.500175 0.305176
vt 0.474085 0.305176
vt 0.526992 0.305176
vt 0.526438 0.305176
vt 0.500502 0.305176
vt 0.474546 0.305176
vt 0.527052 0.305176
vt 0.525598 0.305176
vt 0.501131 0.305176
vt 0.500754 0.305176
vt 0.525551 0.305176
vt 0.478066 0.305176
vt 0.476833 0.305176
vt 0.525598 0.305176
vt 0.478066 0.305176
vt 0.525645 0.305177
vt 0.546549 0.305176
vt 0.479475 0.305176
vt 0.457438 0.305176
vt 0.525645 0.305177
vt 0.478066 0.444824
vt 0.501132 0.444824
vt 0.500754 0.444824
vt 0.476833 0.444824
vt 0.525598 0.444824
vt 0.525551 0.444824
vt 0.501132 0.444824
vt 0.478066 0.444824
vt 0.525598 0.444824
vt 0.465088 0.444824
vt 0.479476 0.444824
vt 0.501509 0.444824
vt 0.525645 0.444824
vt 0.525645 0.444824
vt 0.459996 0.444824
vt 0.474749 0.444824
vt 0.500549 0.444824
vt 0.500552 0.444824
vt 0.475710 0.444824
vt 0.526998 0.444824
vt 0.526006 0.444824
vt 0.501106 0.444824
vt 0.477926 0.444824
vt 0.525655 0.444824
vt 0.453700 0.444824
vt 0.548958 0.444824
vt 0.459747 0.444824
vt 0.455444 0.444824
vt 0.440675 0.444824
vt 0.436332 0.444824
vt 0.438689 0.444824
vt 0.442885 0.444824
vt 0.442885 0.444824
vt 0.445073 0.444824
vt 0.448784 0.444824
vt 0.448784 0.444824
vt 0.459747 0.444824
vt 0.526998 0.444824
vt 0.500549 0.444824
vt 0.474749 0.444824
vt 0.477926 0.444824
vt 0.548958 0.444824
vt 0.479475 0.444824
vt 0.501509 0.444824
vt 0.440675 0.305176
vt 0.436332 0.305176
vt 0.438689 0.305176
vt 0.442885 0.305176
vt 0.440675 0.305176
vt 0.445073 0.305176
vt 0.448784 0.305176
vt 0.448784 0.305176
vt 0.453700 0.305176
vt 0.455444 0.305176
vt 0.500549 0.305176
vt 0.500552 0.305176
vt 0.526006 0.305176
vt 0.474749 0.305176
vt 0.501106 0.305176
vt 0.548958 0.305176
vt 0.569746 0.305176
vt 0.569700 0.305176
vt 0.569700 0.305176
vt 0.569608 0.305176
vt 0.568097 0.305176
vt 0.560005 0.444824
vt 0.566914 0.444824
vt 0.560005 0.444824
vt 0.569460 0.444824
vt 0.569460 0.444824
vt 0.569460 0.444824
vt 0.546549 0.444824
vt 0.560005 0.305176
vt 0.560005 0.305176
vt 0.560005 0.305176
vt 0.569460 0.305176
vt 0.546549 0.305177
vt 0.546549 0.305176
vt 0.560507 0.444824
vt 0.567089 0.444824
vt 0.566936 0.444824
vt 0.569482 0.444824
vt 0.569530 0.444824
vt 0.569482 0.305176
vt 0.569530 0.305176
vt 0.561669 0.444824
vt 0.560507 0.444824
vt 0.567089 0.444824
vt 0.567477 0.444824
vt 0.566936 0.444824
vt 0.569463 0.444824
vt 0.566641 0.444824
vt 0.567918 0.444824
vt 0.568832 0.444824
vt 0.569746 0.444824
vt 0.569700 0.444824
vt 0.437500 0.062500
vt 0.437500 0.125000
vt 0.500000 0.062500
vt 0.437500 0.187500
vt 0.500000 0.187500
vt 0.562500 0.062500
vt 0.562500 0.187500
vt 0.435505 0.404926
vt 0.438381 0.402270
vt 0.434676 0.375000
vt 0.432921 0.375000
vt 0.438442 0.402096
vt 0.434749 0.375000
vt 0.438381 0.347730
vt 0.435505 0.345074
vt 0.438442 0.347904
vt 0.430176 0.444824
vt 0.446333 0.428667
vt 0.430176 0.409912
vt 0.450813 0.424187
vt 0.450799 0.424201
vt 0.446934 0.428066
vt 0.436408 0.402748
vt 0.433629 0.375000
vt 0.436408 0.347252
vt 0.446934 0.321934
vt 0.450799 0.325799
vt 0.450813 0.325813
vt 0.446333 0.321333
vt 0.430176 0.340088
vt 0.430176 0.305176
vt 0.437500 0.562500
vt 0.437500 0.625000
vt 0.437500 0.687500
vt 0.500000 0.687500
vt 0.562500 0.687500
vt 0.437500 0.812500
vt 0.437500 0.875000
vt 0.500000 0.812500
vt 0.437500 0.937500
vt 0.562500 0.812500
vt 0.562500 0.937500
vt 0.187500 0.562500
vt 0.187500 0.625000
vt 0.187500 0.687500
vt 0.250000 0.687500
vt 0.312500 0.625000
vt 0.312500 0.562500
vt 0.687500 0.562500
vt 0.687500 0.625000
vt 0.687500 0.687500
vt 0.750000 0.687500
vt 0.812500 0.625000
vt 0.812500 0.562500
vt 0.464807 0.451537
vt 0.460765 0.462265
vt 0.500000 0.467000
vt 0.500000 0.454897
vt 0.451396 0.478742
vt 0.500000 0.482485
vt 0.539235 0.462265
vt 0.535193 0.451537
vt 0.548604 0.478742
vt 0.436790 0.438210
vt 0.465088 0.444824
vt 0.429647 0.445353
vt 0.413034 0.461967
vt 0.586967 0.461967
vt 0.570353 0.445353
vt 0.563210 0.438210
vt 0.534912 0.444824
vt 0.569824 0.444824
vt 0.576537 0.410193
vt 0.587265 0.414235
vt 0.592000 0.375000
vt 0.579897 0.375000
vt 0.603742 0.423604
vt 0.607485 0.375000
vt 0.587265 0.335765
vt 0.576537 0.339807
vt 0.603742 0.326396
vt 0.569824 0.409912
vt 0.586967 0.288034
vt 0.570353 0.304647
vt 0.563210 0.311790
vt 0.569824 0.340088
vt 0.535194 0.298463
vt 0.539235 0.287735
vt 0.500000 0.283000
vt 0.500000 0.295103
vt 0.548604 0.271258
vt 0.500000 0.267515
vt 0.460765 0.287735
vt 0.464807 0.298463
vt 0.451396 0.271258
vt 0.534912 0.305176
vt 0.413034 0.288034
vt 0.429647 0.304647
vt 0.436790 0.311790
vt 0.465088 0.305176
vt 0.423463 0.339807
vt 0.412735 0.335765
vt 0.408000 0.375000
vt 0.420103 0.375000
vt 0.396258 0.326396
vt 0.392515 0.375000
vt 0.412735 0.414235
vt 0.423463 0.410193
vt 0.396258 0.423604
vt 0.430176 0.340088
vt 0.430176 0.409912
vt 0.430176 0.375000
vt 0.433086 0.305176
vt 0.433086 0.305176
vt 0.439995 0.305176
vt 0.430540 0.305176
vt 0.439995 0.305176
vt 0.439995 0.305176
vt 0.433086 0.305177
vt 0.430540 0.305176
vt 0.430176 0.305176
vt 0.430176 0.305176
vt 0.564495 0.345074
vt 0.561619 0.347730
vt 0.565324 0.375000
vt 0.567079 0.375000
vt 0.561558 0.347904
vt 0.565251 0.375000
vt 0.561619 0.402270
vt 0.564495 0.404926
vt 0.561558 0.402096
vt 0.553667 0.321333
vt 0.549187 0.325813
vt 0.549201 0.325799
vt 0.563592 0.347252
vt 0.553066 0.428066
vt 0.549201 0.424201
vt 0.549187 0.424187
vt 0.553667 0.428667
vt 0.569824 0.409912
vt 0.470074 0.310505
vt 0.472730 0.313381
vt 0.500000 0.309676
vt 0.500000 0.307921
vt 0.472904 0.313442
vt 0.500000 0.309749
vt 0.527270 0.313381
vt 0.529926 0.310505
vt 0.527096 0.313442
vt 0.529926 0.439495
vt 0.527270 0.436619
vt 0.500000 0.440324
vt 0.500000 0.442079
vt 0.527096 0.436558
vt 0.500000 0.440251
vt 0.472730 0.436619
vt 0.470074 0.439495
vt 0.472904 0.436558
vt 0.433359 0.401929
vt 0.431168 0.400937
vt 0.430797 0.375000
vt 0.430300 0.400517
vt 0.430254 0.375000
vt 0.431168 0.349064
vt 0.430300 0.349483
vt 0.431903 0.422247
vt 0.430392 0.421636
vt 0.430176 0.421549
vt 0.430176 0.400457
vt 0.430176 0.375000
vt 0.430392 0.328364
vt 0.569576 0.310525
vt 0.569785 0.313601
vt 0.569513 0.307601
vt 0.568810 0.306631
vt 0.569819 0.314821
vt 0.569785 0.308025
vt 0.568871 0.305479
vt 0.566753 0.305358
vt 0.569705 0.305533
vt 0.569793 0.321450
vt 0.568153 0.306631
vt 0.569824 0.326511
vt 0.569824 0.328209
vt 0.569824 0.314995
vt 0.569608 0.305176
vt 0.563808 0.305176
vt 0.563747 0.305237
vt 0.567613 0.305661
vt 0.433247 0.305358
vt 0.431129 0.305480
vt 0.430487 0.307601
vt 0.431190 0.306631
vt 0.430296 0.305533
vt 0.430215 0.308025
vt 0.430215 0.313601
vt 0.430424 0.310525
vt 0.430181 0.314821
vt 0.436253 0.305237
vt 0.431903 0.305176
vt 0.430176 0.308086
vt 0.430176 0.328209
vt 0.430176 0.326511
vt 0.430207 0.321450
vt 0.431847 0.306631
vt 0.432388 0.305661
vt 0.569824 0.404866
vt 0.569824 0.401790
vt 0.569824 0.400623
vt 0.569824 0.348210
vt 0.569824 0.345134
vt 0.569824 0.349377
vt 0.569793 0.428550
vt 0.569824 0.423489
vt 0.569824 0.421792
vt 0.569824 0.421549
vt 0.569824 0.375000
vt 0.569824 0.349544
vt 0.465088 0.340088
vt 0.465088 0.375000
vt 0.500000 0.375000
vt 0.500000 0.340088
vt 0.465088 0.409912
vt 0.500000 0.409912
vt 0.534912 0.375000
vt 0.534912 0.340088
vt 0.534912 0.409912
vt 0.430176 0.305176
vt 0.567499 0.305518
vt 0.567263 0.307911
vt 0.561008 0.307523
vt 0.567499 0.314494
vt 0.561732 0.313331
vt 0.569533 0.314933
vt 0.549046 0.305392
vt 0.569608 0.328364
vt 0.549046 0.311192
vt 0.473583 0.306168
vt 0.500000 0.305797
vt 0.500000 0.307082
vt 0.500000 0.305254
vt 0.526417 0.306168
vt 0.526989 0.305300
vt 0.452055 0.306903
vt 0.549046 0.311192
vt 0.566753 0.444642
vt 0.568871 0.444521
vt 0.569513 0.442399
vt 0.568810 0.443369
vt 0.569705 0.444468
vt 0.569785 0.441975
vt 0.569785 0.436399
vt 0.569576 0.439475
vt 0.569819 0.435179
vt 0.563747 0.444763
vt 0.568098 0.444824
vt 0.568153 0.443369
vt 0.567613 0.444339
vt 0.474544 0.305176
vt 0.500000 0.305176
vt 0.525457 0.305176
vt 0.453451 0.305176
vt 0.474544 0.305176
vt 0.473071 0.305176
vt 0.474544 0.305176
vt 0.548958 0.305176
vt 0.525457 0.305176
vt 0.430176 0.345134
vt 0.430176 0.348210
vt 0.430176 0.375000
vt 0.430176 0.349377
vt 0.430176 0.375000
vt 0.430176 0.401790
vt 0.430176 0.404866
vt 0.430176 0.400623
vt 0.430176 0.349544
vt 0.430176 0.421792
vt 0.430176 0.423489
vt 0.430207 0.428550
vt 0.564247 0.444695
vt 0.561581 0.444824
vt 0.565014 0.444824
vt 0.566066 0.444763
vt 0.561553 0.444824
vt 0.565212 0.444824
vt 0.560727 0.444824
vt 0.561553 0.444816
vt 0.561446 0.444824
vt 0.553637 0.444793
vt 0.549187 0.444824
vt 0.549201 0.444824
vt 0.563592 0.444824
vt 0.566371 0.444824
vt 0.549046 0.444824
vt 0.547946 0.444824
vt 0.563747 0.444763
vt 0.567613 0.444339
vt 0.569482 0.305177
vt 0.569463 0.305176
vt 0.566914 0.305176
vt 0.560005 0.305177
vt 0.569203 0.305176
vt 0.567918 0.305176
vt 0.569700 0.305176
vt 0.569746 0.305176
vt 0.568832 0.305176
vt 0.563592 0.305176
vt 0.569824 0.305176
vt 0.525457 0.444824
vt 0.525457 0.444824
vt 0.474544 0.444824
vt 0.546549 0.444824
vt 0.546549 0.444824
vt 0.525457 0.444824
vt 0.474544 0.444824
vt 0.526930 0.444824
vt 0.525457 0.444824
vt 0.547247 0.444824
vt 0.451042 0.444824
vt 0.474544 0.444824
vt 0.526417 0.443832
vt 0.500000 0.444203
vt 0.526990 0.444700
vt 0.473583 0.443832
vt 0.450955 0.444608
vt 0.450955 0.438808
vt 0.438513 0.444816
vt 0.439797 0.444824
vt 0.435336 0.444824
vt 0.433978 0.444763
vt 0.440289 0.444824
vt 0.435913 0.444824
vt 0.438943 0.444824
vt 0.435819 0.444695
vt 0.440182 0.444824
vt 0.436253 0.444763
vt 0.440359 0.444824
vt 0.440359 0.444824
vt 0.453209 0.444824
vt 0.451511 0.444824
vt 0.446450 0.444793
vt 0.431847 0.443369
vt 0.432388 0.444339
vt 0.433064 0.305176
vt 0.432911 0.305176
vt 0.439494 0.305176
vt 0.430518 0.305176
vt 0.439995 0.305177
vt 0.433086 0.305176
vt 0.430176 0.305176
vt 0.451042 0.305176
vt 0.430424 0.439475
vt 0.430215 0.436399
vt 0.430487 0.442399
vt 0.431190 0.443369
vt 0.430181 0.435179
vt 0.430215 0.441975
vt 0.431129 0.444521
vt 0.433247 0.444642
vt 0.430296 0.444468
vt 0.431847 0.443369
vt 0.430392 0.444824
vt 0.436192 0.444824
vt 0.436253 0.444763
vt 0.432388 0.444339
vt 0.569824 0.349544
vt 0.569824 0.400457
vt 0.569824 0.328451
vt 0.569824 0.349544
vt 0.569824 0.328451
vt 0.569824 0.444824
vt 0.569824 0.444824
vt 0.569824 0.444824
vt 0.569824 0.308086
vt 0.569824 0.305540
vt 0.569824 0.328451
vt 0.569824 0.308086
vt 0.569824 0.314995
vt 0.569824 0.305176
vt 0.566641 0.348071
vt 0.569203 0.375000
vt 0.567918 0.375000
vt 0.569700 0.349484
vt 0.569746 0.375000
vt 0.568832 0.400937
vt 0.566641 0.401929
vt 0.569700 0.400517
vt 0.569824 0.349544
vt 0.568097 0.422247
vt 0.563808 0.423958
vt 0.561732 0.436669
vt 0.567499 0.435507
vt 0.561008 0.442477
vt 0.561732 0.444530
vt 0.549046 0.444608
vt 0.560068 0.444824
vt 0.567089 0.444824
vt 0.569463 0.444824
vt 0.567477 0.444824
vt 0.561669 0.444824
vt 0.569460 0.444824
vt 0.560005 0.444824
vt 0.560005 0.444824
vt 0.560005 0.444824
vt 0.569460 0.444824
vt 0.546549 0.444824
vt 0.546549 0.444824
vt 0.430176 0.314995
vt 0.430176 0.308086
vt 0.430176 0.305540
vt 0.430176 0.305540
vt 0.430177 0.375000
vt 0.430177 0.400457
vt 0.430176 0.349544
vt 0.430177 0.400457
vt 0.430176 0.375000
vt 0.430176 0.349544
vt 0.430176 0.328451
vt 0.430176 0.314995
vt 0.430177 0.441914
vt 0.430177 0.444460
vt 0.430176 0.435005
vt 0.430177 0.441914
vt 0.430176 0.444460
vt 0.430177 0.444824
vt 0.430176 0.441914
vt 0.430176 0.435005
vt 0.430176 0.421549
vt 0.432523 0.444824
vt 0.430518 0.444824
vt 0.433064 0.444824
vt 0.430176 0.444824
vt 0.430540 0.444824
vt 0.439995 0.444824
vt 0.432501 0.314494
vt 0.432737 0.307911
vt 0.438992 0.307523
vt 0.430496 0.308064
vt 0.438268 0.305470
vt 0.430467 0.305537
vt 0.431168 0.444824
vt 0.430797 0.444824
vt 0.430254 0.444824
vt 0.433359 0.444824
vt 0.430300 0.444824
vt 0.430392 0.444824
vt 0.431903 0.444824
vt 0.438268 0.444530
vt 0.432501 0.444482
vt 0.432737 0.442089
vt 0.438992 0.442477
vt 0.430467 0.444463
vt 0.430496 0.441936
vt 0.432501 0.435507
vt 0.438268 0.436669
vt 0.430467 0.435067
vt 0.450955 0.444608
vt 0.430176 0.435005
vt 0.450955 0.438808
vt 0.452055 0.443097
vt 0.430540 0.444824
vt 0.430540 0.444824
vt 0.433086 0.444824
vt 0.439995 0.444824
vt 0.433086 0.444824
vt 0.430177 0.308086
vt 0.430176 0.314995
vt 0.430176 0.314995
vt 0.567477 0.444824
vt 0.569530 0.444824
vt 0.569482 0.444824
vt 0.566936 0.444824
vt 0.569608 0.444824
vt 0.569824 0.435005
vt 0.569824 0.435005
vt 0.569824 0.444460
vt 0.569824 0.444460
vt 0.525937 0.444824
vt 0.473071 0.444824
vt 0.451042 0.444824
vt 0.560005 0.305176
vt 0.566914 0.305176
vt 0.560005 0.305176
vt 0.560005 0.305176
vt 0.566914 0.305177
vt 0.569460 0.305176
vt 0.525937 0.305176
vt 0.432523 0.305176
vt 0.432911 0.305176
vt 0.430518 0.305177
vt 0.430537 0.305176
vt 0.431903 0.305176
vt 0.430176 0.305176
vt 0.431168 0.305176
vt 0.430797 0.305176
vt 0.430300 0.305176
vt 0.430254 0.305177
vt 0.431168 0.305176
vt 0.436408 0.305176
vt 0.477728 0.305176
vt 0.454746 0.305176
vt 0.479287 0.305176
vt 0.540341 0.305176
vt 0.438340 0.444824
vt 0.445030 0.444824
vt 0.442361 0.444824
vt 0.438940 0.444824
vt 0.448718 0.444824
vt 0.451291 0.444824
vt 0.454746 0.444824
vt 0.459659 0.444824
vt 0.457438 0.444824
vt 0.459659 0.444824
vt 0.451291 0.444824
vt 0.436408 0.444824
vt 0.569824 0.314995
vt 0.568832 0.444824
vt 0.569746 0.444824
vt 0.568832 0.444824
vt 0.569700 0.444824
vt 0.566371 0.444824
vt 0.430177 0.444460
vt 0.430176 0.444460
vt 0.430176 0.421549
vt 0.433064 0.444824
vt 0.439494 0.444824
vt 0.432523 0.444824
vt 0.438331 0.444824
vt 0.430470 0.444824
vt 0.560068 0.305176
vt 0.567477 0.305176
vt 0.547247 0.305176
vt 0.522075 0.444824
vt 0.476739 0.444824
vt 0.477925 0.444824
vt 0.542562 0.444824
vt 0.457438 0.444824
vt 0.459996 0.444824
vt 0.475161 0.444824
vt 0.526792 0.444824
vt 0.522273 0.444824
vt 0.472252 0.444824
vt 0.479287 0.444824
vt 0.520713 0.444824
vt 0.540341 0.444824
vt 0.545254 0.444824
vt 0.524839 0.444824
vt 0.500000 0.444824
vt 0.475161 0.444824
vt 0.473208 0.444824
vt 0.477728 0.444824
vt 0.545254 0.444824
vt 0.561060 0.444824
vt 0.561660 0.444824
vt 0.564793 0.444824
vt 0.551282 0.444824
vt 0.561060 0.444824
vt 0.551282 0.444824
vt 0.542562 0.444824
vt 0.477925 0.305176
vt 0.476739 0.305176
vt 0.477925 0.305176
vt 0.522075 0.305176
vt 0.457438 0.305176
vt 0.459996 0.305176
vt 0.534912 0.305176
vt 0.540004 0.305176
vt 0.438340 0.305176
vt 0.435207 0.305176
vt 0.448718 0.305176
vt 0.445030 0.305176
vt 0.442361 0.305176
vt 0.451291 0.305176
vt 0.459659 0.305176
vt 0.459996 0.305176
vt 0.433629 0.305176
vt 0.561060 0.305176
vt 0.561660 0.305176
vt 0.564793 0.305176
vt 0.551282 0.305176
vt 0.554971 0.305176
vt 0.522273 0.305176
vt 0.479287 0.305176
vt 0.500552 0.305176
vt 0.500549 0.305176
vt 0.501106 0.305177
vt 0.526006 0.305176
vt 0.474631 0.305176
vt 0.479475 0.305176
vt 0.566936 0.305176
vt 0.569463 0.305176
vt 0.546549 0.305176
vt 0.435819 0.305305
vt 0.438943 0.305176
vt 0.435336 0.305176
vt 0.433978 0.305237
vt 0.440182 0.305176
vt 0.435913 0.305177
vt 0.439797 0.305176
vt 0.438513 0.305184
vt 0.440289 0.305176
vt 0.446450 0.305207
vt 0.451511 0.305176
vt 0.453209 0.305176
vt 0.436253 0.305237
vt 0.432388 0.305661
vt 0.526992 0.444824
vt 0.500022 0.444824
vt 0.527052 0.444824
vt 0.500502 0.444824
vt 0.474085 0.444824
vt 0.473073 0.444824
vt 0.474546 0.444824
vt 0.500698 0.444824
vt 0.474631 0.444824
vt 0.529929 0.305176
vt 0.527292 0.305176
vt 0.500022 0.305176
vt 0.527159 0.305176
vt 0.500502 0.305177
vt 0.473232 0.305176
vt 0.470137 0.305176
vt 0.474440 0.305176
vt 0.553637 0.305207
vt 0.549187 0.305176
vt 0.549201 0.305176
vt 0.465088 0.305176
vt 0.470137 0.444824
vt 0.473232 0.444824
vt 0.500175 0.444824
vt 0.500022 0.444824
vt 0.474440 0.444824
vt 0.500502 0.444824
vt 0.527292 0.444824
vt 0.529929 0.444824
vt 0.527159 0.444824
vt 0.561553 0.305184
vt 0.560727 0.305176
vt 0.565014 0.305176
vt 0.566066 0.305237
vt 0.561446 0.305176
vt 0.565212 0.305176
vt 0.561581 0.305176
vt 0.564247 0.305305
vt 0.561553 0.305176
vt 0.563747 0.305237
vt 0.547946 0.305176
vt 0.568153 0.306631
vt 0.567613 0.305661
vt 0.500175 0.305176
vt 0.500502 0.305176
vt 0.526438 0.305176
vt 0.526992 0.305176
vt 0.527052 0.305176
vt 0.525598 0.305176
vt 0.476833 0.305176
vt 0.478066 0.305176
vt 0.525645 0.305176
vt 0.501509 0.305176
vt 0.459996 0.305176
vt 0.457438 0.305176
vt 0.459996 0.305176
vt 0.501509 0.305176
vt 0.500754 0.444824
vt 0.501131 0.444824
vt 0.525551 0.444824
vt 0.525598 0.444824
vt 0.457438 0.444824
vt 0.479475 0.444824
vt 0.525645 0.444824
vt 0.525645 0.444824
vt 0.475710 0.444824
vt 0.500552 0.444824
vt 0.500549 0.444824
vt 0.501106 0.444824
vt 0.526006 0.444824
vt 0.526998 0.444824
vt 0.453700 0.444824
vt 0.455444 0.444824
vt 0.459747 0.444824
vt 0.546636 0.444824
vt 0.438689 0.444824
vt 0.448784 0.444824
vt 0.445073 0.444824
vt 0.440675 0.444824
vt 0.453700 0.444824
vt 0.455444 0.444824
vt 0.526998 0.444824
vt 0.526006 0.444824
vt 0.500552 0.444824
vt 0.525655 0.444824
vt 0.475710 0.444824
vt 0.474749 0.444824
vt 0.477926 0.444824
vt 0.525645 0.444824
vt 0.501509 0.444824
vt 0.442885 0.305176
vt 0.445073 0.305176
vt 0.453700 0.305177
vt 0.500549 0.305176
vt 0.525655 0.305176
vt 0.501106 0.305176
vt 0.474749 0.305176
vt 0.569700 0.305176
vt 0.569530 0.444824
vt 0.547247 0.444824
vt 0.567089 0.305176
vt 0.569463 0.305176
vt 0.566936 0.444824
vt 0.567918 0.444824
vt 0.568832 0.444824
vt 0.566641 0.444824
vt 0.569700 0.444824
s 1
usemtl HumanColor
f 1545/1/1356 1546/2/1357 1549/3/1360 1548/4/1359
f 1546/2/1357 1547/5/1358 1550/6/1361 1549/3/1360
f 1548/4/1359 1549/3/1360 1552/7/1363 1551/8/1362
f 1549/3/1360 1550/6/1361 1553/9/1364 1552/7/1363
f 1/10/1 245/11/237 1545/1/1356 234/12/226
f 245/11/237 244/13/236 1546/2/1357 1545/1/1356
f 244/13/236 243/14/235 1547/5/1358 1546/2/1357
f 243/14/235 5/15/5 254/16/246 1547/5/1358
f 1547/5/1358 254/16/246 253/17/245 1550/6/1361
f 1550/6/1361 253/17/245 252/18/244 1553/9/1364
f 1553/9/1364 252/18/244 7/19/7 227/20/219
f 1552/7/1363 1553/9/1364 227/20/219 226/21/218
f 1551/8/1362 1552/7/1363 226/21/218 225/22/217
f 236/23/228 1551/8/1362 225/22/217 3/24/3
f 235/25/227 1548/4/1359 1551/8/1362 236/23/228
f 234/12/226 1545/1/1356 1548/4/1359 235/25/227
f 1554/26/1365 1555/27/1366 1558/28/1369 1557/29/1368
f 1555/27/1366 1556/30/1367 1559/31/1370 1558/28/1369
f 1557/29/1368 1558/28/1369 1561/32/1372 1560/33/1371
f 1558/28/1369 1559/31/1370 1562/34/1373 1561/32/1372
f 8/35/8 272/36/264 1554/26/1365 302/37/294
f 272/36/264 271/38/263 1555/27/1366 1554/26/1365
f 271/38/263 270/39/262 1556/30/1367 1555/27/1366
f 270/39/262 6/40/6 297/41/289 1556/30/1367
f 1556/30/1367 297/41/289 298/42/290 1559/31/1370
f 1559/31/1370 298/42/290 299/43/291 1562/34/1373
f 1562/34/1373 299/43/291 16/44/16 294/45/286
f 1561/32/1372 1562/34/1373 294/45/286 295/46/287
f 1560/33/1371 1561/32/1372 295/46/287 296/47/288
f 300/48/292 1560/33/1371 296/47/288 13/49/13
f 301/50/293 1557/29/1368 1560/33/1371 300/48/292
f 302/37/294 1554/26/1365 1557/29/1368 301/50/293
f 1563/51/1374 1564/52/1375 1567/53/1378 1566/54/1377
f 1564/52/1375 1565/55/1376 1568/56/1379 1567/53/1378
f 1566/54/1377 1567/53/1378 1570/57/1381 1569/58/1380
f 1567/53/1378 1568/56/1379 1571/59/1382 1570/57/1381
f 10/60/10 233/61/225 1563/51/1374 230/62/222
f 233/61/225 232/63/224 1564/52/1375 1563/51/1374
f 232/63/224 231/64/223 1565/55/1376 1564/52/1375
f 231/64/223 3/65/3 225/66/217 1565/55/1376
f 1565/55/1376 225/66/217 226/67/218 1568/56/1379
f 1568/56/1379 226/67/218 227/68/219 1571/59/1382
f 1571/59/1382 227/68/219 7/69/7 257/70/249
f 1570/57/1381 1571/59/1382 257/70/249 256/71/248
f 1569/58/1380 1570/57/1381 256/71/248 255/72/247
f 228/73/220 1569/58/1380 255/72/247 9/74/9
f 229/75/221 1566/54/1377 1569/58/1380 228/73/220
f 230/62/222 1563/51/1374 1566/54/1377 229/75/221
f 1572/76/1383 1573/77/1384 1576/78/1387 1575/79/1386
f 1573/77/1384 1574/80/1385 1577/81/1388 1576/78/1387
f 1575/79/1386 1576/78/1387 1579/82/1390 1578/83/1389
f 1576/78/1387 1577/81/1388 1580/84/1391 1579/82/1390
f 11/74/11 242/72/234 1572/76/1383 239/85/231
f 242/72/234 241/71/233 1573/77/1384 1572/76/1383
f 241/71/233 240/70/232 1574/80/1385 1573/77/1384
f 240/70/232 1/69/1 234/86/226 1574/80/1385
f 1574/80/1385 234/86/226 235/87/227 1577/81/1388
f 1577/81/1388 235/87/227 236/88/228 1580/84/1391
f 1580/84/1391 236/88/228 3/89/3 231/90/223
f 1579/82/1390 1580/84/1391 231/90/223 232/91/224
f 1578/83/1389 1579/82/1390 232/91/224 233/92/225
f 237/93/229 1578/83/1389 233/92/225 10/94/10
f 238/95/230 1575/79/1386 1578/83/1389 237/93/229
f 239/85/231 1572/76/1383 1575/79/1386 238/95/230
f 1581/96/1392 1582/97/1393 1585/98/1396 1584/99/1395
f 1582/97/1393 1583/100/1394 1586/101/1397 1585/98/1396
f 1584/99/1395 1585/98/1396 1588/102/1399 1587/103/1398
f 1585/98/1396 1586/101/1397 1589/104/1400 1588/102/1399
f 12/105/12 251/106/243 1581/96/1392 248/107/240
f 251/106/243 250/108/242 1582/97/1393 1581/96/1392
f 250/108/242 249/109/241 1583/100/1394 1582/97/1393
f 249/109/241 5/60/5 243/62/235 1583/100/1394
f 1583/100/1394 243/62/235 244/75/236 1586/101/1397
f 1586/101/1397 244/75/236 245/73/237 1589/104/1400
f 1589/104/1400 245/73/237 1/74/1 240/110/232
f 1588/102/1399 1589/104/1400 240/110/232 241/111/233
f 1587/103/1398 1588/102/1399 241/111/233 242/112/234
f 246/113/238 1587/103/1398 242/112/234 11/114/11
f 247/115/239 1584/99/1395 1587/103/1398 246/113/238
f 248/107/240 1581/96/1392 1584/99/1395 247/115/239
f 1590/116/1401 1591/117/1402 1594/118/1405 1593/119/1404
f 1591/117/1402 1592/120/1403 1595/121/1406 1594/118/1405
f 1593/119/1404 1594/118/1405 1597/122/1408 1596/123/1407
f 1594/118/1405 1595/121/1406 1598/124/1409 1597/122/1408
f 9/65/9 255/125/247 1590/116/1401 260/66/252
f 255/125/247 256/126/248 1591/117/1402 1590/116/1401
f 256/126/248 257/127/249 1592/120/1403 1591/117/1402
f 257/127/249 7/128/7 252/129/244 1592/120/1403
f 1592/120/1403 252/129/244 253/130/245 1595/121/1406
f 1595/121/1406 253/130/245 254/131/246 1598/124/1409
f 1598/124/1409 254/131/246 5/132/5 249/133/241
f 1597/122/1408 1598/124/1409 249/133/241 250/134/242
f 1596/123/1407 1597/122/1408 250/134/242 251/135/243
f 258/68/250 1596/123/1407 251/135/243 12/69/12
f 259/67/251 1593/119/1404 1596/123/1407 258/68/250
f 260/66/252 1590/116/1401 1593/119/1404 259/67/251
f 1599/136/1410 1600/137/1411 1603/138/1414 1602/139/1413
f 1600/137/1411 1601/140/1412 1604/141/1415 1603/138/1414
f 1602/139/1413 1603/138/1414 1606/142/1417 1605/143/1416
f 1603/138/1414 1604/141/1415 1607/144/1418 1606/142/1417
f 8/145/8 261/146/253 1599/136/1410 275/147/267
f 261/146/253 262/148/254 1600/137/1411 1599/136/1410
f 262/148/254 263/149/255 1601/140/1412 1600/137/1411
f 263/149/255 4/150/4 276/151/268 1601/140/1412
f 1601/140/1412 276/151/268 277/152/269 1604/141/1415
f 1604/141/1415 277/152/269 278/153/270 1607/144/1418
f 1607/144/1418 278/153/270 10/154/10 230/64/222
f 1606/142/1417 1607/144/1418 230/64/222 229/63/221
f 1605/143/1416 1606/142/1417 229/63/221 228/61/220
f 273/155/265 1605/143/1416 228/61/220 9/156/9
f 274/157/266 1602/139/1413 1605/143/1416 273/155/265
f 275/147/267 1599/136/1410 1602/139/1413 274/157/266
f 1608/158/1419 1609/159/1420 1612/160/1423 1611/161/1422
f 1609/159/1420 1610/162/1421 1613/163/1424 1612/160/1423
f 1611/161/1422 1612/160/1423 1615/164/1426 1614/165/1425
f 1612/160/1423 1613/163/1424 1616/166/1427 1615/164/1426
f 4/150/4 264/167/256 1608/158/1419 276/151/268
f 264/167/256 265/168/257 1609/159/1420 1608/158/1419
f 265/168/257 266/169/258 1610/162/1421 1609/159/1420
f 266/169/258 2/170/2 279/171/271 1610/162/1421
f 1610/162/1421 279/171/271 280/172/272 1613/163/1424
f 1613/163/1424 280/172/272 281/173/273 1616/166/1427
f 1616/166/1427 281/173/273 11/174/11 239/175/231
f 1615/164/1426 1616/166/1427 239/175/231 238/176/230
f 1614/165/1425 1615/164/1426 238/176/230 237/177/229
f 278/153/270 1614/165/1425 237/177/229 10/154/10
f 277/152/269 1611/161/1422 1614/165/1425 278/153/270
f 276/151/268 1608/158/1419 1611/161/1422 277/152/269
f 1617/178/1428 1618/179/1429 1621/180/1432 1620/181/1431
f 1618/179/1429 1619/182/1430 1622/183/1433 1621/180/1432
f 1620/181/1431 1621/180/1432 1624/184/1435 1623/185/1434
f 1621/180/1432 1622/183/1433 1625/186/1436 1624/184/1435
f 2/170/2 267/187/259 1617/178/1428 279/171/271
f 267/187/259 268/188/260 1618/179/1429 1617/178/1428
f 268/188/260 269/189/261 1619/182/1430 1618/179/1429
f 269/189/261 6/190/6 282/191/274 1619/182/1430
f 1619/182/1430 282/191/274 283/192/275 1622/183/1433
f 1622/183/1433 283/192/275 284/193/276 1625/186/1436
f 1625/186/1436 284/193/276 12/194/12 248/22/240
f 1624/184/1435 1625/186/1436 248/22/240 247/21/239
f 1623/185/1434 1624/184/1435 247/21/239 246/20/238
f 281/173/273 1623/185/1434 246/20/238 11/174/11
f 280/172/272 1620/181/1431 1623/185/1434 281/173/273
f 279/171/271 1617/178/1428 1620/181/1431 280/172/272
f 1626/195/1437 1627/196/1438 1630/197/1441 1629/198/1440
f 1627/196/1438 1628/199/1439 1631/200/1442 1630/197/1441
f 1629/198/1440 1630/197/1441 1633/201/1444 1632/202/1443
f 1630/197/1441 1631/200/1442 1634/203/1445 1633/201/1444
f 6/190/6 270/204/262 1626/195/1437 282/191/274
f 270/204/262 271/205/263 1627/196/1438 1626/195/1437
f 271/205/263 272/206/264 1628/199/1439 1627/196/1438
f 272/206/264 8/145/8 275/147/267 1628/199/1439
f 1628/199/1439 275/147/267 274/157/266 1631/200/1442
f 1631/200/1442 274/157/266 273/155/265 1634/203/1445
f 1634/203/1445 273/155/265 9/156/9 260/207/252
f 1633/201/1444 1634/203/1445 260/207/252 259/208/251
f 1632/202/1443 1633/201/1444 259/208/251 258/209/250
f 284/193/276 1632/202/1443 258/209/250 12/194/12
f 283/192/275 1629/198/1440 1632/202/1443 284/193/276
f 282/191/274 1626/195/1437 1629/198/1440 283/192/275
f 1635/210/1446 1636/211/1446 1639/212/1447 1638/213/1447
f 1636/211/1446 1637/214/1446 1640/215/1447 1639/212/1447
f 1638/213/1447 1639/212/1447 1642/216/1448 1641/217/1448
f 1639/212/1447 1640/215/1447 1643/217/1448 1642/216/1448
f 17/218/17 554/218/525 1635/210/1446 618/219/567
f 554/218/525 553/220/525 1636/211/1446 1635/210/1446
f 553/220/525 552/221/525 1637/214/1446 1636/211/1446
f 552/221/525 28/218/28 347/219/339 1637/214/1446
f 1637/214/1446 347/219/339 346/222/338 1640/215/1447
f 1640/215/1447 346/222/338 345/223/337 1643/217/1448
f 1643/217/1448 345/223/337 53/224/53 579/225/534
f 1642/216/1448 1643/217/1448 579/225/534 580/226/534
f 1641/217/1448 1642/216/1448 580/226/534 581/225/534
f 620/223/569 1641/217/1448 581/225/534 67/224/67
f 619/222/568 1638/213/1447 1641/217/1448 620/223/569
f 618/219/567 1635/210/1446 1638/213/1447 619/222/568
f 1644/227/1449 1645/228/1450 1648/229/1453 1647/230/1452
f 1645/228/1450 1646/231/1451 1649/232/1454 1648/229/1453
f 1647/230/1452 1648/229/1453 1651/233/1456 1650/234/1455
f 1648/229/1453 1649/232/1454 1652/235/1457 1651/233/1456
f 2/170/2 266/236/258 1644/227/1449 308/237/300
f 266/236/258 265/168/257 1645/228/1450 1644/227/1449
f 265/168/257 264/238/256 1646/231/1451 1645/228/1450
f 264/238/256 4/150/4 303/239/295 1646/231/1451
f 1646/231/1451 303/239/295 304/240/296 1649/232/1454
f 1649/232/1454 304/240/296 305/241/297 1652/235/1457
f 1652/235/1457 305/241/297 14/242/14 288/243/280
f 1651/233/1456 1652/235/1457 288/243/280 289/244/281
f 1650/234/1455 1651/233/1456 289/244/281 290/245/282
f 306/246/298 1650/234/1455 290/245/282 15/247/15
f 307/248/299 1647/230/1452 1650/234/1455 306/246/298
f 308/237/300 1644/227/1449 1647/230/1452 307/248/299
f 1653/249/1458 1654/250/1459 1657/251/1462 1656/252/1461
f 1654/250/1459 1655/253/1460 1658/254/1463 1657/251/1462
f 1656/252/1461 1657/251/1462 1660/255/1465 1659/256/1464
f 1657/251/1462 1658/254/1463 1661/257/1466 1660/255/1465
f 6/40/6 269/258/261 1653/249/1458 297/41/289
f 269/258/261 268/259/260 1654/250/1459 1653/249/1458
f 268/259/260 267/260/259 1655/253/1460 1654/250/1459
f 267/260/259 2/170/2 308/237/300 1655/253/1460
f 1655/253/1460 308/237/300 307/248/299 1658/254/1463
f 1658/254/1463 307/248/299 306/246/298 1661/257/1466
f 1661/257/1466 306/246/298 15/247/15 291/261/283
f 1660/255/1465 1661/257/1466 291/261/283 292/262/284
f 1659/256/1464 1660/255/1465 292/262/284 293/263/285
f 299/43/291 1659/256/1464 293/263/285 16/44/16
f 298/42/290 1656/252/1461 1659/256/1464 299/43/291
f 297/41/289 1653/249/1458 1656/252/1461 298/42/290
f 1662/264/1467 1663/265/1468 1666/266/1471 1665/267/1470
f 1663/265/1468 1664/268/1469 1667/269/1472 1666/266/1471
f 1665/267/1470 1666/266/1471 1669/270/1474 1668/271/1473
f 1666/266/1471 1667/269/1472 1670/272/1475 1669/270/1474
f 4/150/4 263/273/255 1662/264/1467 303/239/295
f 263/273/255 262/274/254 1663/265/1468 1662/264/1467
f 262/274/254 261/275/253 1664/268/1469 1663/265/1468
f 261/275/253 8/35/8 302/37/294 1664/268/1469
f 1664/268/1469 302/37/294 301/50/293 1667/269/1472
f 1667/269/1472 301/50/293 300/48/292 1670/272/1475
f 1670/272/1475 300/48/292 13/49/13 285/276/277
f 1669/270/1474 1670/272/1475 285/276/277 286/277/278
f 1668/271/1473 1669/270/1474 286/277/278 287/278/279
f 305/241/297 1668/271/1473 287/278/279 14/242/14
f 304/240/296 1665/267/1470 1668/271/1473 305/241/297
f 303/239/295 1662/264/1467 1665/267/1470 304/240/296
f 1671/279/1476 1672/280/1477 1675/281/1480 1674/282/1479
f 1672/280/1477 1673/283/1478 1676/284/1481 1675/281/1480
f 1674/282/1479 1675/281/1480 1678/285/1483 1677/286/1482
f 1675/281/1480 1676/284/1481 1679/287/1484 1678/285/1483
f 13/49/13 296/47/288 1671/279/1476 320/288/312
f 296/47/288 295/46/287 1672/280/1477 1671/279/1476
f 295/46/287 294/45/286 1673/283/1478 1672/280/1477
f 294/45/286 16/44/16 324/289/316 1673/283/1478
f 1673/283/1478 324/289/316 325/290/317 1676/284/1481
f 1676/284/1481 325/290/317 326/291/318 1679/287/1484
f 1679/287/1484 326/291/318 19/292/19 489/293/470
f 1678/285/1483 1679/287/1484 489/293/470 490/294/471
f 1677/286/1482 1678/285/1483 490/294/471 491/295/472
f 318/296/310 1677/286/1482 491/295/472 18/297/18
f 319/298/311 1674/282/1479 1677/286/1482 318/296/310
f 320/288/312 1671/279/1476 1674/282/1479 319/298/311
f 1680/299/1485 1681/300/1486 1684/301/1489 1683/302/1488
f 1681/300/1486 1682/303/1487 1685/304/1490 1684/301/1489
f 1683/302/1488 1684/301/1489 1687/305/1492 1686/306/1491
f 1684/301/1489 1685/304/1490 1688/307/1493 1687/305/1492
f 23/247/23 389/308/379 1680/299/1485 312/309/304
f 389/308/379 388/310/378 1681/300/1486 1680/299/1485
f 388/310/378 387/311/377 1682/303/1487 1681/300/1486
f 387/311/377 29/312/29 356/313/348 1682/303/1487
f 1682/303/1487 356/313/348 355/314/347 1685/304/1490
f 1685/304/1490 355/314/347 354/315/346 1688/307/1493
f 1688/307/1493 354/315/346 46/316/46 462/317/443
f 1687/305/1492 1688/307/1493 462/317/443 463/318/444
f 1686/306/1491 1687/305/1492 463/318/444 464/319/445
f 314/320/306 1686/306/1491 464/319/445 44/321/44
f 313/322/305 1683/302/1488 1686/306/1491 314/320/306
f 312/309/304 1680/299/1485 1683/302/1488 313/322/305
f 1689/323/1494 1690/324/1495 1693/325/1498 1692/326/1497
f 1690/324/1495 1691/327/1496 1694/328/1499 1693/325/1498
f 1692/326/1497 1693/325/1498 1696/329/1501 1695/330/1500
f 1693/325/1498 1694/328/1499 1697/331/1502 1696/329/1501
f 30/332/30 384/333/374 1689/323/1494 348/334/340
f 384/333/374 385/335/375 1690/324/1495 1689/323/1494
f 385/335/375 386/336/376 1691/327/1496 1690/324/1495
f 386/336/376 24/44/24 329/289/321 1691/327/1496
f 1691/327/1496 329/289/321 328/290/320 1694/328/1499
f 1694/328/1499 328/290/320 327/291/319 1697/331/1502
f 1697/331/1502 327/291/319 51/292/51 524/337/500
f 1696/329/1501 1697/331/1502 524/337/500 523/338/499
f 1695/330/1500 1696/329/1501 523/338/499 522/339/498
f 350/340/342 1695/330/1500 522/339/498 55/341/55
f 349/342/341 1692/326/1497 1695/330/1500 350/340/342
f 348/334/340 1689/323/1494 1692/326/1497 349/342/341
f 1698/343/1503 1699/344/1504 1702/345/1507 1701/346/1506
f 1699/344/1504 1700/347/1505 1703/348/1508 1702/345/1507
f 1701/346/1506 1702/345/1507 1705/349/1510 1704/350/1509
f 1702/345/1507 1703/348/1508 1706/351/1511 1705/349/1510
f 22/352/22 336/353/328 1698/343/1503 351/354/343
f 336/353/328 337/355/329 1699/344/1504 1698/343/1503
f 337/355/329 338/356/330 1700/347/1505 1699/344/1504
f 338/356/330 23/247/23 312/309/304 1700/347/1505
f 1700/347/1505 312/309/304 313/322/305 1703/348/1508
f 1703/348/1508 313/322/305 314/320/306 1706/351/1511
f 1706/351/1511 314/320/306 44/321/44 449/357/432
f 1705/349/1510 1706/351/1511 449/357/432 448/358/431
f 1704/350/1509 1705/349/1510 448/358/431 447/359/430
f 353/360/345 1704/350/1509 447/359/430 43/361/43
f 352/362/344 1701/346/1506 1704/350/1509 353/360/345
f 351/354/343 1698/343/1503 1701/346/1506 352/362/344
f 1707/363/1512 1708/364/1513 1711/365/1516 1710/366/1515
f 1708/364/1513 1709/367/1514 1712/368/1517 1711/365/1516
f 1710/366/1515 1711/365/1516 1714/369/1519 1713/370/1518
f 1711/365/1516 1712/368/1517 1715/371/1520 1714/369/1519
f 24/44/24 341/372/333 1707/363/1512 342/373/334
f 341/372/333 340/374/332 1708/364/1513 1707/363/1512
f 340/374/332 339/375/331 1709/367/1514 1708/364/1513
f 339/375/331 23/247/23 338/356/330 1709/367/1514
f 1709/367/1514 338/356/330 337/376/329 1712/368/1517
f 1712/368/1517 337/376/329 336/377/328 1715/371/1520
f 1715/371/1520 336/377/328 22/352/22 335/378/327
f 1714/369/1519 1715/371/1520 335/378/327 334/379/326
f 1713/370/1518 1714/369/1519 334/379/326 333/380/325
f 344/381/336 1713/370/1518 333/380/325 21/382/21
f 343/383/335 1710/366/1515 1713/370/1518 344/381/336
f 342/373/334 1707/363/1512 1710/366/1515 343/383/335
f 1716/384/1521 1717/385/1522 1720/386/1525 1719/387/1524
f 1717/385/1522 1718/388/1523 1721/389/1526 1720/386/1525
f 1719/387/1524 1720/386/1525 1723/390/1528 1722/391/1527
f 1720/386/1525 1721/389/1526 1724/392/1529 1723/390/1528
f 25/312/25 317/393/309 1716/384/1521 414/313/402
f 317/393/309 316/394/308 1717/385/1522 1716/384/1521
f 316/394/308 315/395/307 1718/388/1523 1717/385/1522
f 315/395/307 15/247/15 321/396/313 1718/388/1523
f 1718/388/1523 321/396/313 322/322/314 1721/389/1526
f 1721/389/1526 322/322/314 323/320/315 1724/392/1529
f 1724/392/1529 323/320/315 38/321/38 438/319/424
f 1723/390/1528 1724/392/1529 438/319/424 439/397/425
f 1722/391/1527 1723/390/1528 439/397/425 440/398/426
f 416/315/404 1722/391/1527 440/398/426 42/316/42
f 415/399/403 1719/387/1524 1722/391/1527 416/315/404
f 414/313/402 1716/384/1521 1719/387/1524 415/399/403
f 1725/400/1530 1726/401/1531 1729/402/1534 1728/403/1533
f 1726/401/1531 1727/404/1532 1730/405/1535 1729/402/1534
f 1728/403/1533 1729/402/1534 1732/406/1537 1731/407/1536
f 1729/402/1534 1730/405/1535 1733/408/1538 1732/406/1537
f 16/44/16 293/263/285 1725/400/1530 380/409/370
f 293/263/285 292/262/284 1726/401/1531 1725/400/1530
f 292/262/284 291/261/283 1727/404/1532 1726/401/1531
f 291/261/283 15/247/15 315/395/307 1727/404/1532
f 1727/404/1532 315/395/307 316/394/308 1730/405/1535
f 1730/405/1535 316/394/308 317/410/309 1733/408/1538
f 1733/408/1538 317/410/309 25/312/25 357/411/349
f 1732/406/1537 1733/408/1538 357/411/349 358/412/350
f 1731/407/1536 1732/406/1537 358/412/350 359/413/351
f 378/414/368 1731/407/1536 359/413/351 26/332/26
f 379/415/369 1728/403/1533 1731/407/1536 378/414/368
f 380/409/370 1725/400/1530 1728/403/1533 379/415/369
f 1734/416/1539 1735/417/1540 1738/418/1543 1737/419/1542
f 1735/417/1540 1736/420/1541 1739/421/1544 1738/418/1543
f 1737/419/1542 1738/418/1543 1741/422/1546 1740/423/1545
f 1738/418/1543 1739/421/1544 1742/424/1547 1741/422/1546
f 36/425/36 417/426/405 1734/416/1539 332/427/324
f 417/426/405 418/428/406 1735/417/1540 1734/416/1539
f 418/428/406 419/429/407 1736/420/1541 1735/417/1540
f 419/429/407 22/352/22 351/354/343 1736/420/1541
f 1736/420/1541 351/354/343 352/362/344 1739/421/1544
f 1739/421/1544 352/362/344 353/360/345 1742/424/1547
f 1742/424/1547 353/360/345 43/361/43 479/430/460
f 1741/422/1546 1742/424/1547 479/430/460 478/431/459
f 1740/423/1545 1741/422/1546 478/431/459 477/432/458
f 330/433/322 1740/423/1545 477/432/458 48/434/48
f 331/435/323 1737/419/1542 1740/423/1545 330/433/322
f 332/427/324 1734/416/1539 1737/419/1542 331/435/323
f 1743/436/1548 1744/437/1548 1747/438/1548 1746/439/1548
f 1744/437/1548 1745/440/1548 1748/441/1548 1747/438/1548
f 1746/439/1548 1747/438/1548 1750/442/1548 1749/443/1548
f 1747/438/1548 1748/441/1548 1751/440/1548 1750/442/1548
f 17/218/17 617/444/566 1743/436/1548 554/445/525
f 617/444/566 616/446/565 1744/437/1548 1743/436/1548
f 616/446/565 615/447/564 1745/440/1548 1744/437/1548
f 615/447/564 20/448/20 363/449/355 1745/440/1548
f 1745/440/1548 363/449/355 364/450/355 1748/441/1548
f 1748/441/1548 364/450/355 365/448/355 1751/440/1548
f 1751/440/1548 365/448/355 27/448/27 360/447/352
f 1750/442/1548 1751/440/1548 360/447/352 361/446/353
f 1749/443/1548 1750/442/1548 361/446/353 362/444/354
f 552/221/525 1749/443/1548 362/444/354 28/218/28
f 553/451/525 1746/439/1548 1749/443/1548 552/221/525
f 554/445/525 1743/436/1548 1746/439/1548 553/451/525
f 1752/452/1549 1753/437/1550 1756/453/1553 1755/454/1552
f 1753/437/1550 1754/455/1551 1757/456/1554 1756/453/1553
f 1755/454/1552 1756/453/1553 1759/412/1556 1758/457/1555
f 1756/453/1553 1757/456/1554 1760/458/1557 1759/412/1556
f 28/221/28 362/459/354 1752/452/1549 372/460/362
f 362/459/354 361/412/353 1753/437/1550 1752/452/1549
f 361/412/353 360/461/352 1754/455/1551 1753/437/1550
f 360/461/352 27/448/27 377/462/367 1754/455/1551
f 1754/455/1551 377/462/367 376/463/366 1757/456/1554
f 1757/456/1554 376/463/366 375/464/365 1760/458/1557
f 1760/458/1557 375/464/365 29/312/29 369/411/359
f 1759/412/1556 1760/458/1557 369/411/359 370/412/360
f 1758/457/1555 1759/412/1556 370/412/360 371/413/361
f 374/465/364 1758/457/1555 371/413/361 30/332/30
f 373/466/363 1755/454/1552 1758/457/1555 374/465/364
f 372/460/362 1752/452/1549 1755/454/1552 373/466/363
f 1761/467/1558 1762/468/1559 1765/469/1562 1764/470/1561
f 1762/468/1559 1763/471/1560 1766/472/1563 1765/469/1562
f 1764/470/1561 1765/469/1562 1768/473/1565 1767/474/1564
f 1765/469/1562 1766/472/1563 1769/475/1566 1768/473/1565
f 24/44/24 342/476/334 1761/467/1558 329/289/321
f 342/476/334 343/477/335 1762/468/1559 1761/467/1558
f 343/477/335 344/381/336 1763/471/1560 1762/468/1559
f 344/381/336 21/382/21 383/288/373 1763/471/1560
f 1763/471/1560 383/288/373 382/298/372 1766/472/1563
f 1766/472/1563 382/298/372 381/478/371 1769/475/1566
f 1769/475/1566 381/478/371 52/479/52 503/295/479
f 1768/473/1565 1769/475/1566 503/295/479 502/294/478
f 1767/474/1564 1768/473/1565 502/294/478 501/293/477
f 327/291/319 1767/474/1564 501/293/477 51/292/51
f 328/290/320 1764/470/1561 1767/474/1564 327/291/319
f 329/289/321 1761/467/1558 1764/470/1561 328/290/320
f 1770/480/1567 1771/481/1568 1774/482/1571 1773/483/1570
f 1771/481/1568 1772/484/1569 1775/485/1572 1774/482/1571
f 1773/483/1570 1774/482/1571 1777/486/1574 1776/487/1573
f 1774/482/1571 1775/485/1572 1778/488/1575 1777/486/1574
f 22/352/22 419/489/407 1770/480/1567 776/490/715
f 419/489/407 418/491/406 1771/481/1568 1770/480/1567
f 418/491/406 417/492/405 1772/484/1569 1771/481/1568
f 417/492/405 36/425/36 771/493/710 1772/484/1569
f 1772/484/1569 771/493/710 772/494/711 1775/485/1572
f 1775/485/1572 772/494/711 773/495/712 1778/488/1575
f 1778/488/1575 773/495/712 96/425/96 759/496/698
f 1777/486/1574 1778/488/1575 759/496/698 760/497/699
f 1776/487/1573 1777/486/1574 760/497/699 761/498/700
f 774/499/713 1776/487/1573 761/498/700 90/425/90
f 775/500/714 1773/483/1570 1776/487/1573 774/499/713
f 776/490/715 1770/480/1567 1773/483/1570 775/500/714
f 1779/501/1576 1780/502/1577 1783/503/1580 1782/504/1579
f 1780/502/1577 1781/505/1578 1784/506/1581 1783/503/1580
f 1782/504/1579 1783/503/1580 1786/507/1583 1785/508/1582
f 1783/503/1580 1784/506/1581 1787/509/1584 1786/507/1583
f 29/312/29 375/510/365 1779/501/1576 356/313/348
f 375/510/365 376/511/366 1780/502/1577 1779/501/1576
f 376/511/366 377/462/367 1781/505/1578 1780/502/1577
f 377/462/367 27/448/27 392/512/382 1781/505/1578
f 1781/505/1578 392/512/382 391/513/381 1784/506/1581
f 1784/506/1581 391/513/381 390/514/380 1787/509/1584
f 1787/509/1584 390/514/380 45/515/45 461/516/442
f 1786/507/1583 1787/509/1584 461/516/442 460/515/441
f 1785/508/1582 1786/507/1583 460/515/441 459/316/440
f 354/315/346 1785/508/1582 459/316/440 46/316/46
f 355/314/347 1782/504/1579 1785/508/1582 354/315/346
f 356/313/348 1779/501/1576 1782/504/1579 355/314/347
f 1788/517/1585 1789/518/1586 1792/519/1589 1791/520/1588
f 1789/518/1586 1790/521/1587 1793/522/1590 1792/519/1589
f 1791/520/1588 1792/519/1589 1795/523/1592 1794/524/1591
f 1792/519/1589 1793/522/1590 1796/525/1593 1795/523/1592
f 75/526/75 641/527/584 1788/517/1585 690/313/629
f 641/527/584 640/528/583 1789/518/1586 1788/517/1585
f 640/528/583 639/529/582 1790/521/1587 1789/518/1586
f 639/529/582 25/312/25 414/313/402 1790/521/1587
f 1790/521/1587 414/313/402 415/399/403 1793/522/1590
f 1793/522/1590 415/399/403 416/315/404 1796/525/1593
f 1796/525/1593 416/315/404 42/316/42 648/530/591
f 1795/523/1592 1796/525/1593 648/530/591 649/515/592
f 1794/524/1591 1795/523/1592 649/515/592 650/531/593
f 692/532/631 1794/524/1591 650/531/593 78/515/78
f 691/533/630 1791/520/1588 1794/524/1591 692/532/631
f 690/313/629 1788/517/1585 1791/520/1588 691/533/630
f 1797/534/1594 1798/535/1594 1801/536/1594 1800/537/1594
f 1798/535/1594 1799/538/1594 1802/539/1594 1801/536/1594
f 1800/537/1594 1801/536/1594 1804/540/1594 1803/541/1594
f 1801/536/1594 1802/539/1594 1805/542/1594 1804/540/1594
f 60/543/60 611/534/560 1797/534/1594 560/544/529
f 611/534/560 610/540/559 1798/535/1594 1797/534/1594
f 610/540/559 609/542/558 1799/538/1594 1798/535/1594
f 609/542/558 59/545/59 399/546/389 1799/538/1594
f 1799/538/1594 399/546/389 400/547/389 1802/539/1594
f 1802/539/1594 400/547/389 401/548/389 1805/542/1594
f 1805/542/1594 401/548/389 33/545/33 396/542/386
f 1804/540/1594 1805/542/1594 396/542/386 397/540/387
f 1803/541/1594 1804/540/1594 397/540/387 398/534/388
f 558/549/529 1803/541/1594 398/534/388 34/543/34
f 559/550/529 1800/537/1594 1803/541/1594 558/549/529
f 560/544/529 1797/534/1594 1800/537/1594 559/550/529
f 1806/551/1595 1807/536/1596 1810/552/1599 1809/553/1598
f 1807/536/1596 1808/554/1597 1811/555/1600 1810/552/1599
f 1809/553/1598 1810/552/1599 1813/556/1602 1812/557/1601
f 1810/552/1599 1811/555/1600 1814/558/1603 1813/556/1602
f 34/559/34 398/560/388 1806/551/1595 411/561/399
f 398/560/388 397/562/387 1807/536/1596 1806/551/1595
f 397/562/387 396/539/386 1808/554/1597 1807/536/1596
f 396/539/386 33/563/33 410/564/398 1808/554/1597
f 1808/554/1597 410/564/398 409/565/397 1811/555/1600
f 1811/555/1600 409/565/397 408/566/396 1814/558/1603
f 1814/558/1603 408/566/396 35/567/35 405/568/393
f 1813/556/1602 1814/558/1603 405/568/393 406/569/394
f 1812/557/1601 1813/556/1602 406/569/394 407/570/395
f 413/571/401 1812/557/1601 407/570/395 36/425/36
f 412/572/400 1809/553/1598 1812/557/1601 413/571/401
f 411/561/399 1806/551/1595 1809/553/1598 412/572/400
f 1815/573/1604 1816/574/1605 1819/575/1608 1818/576/1607
f 1816/574/1605 1817/577/1606 1820/578/1609 1819/575/1608
f 1818/576/1607 1819/575/1608 1822/579/1611 1821/580/1610
f 1819/575/1608 1820/578/1609 1823/581/1612 1822/579/1611
f 14/242/14 287/278/279 1815/573/1604 309/490/301
f 287/278/279 286/277/278 1816/574/1605 1815/573/1604
f 286/277/278 285/276/277 1817/577/1606 1816/574/1605
f 285/276/277 13/49/13 420/582/408 1817/577/1606
f 1817/577/1606 420/582/408 421/583/409 1820/578/1609
f 1820/578/1609 421/583/409 422/584/410 1823/581/1612
f 1823/581/1612 422/584/410 31/567/31 393/568/383
f 1822/579/1611 1823/581/1612 393/568/383 394/569/384
f 1821/580/1610 1822/579/1611 394/569/384 395/570/385
f 311/499/303 1821/580/1610 395/570/385 32/585/32
f 310/586/302 1818/576/1607 1821/580/1610 311/499/303
f 309/490/301 1815/573/1604 1818/576/1607 310/586/302
f 1824/587/1613 1825/588/1614 1828/589/1617 1827/590/1616
f 1825/588/1614 1826/591/1615 1829/592/1618 1828/589/1617
f 1827/590/1616 1828/589/1617 1831/593/1620 1830/594/1619
f 1828/589/1617 1829/592/1618 1832/595/1621 1831/593/1620
f 35/567/35 423/596/411 1824/587/1613 770/597/709
f 423/596/411 424/598/412 1825/588/1614 1824/587/1613
f 424/598/412 425/599/413 1826/591/1615 1825/588/1614
f 425/599/413 21/382/21 765/600/704 1826/591/1615
f 1826/591/1615 765/600/704 766/601/705 1829/592/1618
f 1829/592/1618 766/601/705 767/602/706 1832/595/1621
f 1832/595/1621 767/602/706 89/563/89 764/603/703
f 1831/593/1620 1832/595/1621 764/603/703 763/604/702
f 1830/594/1619 1831/593/1620 763/604/702 762/603/701
f 768/605/707 1830/594/1619 762/603/701 95/563/95
f 769/606/708 1827/590/1616 1830/594/1619 768/605/707
f 770/597/709 1824/587/1613 1827/590/1616 769/606/708
f 1833/607/1622 1834/608/1623 1837/609/1626 1836/610/1625
f 1834/608/1623 1835/611/1624 1838/612/1627 1837/609/1626
f 1836/610/1625 1837/609/1626 1840/613/1629 1839/614/1628
f 1837/609/1626 1838/612/1627 1841/615/1630 1840/613/1629
f 28/218/28 372/616/362 1833/607/1622 347/617/339
f 372/616/362 373/618/363 1834/608/1623 1833/607/1622
f 373/618/363 374/465/364 1835/611/1624 1834/608/1623
f 374/465/364 30/332/30 348/334/340 1835/611/1624
f 1835/611/1624 348/334/340 349/342/341 1838/612/1627
f 1838/612/1627 349/342/341 350/340/342 1841/615/1630
f 1841/615/1630 350/340/342 55/341/55 515/224/491
f 1840/613/1629 1841/615/1630 515/224/491 514/224/490
f 1839/614/1628 1840/613/1629 514/224/490 513/226/489
f 345/619/337 1839/614/1628 513/226/489 53/225/53
f 346/620/338 1836/610/1625 1839/614/1628 345/619/337
f 347/617/339 1833/607/1622 1836/610/1625 346/620/338
f 1842/621/1631 1843/622/1632 1846/623/1635 1845/624/1634
f 1843/622/1632 1844/625/1633 1847/626/1636 1846/623/1635
f 1845/624/1634 1846/623/1635 1849/627/1638 1848/628/1637
f 1846/623/1635 1847/626/1636 1850/629/1639 1849/627/1638
f 21/382/21 425/630/413 1842/621/1631 383/288/373
f 425/630/413 424/631/412 1843/622/1632 1842/621/1631
f 424/631/412 423/632/411 1844/625/1633 1843/622/1632
f 423/632/411 35/567/35 426/633/414 1844/625/1633
f 1844/625/1633 426/633/414 427/634/415 1847/626/1636
f 1847/626/1636 427/634/415 428/635/416 1850/629/1639
f 1850/629/1639 428/635/416 58/636/58 534/637/507
f 1849/627/1638 1850/629/1639 534/637/507 535/638/508
f 1848/628/1637 1849/627/1638 535/638/508 536/639/509
f 381/478/371 1848/628/1637 536/639/509 52/479/52
f 382/298/372 1845/624/1634 1848/628/1637 381/478/371
f 383/288/373 1842/621/1631 1845/624/1634 382/298/372
f 1851/640/1640 1852/641/1641 1855/431/1644 1854/431/1643
f 1852/641/1641 1853/642/1642 1856/643/1645 1855/431/1644
f 1854/431/1643 1855/431/1644 1858/644/1647 1857/645/1646
f 1855/431/1644 1856/643/1645 1859/432/1648 1858/644/1647
f 43/646/43 452/647/435 1851/640/1640 479/430/460
f 452/647/435 451/646/434 1852/641/1641 1851/640/1640
f 451/646/434 450/647/433 1853/642/1642 1852/641/1641
f 450/647/433 40/646/40 476/641/457 1853/642/1642
f 1853/642/1642 476/641/457 475/431/456 1856/643/1645
f 1856/643/1645 475/431/456 474/644/455 1859/432/1648
f 1859/432/1648 474/644/455 47/648/47 471/649/452
f 1858/644/1647 1859/432/1648 471/649/452 472/648/453
f 1857/645/1646 1858/644/1647 472/648/453 473/650/454
f 477/651/458 1857/645/1646 473/650/454 48/434/48
f 478/431/459 1854/431/1643 1857/645/1646 477/651/458
f 479/430/460 1851/640/1640 1854/431/1643 478/431/459
f 1860/652/557 1861/653/557 1864/358/557 1863/654/557
f 1861/653/557 1862/655/557 1865/359/557 1864/358/557
f 1863/654/557 1864/358/557 1867/656/557 1866/657/557
f 1864/358/557 1865/359/557 1868/658/557 1867/656/557
f 61/321/61 608/652/557 1860/652/557 441/659/61
f 608/652/557 607/656/557 1861/653/557 1860/652/557
f 607/656/557 606/660/557 1862/655/557 1861/653/557
f 606/660/557 62/646/62 566/661/62 1862/655/557
f 1862/655/557 566/661/62 565/647/62 1865/359/557
f 1865/359/557 565/647/62 564/361/62 1868/658/557
f 1868/658/557 564/361/62 40/646/40 435/660/423
f 1867/656/557 1868/658/557 435/660/423 436/656/423
f 1866/657/557 1867/656/557 436/656/423 437/652/423
f 443/662/61 1866/657/557 437/652/423 41/321/41
f 442/663/61 1863/654/557 1866/657/557 443/662/61
f 441/659/61 1860/652/557 1863/654/557 442/663/61
f 1869/652/1649 1870/653/1649 1873/358/1650 1872/654/1650
f 1870/653/1649 1871/655/1649 1874/359/1650 1873/358/1650
f 1872/654/1650 1873/358/1650 1876/656/1651 1875/657/1651
f 1873/358/1650 1874/359/1650 1877/658/1651 1876/656/1651
f 41/321/41 437/652/423 1869/652/1649 455/659/438
f 437/652/423 436/656/423 1870/653/1649 1869/652/1649
f 436/656/423 435/660/423 1871/655/1649 1870/653/1649
f 435/660/423 40/646/40 450/661/433 1871/655/1649
f 1871/655/1649 450/661/433 451/647/434 1874/359/1650
f 1874/359/1650 451/647/434 452/361/435 1877/658/1651
f 1877/658/1651 452/361/435 43/646/43 447/660/430
f 1876/656/1651 1877/658/1651 447/660/430 448/656/431
f 1875/657/1651 1876/656/1651 448/656/431 449/652/432
f 453/662/436 1875/657/1651 449/652/432 44/321/44
f 454/663/437 1872/654/1650 1875/657/1651 453/662/436
f 455/659/438 1869/652/1649 1872/654/1650 454/663/437
f 1878/642/1652 1879/641/1653 1882/431/1656 1881/643/1655
f 1879/641/1653 1880/642/1654 1883/431/1657 1882/431/1656
f 1881/643/1655 1882/431/1656 1885/645/1659 1884/432/1658
f 1882/431/1656 1883/431/1657 1886/645/1660 1885/645/1659
f 71/646/71 444/647/427 1878/642/1652 687/664/626
f 444/647/427 445/646/428 1879/641/1653 1878/642/1652
f 445/646/428 446/647/429 1880/642/1654 1879/641/1653
f 446/647/429 37/646/37 432/641/420 1880/642/1654
f 1880/642/1654 432/641/420 433/431/421 1883/431/1657
f 1883/431/1657 433/431/421 434/651/422 1886/645/1660
f 1886/645/1660 434/651/422 39/665/39 470/666/451
f 1885/645/1659 1886/645/1660 470/666/451 469/648/450
f 1884/432/1658 1885/645/1659 469/648/450 468/649/449
f 689/667/628 1884/432/1658 468/649/449 72/648/72
f 688/668/627 1881/643/1655 1884/432/1658 689/667/628
f 687/664/626 1878/642/1652 1881/643/1655 688/668/627
f 1887/669/1661 1888/319/1662 1891/318/1665 1890/670/1664
f 1888/319/1662 1889/671/1663 1892/318/1666 1891/318/1665
f 1890/670/1664 1891/318/1665 1894/672/1668 1893/673/1667
f 1891/318/1665 1892/318/1666 1895/672/1669 1894/672/1668
f 41/662/41 455/674/438 1887/669/1661 467/319/448
f 455/674/438 454/662/437 1888/319/1662 1887/669/1661
f 454/662/437 453/674/436 1889/671/1663 1888/319/1662
f 453/674/436 44/321/44 464/319/445 1889/671/1663
f 1889/671/1663 464/319/445 463/318/444 1892/318/1666
f 1892/318/1666 463/318/444 462/317/443 1895/672/1669
f 1895/672/1669 462/317/443 46/316/46 459/515/440
f 1894/672/1668 1895/672/1669 459/515/440 460/515/441
f 1893/673/1667 1894/672/1668 460/515/441 461/531/442
f 465/675/446 1893/673/1667 461/531/442 45/515/45
f 466/397/447 1890/670/1664 1893/673/1667 465/675/446
f 467/319/448 1887/669/1661 1890/670/1664 466/397/447
f 1896/676/551 1897/677/551 1900/678/552 1899/679/552
f 1897/677/551 1898/680/551 1901/681/552 1900/678/552
f 1899/679/552 1900/678/552 1903/682/553 1902/683/553
f 1900/678/552 1901/681/552 1904/684/553 1903/682/553
f 61/321/61 441/321/61 1896/676/551 600/685/551
f 441/321/61 442/674/61 1897/677/551 1896/676/551
f 442/674/61 443/659/61 1898/680/551 1897/677/551
f 443/659/61 41/321/41 467/685/448 1898/680/551
f 1898/680/551 467/685/448 466/670/447 1901/681/552
f 1901/681/552 466/670/447 465/672/446 1904/684/553
f 1904/684/553 465/672/446 45/515/45 458/530/439
f 1903/682/553 1904/684/553 458/530/439 457/531/439
f 1902/683/553 1903/682/553 457/531/439 456/515/439
f 602/672/553 1902/683/553 456/515/439 63/515/63
f 601/670/552 1899/679/552 1902/683/553 602/672/553
f 600/685/551 1896/676/551 1899/679/552 601/670/552
f 1905/686/1670 1906/687/1671 1909/688/1674 1908/689/1673
f 1906/687/1671 1907/690/1672 1910/691/1675 1909/688/1674
f 1908/689/1673 1909/688/1674 1912/692/1677 1911/693/1676
f 1909/688/1674 1910/691/1675 1913/694/1678 1912/692/1677
f 15/247/15 290/245/282 1905/686/1670 321/396/313
f 290/245/282 289/244/281 1906/687/1671 1905/686/1670
f 289/244/281 288/243/280 1907/690/1672 1906/687/1671
f 288/243/280 14/242/14 480/354/461 1907/690/1672
f 1907/690/1672 480/354/461 481/362/462 1910/691/1675
f 1910/691/1675 481/362/462 482/360/463 1913/694/1678
f 1913/694/1678 482/360/463 37/361/37 429/695/417
f 1912/692/1677 1913/694/1678 429/695/417 430/358/418
f 1911/693/1676 1912/692/1677 430/358/418 431/357/419
f 323/320/315 1911/693/1676 431/357/419 38/321/38
f 322/322/314 1908/689/1673 1911/693/1676 323/320/315
f 321/396/313 1905/686/1670 1908/689/1673 322/322/314
f 1914/696/1679 1915/697/1680 1918/698/1683 1917/699/1682
f 1915/697/1680 1916/700/1681 1919/701/1684 1918/698/1683
f 1917/699/1682 1918/698/1683 1921/702/1686 1920/703/1685
f 1918/698/1683 1919/701/1684 1922/704/1687 1921/702/1686
f 14/242/14 309/490/301 1914/696/1679 480/354/461
f 309/490/301 310/586/302 1915/697/1680 1914/696/1679
f 310/586/302 311/499/303 1916/700/1681 1915/697/1680
f 311/499/303 32/585/32 483/705/464 1916/700/1681
f 1916/700/1681 483/705/464 484/706/465 1919/701/1684
f 1919/701/1684 484/706/465 485/707/466 1922/704/1687
f 1922/704/1687 485/707/466 39/665/39 434/651/422
f 1921/702/1686 1922/704/1687 434/651/422 433/431/421
f 1920/703/1685 1921/702/1686 433/431/421 432/641/420
f 482/360/463 1920/703/1685 432/641/420 37/361/37
f 481/362/462 1917/699/1682 1920/703/1685 482/360/463
f 480/354/461 1914/696/1679 1917/699/1682 481/362/462
f 1923/708/1688 1924/709/1689 1927/710/1692 1926/711/1691
f 1924/709/1689 1925/712/1690 1928/713/1693 1927/710/1692
f 1926/711/1691 1927/710/1692 1930/714/1695 1929/715/1694
f 1927/710/1692 1928/713/1693 1931/716/1696 1930/714/1695
f 34/559/34 411/717/399 1923/708/1688 488/718/469
f 411/717/399 412/572/400 1924/709/1689 1923/708/1688
f 412/572/400 413/571/401 1925/712/1690 1924/709/1689
f 413/571/401 36/425/36 332/427/324 1925/712/1690
f 1925/712/1690 332/427/324 331/435/323 1928/713/1693
f 1928/713/1693 331/435/323 330/433/322 1931/716/1696
f 1931/716/1696 330/433/322 48/434/48 473/648/454
f 1930/714/1695 1931/716/1696 473/648/454 472/648/453
f 1929/715/1694 1930/714/1695 472/648/453 471/649/452
f 486/719/467 1929/715/1694 471/649/452 47/648/47
f 487/720/468 1926/711/1691 1929/715/1694 486/719/467
f 488/718/469 1923/708/1688 1926/711/1691 487/720/468
f 1932/721/1697 1933/722/1697 1936/723/1698 1935/724/1698
f 1933/722/1697 1934/725/1697 1937/726/1698 1936/723/1698
f 1935/724/1698 1936/723/1698 1939/727/1699 1938/728/1699
f 1936/723/1698 1937/726/1698 1940/729/1699 1939/727/1699
f 60/543/60 560/549/529 1932/721/1697 597/730/548
f 560/549/529 559/549/529 1933/722/1697 1932/721/1697
f 559/549/529 558/549/529 1934/725/1697 1933/722/1697
f 558/549/529 34/543/34 488/731/469 1934/725/1697
f 1934/725/1697 488/731/469 487/726/468 1937/726/1698
f 1937/726/1698 487/726/468 486/732/467 1940/729/1699
f 1940/729/1699 486/732/467 47/650/47 570/733/533
f 1939/727/1699 1940/729/1699 570/733/533 571/649/533
f 1938/728/1699 1939/727/1699 571/649/533 572/665/533
f 599/732/550 1938/728/1699 572/665/533 64/648/64
f 598/734/549 1935/724/1698 1938/728/1699 599/732/550
f 597/730/548 1932/721/1697 1935/724/1698 598/734/549
f 1941/735/1700 1942/736/1701 1945/737/1704 1944/738/1703
f 1942/736/1701 1943/739/1702 1946/737/1705 1945/737/1704
f 1944/738/1703 1945/737/1704 1948/740/1707 1947/741/1706
f 1945/737/1704 1946/737/1705 1949/740/1708 1948/740/1707
f 73/292/73 495/742/474 1941/735/1700 684/736/623
f 495/742/474 496/743/475 1942/736/1701 1941/735/1700
f 496/743/475 497/744/476 1943/739/1702 1942/736/1701
f 497/744/476 19/292/19 518/736/494 1943/739/1702
f 1943/739/1702 518/736/494 517/737/493 1946/737/1705
f 1946/737/1705 517/737/493 516/740/492 1949/740/1708
f 1949/740/1708 516/740/492 54/341/54 512/224/488
f 1948/740/1707 1949/740/1708 512/224/488 511/224/487
f 1947/741/1706 1948/740/1707 511/224/487 510/226/486
f 686/745/625 1947/741/1706 510/226/486 74/225/74
f 685/338/624 1944/738/1703 1947/741/1706 686/745/625
f 684/736/623 1941/735/1700 1944/738/1703 685/338/624
f 1950/746/1709 1951/747/1709 1954/748/1710 1953/749/1710
f 1951/747/1709 1952/750/1709 1955/751/1710 1954/748/1710
f 1953/749/1710 1954/748/1710 1957/752/1711 1956/753/1711
f 1954/748/1710 1955/751/1710 1958/754/1711 1957/752/1711
f 50/755/50 494/753/473 1950/746/1709 509/756/485
f 494/753/473 493/757/473 1951/747/1709 1950/746/1709
f 493/757/473 492/758/473 1952/750/1709 1951/747/1709
f 492/758/473 49/759/49 504/760/480 1952/750/1709
f 1952/750/1709 504/760/480 505/761/481 1955/751/1710
f 1955/751/1710 505/761/481 506/762/482 1958/754/1711
f 1958/754/1711 506/762/482 51/759/51 501/758/477
f 1957/752/1711 1958/754/1711 501/758/477 502/757/478
f 1956/753/1711 1957/752/1711 502/757/478 503/753/479
f 507/297/483 1956/753/1711 503/753/479 52/755/52
f 508/763/484 1953/749/1710 1956/753/1711 507/297/483
f 509/756/485 1950/746/1709 1953/749/1710 508/763/484
f 1959/746/544 1960/747/544 1963/748/544 1962/749/544
f 1960/747/544 1961/750/544 1964/751/544 1963/748/544
f 1962/749/544 1963/748/544 1966/752/544 1965/753/544
f 1963/748/544 1964/751/544 1967/754/544 1966/752/544
f 66/755/66 593/753/544 1959/746/544 498/756/66
f 593/753/544 592/757/544 1960/747/544 1959/746/544
f 592/757/544 591/758/544 1961/750/544 1960/747/544
f 591/758/544 65/759/65 575/760/65 1961/750/544
f 1961/750/544 575/760/65 574/761/65 1964/751/544
f 1964/751/544 574/761/65 573/762/65 1967/754/544
f 1967/754/544 573/762/65 49/759/49 492/758/473
f 1966/752/544 1967/754/544 492/758/473 493/757/473
f 1965/753/544 1966/752/544 493/757/473 494/753/473
f 500/297/66 1965/753/544 494/753/473 50/755/50
f 499/763/66 1962/749/544 1965/753/544 500/297/66
f 498/756/66 1959/746/544 1962/749/544 499/763/66
f 1968/735/1712 1969/736/1713 1972/764/1716 1971/737/1715
f 1969/736/1713 1970/735/1714 1973/738/1717 1972/764/1716
f 1971/737/1715 1972/764/1716 1975/765/1719 1974/740/1718
f 1972/764/1716 1973/738/1717 1976/741/1720 1975/765/1719
f 51/292/51 506/742/482 1968/735/1712 524/736/500
f 506/742/482 505/743/481 1969/736/1713 1968/735/1712
f 505/743/481 504/766/480 1970/735/1714 1969/736/1713
f 504/766/480 49/292/49 521/736/497 1970/735/1714
f 1970/735/1714 521/736/497 520/767/496 1973/738/1717
f 1973/738/1717 520/767/496 519/745/495 1976/741/1720
f 1976/741/1720 519/745/495 53/225/53 513/768/489
f 1975/765/1719 1976/741/1720 513/768/489 514/769/490
f 1974/740/1718 1975/765/1719 514/769/490 515/770/491
f 522/740/498 1974/740/1718 515/770/491 55/341/55
f 523/764/499 1971/737/1715 1974/740/1718 522/740/498
f 524/736/500 1968/735/1712 1971/737/1715 523/764/499
f 1977/771/541 1978/772/541 1981/773/542 1980/774/542
f 1978/772/541 1979/775/541 1982/774/542 1981/773/542
f 1980/774/542 1981/773/542 1984/776/543 1983/777/543
f 1981/773/542 1982/774/542 1985/776/543 1984/776/543
f 66/763/66 498/778/66 1977/771/541 588/779/541
f 498/778/66 499/780/66 1978/772/541 1977/771/541
f 499/780/66 500/297/66 1979/775/541 1978/772/541
f 500/297/66 50/763/50 537/779/510 1979/775/541
f 1979/775/541 537/779/510 538/773/511 1982/774/542
f 1982/774/542 538/773/511 539/781/512 1985/776/543
f 1985/776/543 539/781/512 57/782/57 527/636/68
f 1984/776/543 1985/776/543 527/636/68 526/783/68
f 1983/777/543 1984/776/543 526/783/68 525/784/68
f 590/781/543 1983/777/543 525/784/68 68/782/68
f 589/773/542 1980/774/542 1983/777/543 590/781/543
f 588/779/541 1977/771/541 1980/774/542 589/773/542
f 1986/779/1721 1987/785/1722 1990/638/1725 1989/786/1724
f 1987/785/1722 1988/785/1723 1991/638/1726 1990/638/1725
f 1989/786/1724 1990/638/1725 1993/787/1728 1992/781/1727
f 1990/638/1725 1991/638/1726 1994/787/1729 1993/787/1728
f 50/479/50 509/479/485 1986/779/1721 537/785/510
f 509/479/485 508/479/484 1987/785/1722 1986/779/1721
f 508/479/484 507/479/483 1988/785/1723 1987/785/1722
f 507/479/483 52/479/52 536/639/509 1988/785/1723
f 1988/785/1723 536/639/509 535/638/508 1991/638/1726
f 1991/638/1726 535/638/508 534/637/507 1994/787/1729
f 1994/787/1729 534/637/507 58/636/58 528/788/501
f 1993/787/1728 1994/787/1729 528/788/501 529/789/502
f 1992/781/1727 1993/787/1728 529/789/502 530/790/503
f 539/791/512 1992/781/1727 530/790/503 57/792/57
f 538/793/511 1989/786/1724 1992/781/1727 539/791/512
f 537/785/510 1986/779/1721 1989/786/1724 538/793/511
f 1995/794/1730 1996/795/1731 1999/796/1734 1998/797/1733
f 1996/795/1731 1997/798/1732 2000/799/1735 1999/796/1734
f 1998/797/1733 1999/796/1734 2002/800/1737 2001/801/1736
f 1999/796/1734 2000/799/1735 2003/802/1738 2002/800/1737
f 35/567/35 408/803/396 1995/794/1730 426/633/414
f 408/803/396 409/565/397 1996/795/1731 1995/794/1730
f 409/565/397 410/804/398 1997/798/1732 1996/795/1731
f 410/804/398 33/563/33 543/805/516 1997/798/1732
f 1997/798/1732 543/805/516 544/806/517 2000/799/1735
f 2000/799/1735 544/806/517 545/807/518 2003/802/1738
f 2003/802/1738 545/807/518 57/792/57 530/790/503
f 2002/800/1737 2003/802/1738 530/790/503 529/789/502
f 2001/801/1736 2002/800/1737 529/789/502 528/808/501
f 428/635/416 2001/801/1736 528/808/501 58/636/58
f 427/634/415 1998/797/1733 2001/801/1736 428/635/416
f 426/633/414 1995/794/1730 1998/797/1733 427/634/415
f 2004/809/1739 2005/810/1740 2008/811/1743 2007/812/1742
f 2005/810/1740 2006/813/1741 2009/814/1744 2008/811/1743
f 2007/812/1742 2008/811/1743 2011/815/1746 2010/816/1745
f 2008/811/1743 2009/814/1744 2012/817/1747 2011/815/1746
f 16/44/16 380/818/370 2004/809/1739 324/289/316
f 380/818/370 379/415/369 2005/810/1740 2004/809/1739
f 379/415/369 378/819/368 2006/813/1741 2005/810/1740
f 378/819/368 26/332/26 542/334/515 2006/813/1741
f 2006/813/1741 542/334/515 541/820/514 2009/814/1744
f 2009/814/1744 541/820/514 540/340/513 2012/817/1747
f 2012/817/1747 540/340/513 54/341/54 516/740/492
f 2011/815/1746 2012/817/1747 516/740/492 517/821/493
f 2010/816/1745 2011/815/1746 517/821/493 518/736/494
f 326/291/318 2010/816/1745 518/736/494 19/292/19
f 325/290/317 2007/812/1742 2010/816/1745 326/291/318
f 324/289/316 2004/809/1739 2007/812/1742 325/290/317
f 2013/822/1748 2014/823/1749 2017/824/1752 2016/825/1751
f 2014/823/1749 2015/826/1750 2018/827/1753 2017/824/1752
f 2016/825/1751 2017/824/1752 2020/828/1755 2019/829/1754
f 2017/824/1752 2018/827/1753 2021/830/1756 2020/828/1755
f 76/567/76 644/831/587 2013/822/1748 681/633/620
f 644/831/587 643/832/586 2014/823/1749 2013/822/1748
f 643/832/586 642/831/585 2015/826/1750 2014/823/1749
f 642/831/585 31/567/31 546/833/519 2015/826/1750
f 2015/826/1750 546/833/519 547/634/520 2018/827/1753
f 2018/827/1753 547/634/520 548/635/521 2021/830/1756
f 2021/830/1756 548/635/521 56/636/56 654/788/597
f 2020/828/1755 2021/830/1756 654/788/597 655/789/598
f 2019/829/1754 2020/828/1755 655/789/598 656/790/599
f 683/834/622 2019/829/1754 656/790/599 80/789/80
f 682/835/621 2016/825/1751 2019/829/1754 683/834/622
f 681/633/620 2013/822/1748 2016/825/1751 682/835/621
f 2022/836/1757 2023/837/1758 2026/838/1761 2025/839/1760
f 2023/837/1758 2024/840/1759 2027/841/1762 2026/838/1761
f 2025/839/1760 2026/838/1761 2029/842/1764 2028/843/1763
f 2026/838/1761 2027/841/1762 2030/844/1765 2029/842/1764
f 31/567/31 422/845/410 2022/836/1757 546/833/519
f 422/845/410 421/583/409 2023/837/1758 2022/836/1757
f 421/583/409 420/582/408 2024/840/1759 2023/837/1758
f 420/582/408 13/49/13 320/288/312 2024/840/1759
f 2024/840/1759 320/288/312 319/298/311 2027/841/1762
f 2027/841/1762 319/298/311 318/296/310 2030/844/1765
f 2030/844/1765 318/296/310 18/297/18 531/639/504
f 2029/842/1764 2030/844/1765 531/639/504 532/638/505
f 2028/843/1763 2029/842/1764 532/638/505 533/776/506
f 548/635/521 2028/843/1763 533/776/506 56/636/56
f 547/634/520 2025/839/1760 2028/843/1763 548/635/521
f 546/833/519 2022/836/1757 2025/839/1760 547/634/520
f 2031/846/1766 2032/847/1766 2035/848/1767 2034/849/1767
f 2032/847/1766 2033/850/1766 2036/851/1767 2035/848/1767
f 2034/849/1767 2035/848/1767 2038/852/1768 2037/852/1768
f 2035/848/1767 2036/851/1767 2039/852/1768 2038/852/1768
f 33/547/33 401/548/389 2031/846/1766 543/853/516
f 401/548/389 400/854/389 2032/847/1766 2031/846/1766
f 400/854/389 399/548/389 2033/850/1766 2032/847/1766
f 399/548/389 59/547/59 585/853/538 2033/850/1766
f 2033/850/1766 585/853/538 586/851/539 2036/851/1767
f 2036/851/1767 586/851/539 587/855/540 2039/852/1768
f 2039/852/1768 587/855/540 68/782/68 525/636/68
f 2038/852/1768 2039/852/1768 525/636/68 526/783/68
f 2037/852/1768 2038/852/1768 526/783/68 527/784/68
f 545/855/518 2037/852/1768 527/784/68 57/782/57
f 544/851/517 2034/849/1767 2037/852/1768 545/855/518
f 543/853/516 2031/846/1766 2034/849/1767 544/851/517
f 2040/771/541 2041/772/541 2044/773/542 2043/774/542
f 2041/772/541 2042/775/541 2045/774/542 2044/773/542
f 2043/774/542 2044/773/542 2047/776/543 2046/777/543
f 2044/773/542 2045/774/542 2048/776/543 2047/776/543
f 79/763/79 576/778/66 2040/771/541 678/779/617
f 576/778/66 577/780/66 2041/772/541 2040/771/541
f 577/780/66 578/297/66 2042/775/541 2041/772/541
f 578/297/66 66/763/66 588/779/541 2042/775/541
f 2042/775/541 588/779/541 589/773/542 2045/774/542
f 2045/774/542 589/773/542 590/781/543 2048/776/543
f 2048/776/543 590/781/543 68/782/68 584/636/537
f 2047/776/543 2048/776/543 584/636/537 583/783/536
f 2046/777/543 2047/776/543 583/783/536 582/784/535
f 680/781/619 2046/777/543 582/784/535 80/782/80
f 679/773/618 2043/774/542 2046/777/543 680/781/619
f 678/779/617 2040/771/541 2043/774/542 679/773/618
f 2049/746/544 2050/747/544 2053/748/544 2052/749/544
f 2050/747/544 2051/750/544 2054/751/544 2053/748/544
f 2052/749/544 2053/748/544 2056/752/544 2055/753/544
f 2053/748/544 2054/751/544 2057/754/544 2056/752/544
f 79/755/79 677/753/616 2049/746/544 576/756/66
f 677/753/616 676/757/616 2050/747/544 2049/746/544
f 676/757/616 675/758/616 2051/750/544 2050/747/544
f 675/758/616 73/759/73 635/760/65 2051/750/544
f 2051/750/544 635/760/65 634/761/65 2054/751/544
f 2054/751/544 634/761/65 633/762/65 2057/754/544
f 2057/754/544 633/762/65 65/759/65 591/758/544
f 2056/752/544 2057/754/544 591/758/544 592/757/544
f 2055/753/544 2056/752/544 592/757/544 593/753/544
f 578/297/66 2055/753/544 593/753/544 66/755/66
f 577/763/66 2052/749/544 2055/753/544 578/297/66
f 576/756/66 2049/746/544 2052/749/544 577/763/66
f 2058/856/545 2059/857/545 2062/858/546 2061/859/546
f 2059/857/545 2060/860/545 2063/737/546 2062/858/546
f 2061/859/546 2062/858/546 2065/861/547 2064/861/547
f 2062/858/546 2063/737/546 2066/862/547 2065/861/547
f 49/759/49 573/292/65 2058/856/545 521/863/497
f 573/292/65 574/761/65 2059/857/545 2058/856/545
f 574/761/65 575/864/65 2060/860/545 2059/857/545
f 575/864/65 65/759/65 594/863/545 2060/860/545
f 2060/860/545 594/863/545 595/865/546 2063/737/546
f 2063/737/546 595/865/546 596/866/547 2066/862/547
f 2066/862/547 596/866/547 67/224/67 581/225/534
f 2065/861/547 2066/862/547 581/225/534 580/226/534
f 2064/861/547 2065/861/547 580/226/534 579/225/534
f 519/866/495 2064/861/547 579/225/534 53/224/53
f 520/865/496 2061/859/546 2064/861/547 519/866/495
f 521/863/497 2058/856/545 2061/859/546 520/865/496
f 2067/867/1769 2068/868/1770 2071/869/1773 2070/870/1772
f 2068/868/1770 2069/708/1771 2072/711/1774 2071/869/1773
f 2070/870/1772 2071/869/1773 2074/871/1776 2073/872/1775
f 2071/869/1773 2072/711/1774 2075/715/1777 2074/871/1776
f 70/425/70 626/873/575 2067/867/1769 672/874/613
f 626/873/575 625/875/574 2068/868/1770 2067/867/1769
f 625/875/574 624/717/573 2069/708/1771 2068/868/1770
f 624/717/573 60/559/60 597/718/548 2069/708/1771
f 2069/708/1771 597/718/548 598/876/549 2072/711/1774
f 2072/711/1774 598/876/549 599/719/550 2075/715/1777
f 2075/715/1777 599/719/550 64/648/64 630/877/576
f 2074/871/1776 2075/715/1777 630/877/576 631/648/577
f 2073/872/1775 2074/871/1776 631/648/577 632/649/578
f 674/878/615 2073/872/1775 632/649/578 72/648/72
f 673/706/614 2070/870/1772 2073/872/1775 674/878/615
f 672/874/613 2067/867/1769 2070/870/1772 673/706/614
f 2076/676/551 2077/677/551 2080/678/552 2079/679/552
f 2077/677/551 2078/680/551 2081/681/552 2080/678/552
f 2079/679/552 2080/678/552 2083/682/553 2082/683/553
f 2080/678/552 2081/681/552 2084/684/553 2083/682/553
f 77/321/77 561/321/61 2076/676/551 669/685/610
f 561/321/61 562/674/61 2077/677/551 2076/676/551
f 562/674/61 563/659/61 2078/680/551 2077/677/551
f 563/659/61 61/321/61 600/685/551 2078/680/551
f 2078/680/551 600/685/551 601/670/552 2081/681/552
f 2081/681/552 601/670/552 602/672/553 2084/684/553
f 2084/684/553 602/672/553 63/515/63 569/530/532
f 2083/682/553 2084/684/553 569/530/532 568/531/531
f 2082/683/553 2083/682/553 568/531/531 567/515/530
f 671/672/612 2082/683/553 567/515/530 78/515/78
f 670/670/611 2079/679/552 2082/683/553 671/672/612
f 669/685/610 2076/676/551 2079/679/552 670/670/611
f 2085/642/554 2086/879/554 2089/880/555 2088/431/555
f 2086/879/554 2087/640/554 2090/881/555 2089/880/555
f 2088/431/555 2089/880/555 2092/882/556 2091/883/556
f 2089/880/555 2090/881/555 2093/883/556 2092/882/556
f 40/884/40 564/361/62 2085/642/554 476/885/457
f 564/361/62 565/647/62 2086/879/554 2085/642/554
f 565/647/62 566/661/62 2087/640/554 2086/879/554
f 566/661/62 62/884/62 603/886/554 2087/640/554
f 2087/640/554 603/886/554 604/881/555 2090/881/555
f 2090/881/555 604/881/555 605/432/556 2093/883/556
f 2093/883/556 605/432/556 64/648/64 572/733/533
f 2092/882/556 2093/883/556 572/733/533 571/649/533
f 2091/883/556 2092/882/556 571/649/533 570/650/533
f 474/432/455 2091/883/556 570/650/533 47/650/47
f 475/643/456 2088/431/555 2091/883/556 474/432/455
f 476/885/457 2085/642/554 2088/431/555 475/643/456
f 2094/652/557 2095/653/557 2098/358/557 2097/654/557
f 2095/653/557 2096/655/557 2099/359/557 2098/358/557
f 2097/654/557 2098/358/557 2101/656/557 2100/657/557
f 2098/358/557 2099/359/557 2102/658/557 2101/656/557
f 77/321/77 668/652/609 2094/652/557 561/659/61
f 668/652/609 667/656/609 2095/653/557 2094/652/557
f 667/656/609 666/660/609 2096/655/557 2095/653/557
f 666/660/609 71/646/71 629/661/62 2096/655/557
f 2096/655/557 629/661/62 628/647/62 2099/359/557
f 2099/359/557 628/647/62 627/361/62 2102/658/557
f 2102/658/557 627/361/62 62/646/62 606/660/557
f 2101/656/557 2102/658/557 606/660/557 607/656/557
f 2100/657/557 2101/656/557 607/656/557 608/652/557
f 563/662/61 2100/657/557 608/652/557 61/321/61
f 562/663/61 2097/654/557 2100/657/557 563/662/61
f 561/659/61 2094/652/557 2097/654/557 562/663/61
f 2103/557/1778 2104/556/1779 2107/569/1782 2106/887/1781
f 2104/556/1779 2105/888/1780 2108/889/1783 2107/569/1782
f 2106/887/1781 2107/569/1782 2110/535/1785 2109/551/1784
f 2107/569/1782 2108/889/1783 2111/554/1786 2110/535/1785
f 70/425/70 665/570/608 2103/557/1778 626/571/575
f 665/570/608 664/569/607 2104/556/1779 2103/557/1778
f 664/569/607 663/568/606 2105/888/1780 2104/556/1779
f 663/568/606 76/567/76 555/566/526 2105/888/1780
f 2105/888/1780 555/566/526 556/565/527 2108/889/1783
f 2108/889/1783 556/565/527 557/605/528 2111/554/1786
f 2111/554/1786 557/605/528 59/563/59 609/539/558
f 2110/535/1785 2111/554/1786 609/539/558 610/569/559
f 2109/551/1784 2110/535/1785 610/569/559 611/560/560
f 624/890/573 2109/551/1784 611/560/560 60/559/60
f 625/572/574 2106/887/1781 2109/551/1784 624/890/573
f 626/571/575 2103/557/1778 2106/887/1781 625/572/574
f 2112/891/1787 2113/892/1787 2116/893/1788 2115/894/1788
f 2113/892/1787 2114/895/1787 2117/896/1788 2116/893/1788
f 2115/894/1788 2116/893/1788 2119/897/1789 2118/898/1789
f 2116/893/1788 2117/896/1788 2120/898/1789 2119/897/1789
f 27/448/27 365/448/355 2112/891/1787 392/899/382
f 365/448/355 364/900/355 2113/892/1787 2112/891/1787
f 364/900/355 363/448/355 2114/895/1787 2113/892/1787
f 363/448/355 20/448/20 612/899/561 2114/895/1787
f 2114/895/1787 612/899/561 613/901/562 2117/896/1788
f 2117/896/1788 613/901/562 614/902/563 2120/898/1789
f 2120/898/1789 614/902/563 63/515/63 456/530/439
f 2119/897/1789 2120/898/1789 456/530/439 457/531/439
f 2118/898/1789 2119/897/1789 457/531/439 458/515/439
f 390/902/380 2118/898/1789 458/515/439 45/515/45
f 391/901/381 2115/894/1788 2118/898/1789 390/902/380
f 392/899/382 2112/891/1787 2115/894/1788 391/901/381
f 2121/457/1790 2122/903/1791 2125/412/1794 2124/904/1793
f 2122/903/1791 2123/905/1792 2126/906/1795 2125/412/1794
f 2124/904/1793 2125/412/1794 2128/907/1797 2127/908/1796
f 2125/412/1794 2126/906/1795 2129/909/1798 2128/907/1797
f 69/910/69 662/413/605 2121/457/1790 623/911/572
f 662/413/605 661/412/604 2122/903/1791 2121/457/1790
f 661/412/604 660/912/603 2123/905/1792 2122/903/1791
f 660/912/603 75/526/75 549/510/522 2123/905/1792
f 2123/905/1792 549/510/522 550/511/523 2126/906/1795
f 2126/906/1795 550/511/523 551/913/524 2129/909/1798
f 2129/909/1798 551/913/524 20/448/20 615/461/564
f 2128/907/1797 2129/909/1798 615/461/564 616/412/565
f 2127/908/1796 2128/907/1797 616/412/565 617/914/566
f 621/915/570 2127/908/1796 617/914/566 17/218/17
f 622/916/571 2124/904/1793 2127/908/1796 621/915/570
f 623/911/572 2121/457/1790 2124/904/1793 622/916/571
f 2130/611/1799 2131/917/1800 2134/609/1803 2133/918/1802
f 2131/917/1800 2132/607/1801 2135/919/1804 2134/609/1803
f 2133/918/1802 2134/609/1803 2137/920/1806 2136/921/1805
f 2134/609/1803 2135/919/1804 2138/614/1807 2137/920/1806
f 69/910/69 623/922/572 2130/611/1799 657/334/600
f 623/922/572 622/916/571 2131/917/1800 2130/611/1799
f 622/916/571 621/460/570 2132/607/1801 2131/917/1800
f 621/460/570 17/218/17 618/617/567 2132/607/1801
f 2132/607/1801 618/617/567 619/620/568 2135/919/1804
f 2135/919/1804 619/620/568 620/619/569 2138/614/1807
f 2138/614/1807 620/619/569 67/225/67 636/768/579
f 2137/920/1806 2138/614/1807 636/768/579 637/769/580
f 2136/921/1805 2137/920/1806 637/769/580 638/226/581
f 659/923/602 2136/921/1805 638/226/581 74/225/74
f 658/924/601 2133/918/1802 2136/921/1805 659/923/602
f 657/334/600 2130/611/1799 2133/918/1802 658/924/601
f 2139/925/1808 2140/926/1809 2143/927/1812 2142/928/1811
f 2140/926/1809 2141/929/1810 2144/930/1813 2143/927/1812
f 2142/928/1811 2143/927/1812 2146/931/1815 2145/932/1814
f 2143/927/1812 2144/930/1813 2147/933/1816 2146/931/1815
f 26/332/26 368/934/358 2139/925/1808 542/334/515
f 368/934/358 367/935/357 2140/926/1809 2139/925/1808
f 367/935/357 366/934/356 2141/929/1810 2140/926/1809
f 366/934/356 69/910/69 657/334/600 2141/929/1810
f 2141/929/1810 657/334/600 658/924/601 2144/930/1813
f 2144/930/1813 658/924/601 659/923/602 2147/933/1816
f 2147/933/1816 659/923/602 74/225/74 510/768/486
f 2146/931/1815 2147/933/1816 510/768/486 511/769/487
f 2145/932/1814 2146/931/1815 511/769/487 512/936/488
f 540/340/513 2145/932/1814 512/936/488 54/341/54
f 541/820/514 2142/928/1811 2145/932/1814 540/340/513
f 542/334/515 2139/925/1808 2142/928/1811 541/820/514
f 2148/937/1817 2149/412/1818 2152/453/1821 2151/938/1820
f 2149/412/1818 2150/939/1819 2153/940/1822 2152/453/1821
f 2151/938/1820 2152/453/1821 2155/442/1824 2154/941/1823
f 2152/453/1821 2153/940/1822 2156/942/1825 2155/442/1824
f 26/332/26 359/413/351 2148/937/1817 734/943/673
f 359/413/351 358/412/350 2149/412/1818 2148/937/1817
f 358/412/350 357/411/349 2150/939/1819 2149/412/1818
f 357/411/349 25/312/25 729/944/668 2150/939/1819
f 2150/939/1819 729/944/668 730/945/669 2153/940/1822
f 2153/940/1822 730/945/669 731/946/670 2156/942/1825
f 2156/942/1825 731/946/670 85/947/85 717/948/656
f 2155/442/1824 2156/942/1825 717/948/656 718/442/657
f 2154/941/1823 2155/442/1824 718/442/657 719/949/658
f 732/950/671 2154/941/1823 719/949/658 86/951/86
f 733/952/672 2151/938/1820 2154/941/1823 732/950/671
f 734/943/673 2148/937/1817 2151/938/1820 733/952/672
f 2157/953/1826 2158/954/1827 2161/955/1830 2160/956/1829
f 2158/954/1827 2159/957/1828 2162/956/1831 2161/955/1830
f 2160/956/1829 2161/955/1830 2164/958/1833 2163/959/1832
f 2161/955/1830 2162/956/1831 2165/960/1834 2164/958/1833
f 31/567/31 642/961/585 2157/953/1826 710/962/649
f 642/961/585 643/963/586 2158/954/1827 2157/953/1826
f 643/963/586 644/964/587 2159/957/1828 2158/954/1827
f 644/964/587 76/567/76 705/962/644 2159/957/1828
f 2159/957/1828 705/962/644 706/965/645 2162/956/1831
f 2162/956/1831 706/965/645 707/966/646 2165/960/1834
f 2165/960/1834 707/966/646 84/967/84 701/968/640
f 2164/958/1833 2165/960/1834 701/968/640 700/969/639
f 2163/959/1832 2164/958/1833 700/969/639 699/970/638
f 708/971/647 2163/959/1832 699/970/638 81/972/81
f 709/965/648 2160/956/1829 2163/959/1832 708/971/647
f 710/962/649 2157/953/1826 2160/956/1829 709/965/648
f 2166/652/1835 2167/653/1835 2170/358/1836 2169/654/1836
f 2167/653/1835 2168/655/1835 2171/359/1836 2170/358/1836
f 2169/654/1836 2170/358/1836 2173/656/1837 2172/657/1837
f 2170/358/1836 2171/359/1836 2174/658/1837 2173/656/1837
f 38/321/38 431/652/419 2166/652/1835 645/659/588
f 431/652/419 430/656/418 2167/653/1835 2166/652/1835
f 430/656/418 429/660/417 2168/655/1835 2167/653/1835
f 429/660/417 37/646/37 446/661/429 2168/655/1835
f 2168/655/1835 446/661/429 445/647/428 2171/359/1836
f 2171/359/1836 445/647/428 444/361/427 2174/658/1837
f 2174/658/1837 444/361/427 71/646/71 666/660/609
f 2173/656/1837 2174/658/1837 666/660/609 667/656/609
f 2172/657/1837 2173/656/1837 667/656/609 668/652/609
f 647/662/590 2172/657/1837 668/652/609 77/321/77
f 646/663/589 2169/654/1836 2172/657/1837 647/662/590
f 645/659/588 2166/652/1835 2169/654/1836 646/663/589
f 2175/669/1838 2176/319/1839 2179/397/1842 2178/318/1841
f 2176/319/1839 2177/671/1840 2180/670/1843 2179/397/1842
f 2178/318/1841 2179/397/1842 2182/973/1845 2181/672/1844
f 2179/397/1842 2180/670/1843 2183/673/1846 2182/973/1845
f 38/321/38 645/674/588 2175/669/1838 438/319/424
f 645/674/588 646/321/589 2176/319/1839 2175/669/1838
f 646/321/589 647/674/590 2177/671/1840 2176/319/1839
f 647/674/590 77/321/77 669/319/610 2177/671/1840
f 2177/671/1840 669/319/610 670/397/611 2180/670/1843
f 2180/670/1843 670/397/611 671/675/612 2183/673/1846
f 2183/673/1846 671/675/612 78/515/78 650/516/593
f 2182/973/1845 2183/673/1846 650/516/593 649/515/592
f 2181/672/1844 2182/973/1845 649/515/592 648/316/591
f 440/317/426 2181/672/1844 648/316/591 42/316/42
f 439/397/425 2178/318/1841 2181/672/1844 440/317/426
f 438/319/424 2175/669/1838 2178/318/1841 439/397/425
f 2184/974/1847 2185/975/1848 2188/976/1851 2187/977/1850
f 2185/975/1848 2186/978/1849 2189/979/1852 2188/976/1851
f 2187/977/1850 2188/976/1851 2191/980/1854 2190/981/1853
f 2188/976/1851 2189/979/1852 2192/981/1855 2191/980/1854
f 32/585/32 404/498/392 2184/974/1847 483/705/464
f 404/498/392 403/497/391 2185/975/1848 2184/974/1847
f 403/497/391 402/496/390 2186/978/1849 2185/975/1848
f 402/496/390 70/425/70 672/874/613 2186/978/1849
f 2186/978/1849 672/874/613 673/706/614 2189/979/1852
f 2189/979/1852 673/706/614 674/878/615 2192/981/1855
f 2192/981/1855 674/878/615 72/648/72 468/649/449
f 2191/980/1854 2192/981/1855 468/649/449 469/648/450
f 2190/981/1853 2191/980/1854 469/648/450 470/650/451
f 485/707/466 2190/981/1853 470/650/451 39/665/39
f 484/706/465 2187/977/1850 2190/981/1853 485/707/466
f 483/705/464 2184/974/1847 2187/977/1850 484/706/465
f 2193/746/1856 2194/747/1856 2197/748/1857 2196/749/1857
f 2194/747/1856 2195/750/1856 2198/751/1857 2197/748/1857
f 2196/749/1857 2197/748/1857 2200/752/1858 2199/753/1858
f 2197/748/1857 2198/751/1857 2201/754/1858 2200/752/1858
f 18/755/18 491/753/472 2193/746/1856 651/756/594
f 491/753/472 490/757/471 2194/747/1856 2193/746/1856
f 490/757/471 489/758/470 2195/750/1856 2194/747/1856
f 489/758/470 19/759/19 497/760/476 2195/750/1856
f 2195/750/1856 497/760/476 496/761/475 2198/751/1857
f 2198/751/1857 496/761/475 495/762/474 2201/754/1858
f 2201/754/1858 495/762/474 73/759/73 675/758/616
f 2200/752/1858 2201/754/1858 675/758/616 676/757/616
f 2199/753/1858 2200/752/1858 676/757/616 677/753/616
f 653/297/596 2199/753/1858 677/753/616 79/755/79
f 652/763/595 2196/749/1857 2199/753/1858 653/297/596
f 651/756/594 2193/746/1856 2196/749/1857 652/763/595
f 2202/982/1859 2203/785/1860 2206/638/1863 2205/793/1862
f 2203/785/1860 2204/983/1861 2207/786/1864 2206/638/1863
f 2205/793/1862 2206/638/1863 2209/984/1866 2208/637/1865
f 2206/638/1863 2207/786/1864 2210/777/1867 2209/984/1866
f 18/479/18 651/479/594 2202/982/1859 531/639/504
f 651/479/594 652/479/595 2203/785/1860 2202/982/1859
f 652/479/595 653/479/596 2204/983/1861 2203/785/1860
f 653/479/596 79/479/79 678/785/617 2204/983/1861
f 2204/983/1861 678/785/617 679/793/618 2207/786/1864
f 2207/786/1864 679/793/618 680/984/619 2210/777/1867
f 2210/777/1867 680/984/619 80/789/80 656/790/599
f 2209/984/1866 2210/777/1867 656/790/599 655/789/598
f 2208/637/1865 2209/984/1866 655/789/598 654/808/597
f 533/637/506 2208/637/1865 654/808/597 56/636/56
f 532/638/505 2205/793/1862 2208/637/1865 533/637/506
f 531/639/504 2202/982/1859 2205/793/1862 532/638/505
f 2211/985/1868 2212/986/1869 2215/796/1872 2214/799/1871
f 2212/986/1869 2213/794/1870 2216/987/1873 2215/796/1872
f 2214/799/1871 2215/796/1872 2218/800/1875 2217/988/1874
f 2215/796/1872 2216/987/1873 2219/801/1876 2218/800/1875
f 59/563/59 557/989/528 2211/985/1868 585/805/538
f 557/989/528 556/606/527 2212/986/1869 2211/985/1868
f 556/606/527 555/990/526 2213/794/1870 2212/986/1869
f 555/990/526 76/567/76 681/633/620 2213/794/1870
f 2213/794/1870 681/633/620 682/835/621 2216/987/1873
f 2216/987/1873 682/835/621 683/834/622 2219/801/1876
f 2219/801/1876 683/834/622 80/789/80 582/790/535
f 2218/800/1875 2219/801/1876 582/790/535 583/792/536
f 2217/988/1874 2218/800/1875 583/792/536 584/790/537
f 587/807/540 2217/988/1874 584/790/537 68/789/68
f 586/806/539 2214/799/1871 2217/988/1874 587/807/540
f 585/805/538 2211/985/1868 2214/799/1871 586/806/539
f 2220/856/545 2221/857/545 2224/858/546 2223/859/546
f 2221/857/545 2222/860/545 2225/737/546 2224/858/546
f 2223/859/546 2224/858/546 2227/861/547 2226/861/547
f 2224/858/546 2225/737/546 2228/862/547 2227/861/547
f 65/759/65 633/292/65 2220/856/545 594/863/545
f 633/292/65 634/761/65 2221/857/545 2220/856/545
f 634/761/65 635/864/65 2222/860/545 2221/857/545
f 635/864/65 73/759/73 684/863/623 2222/860/545
f 2222/860/545 684/863/623 685/865/624 2225/737/546
f 2225/737/546 685/865/624 686/866/625 2228/862/547
f 2228/862/547 686/866/625 74/224/74 638/225/581
f 2227/861/547 2228/862/547 638/225/581 637/226/580
f 2226/861/547 2227/861/547 637/226/580 636/225/579
f 596/866/547 2226/861/547 636/225/579 67/224/67
f 595/865/546 2223/859/546 2226/861/547 596/866/547
f 594/863/545 2220/856/545 2223/859/546 595/865/546
f 2229/642/554 2230/879/554 2233/880/555 2232/431/555
f 2230/879/554 2231/640/554 2234/881/555 2233/880/555
f 2232/431/555 2233/880/555 2236/882/556 2235/883/556
f 2233/880/555 2234/881/555 2237/883/556 2236/882/556
f 62/884/62 627/361/62 2229/642/554 603/886/554
f 627/361/62 628/647/62 2230/879/554 2229/642/554
f 628/647/62 629/661/62 2231/640/554 2230/879/554
f 629/661/62 71/884/71 687/886/626 2231/640/554
f 2231/640/554 687/886/626 688/881/627 2234/881/555
f 2234/881/555 688/881/627 689/645/628 2237/883/556
f 2237/883/556 689/645/628 72/648/72 632/991/578
f 2236/882/556 2237/883/556 632/991/578 631/649/577
f 2235/883/556 2236/882/556 631/649/577 630/650/576
f 605/432/556 2235/883/556 630/650/576 64/648/64
f 604/881/555 2232/431/555 2235/883/556 605/432/556
f 603/886/554 2229/642/554 2232/431/555 604/881/555
f 2238/505/1877 2239/992/1878 2242/503/1881 2241/993/1880
f 2239/992/1878 2240/994/1879 2243/995/1882 2242/503/1881
f 2241/993/1880 2242/503/1881 2245/507/1884 2244/509/1883
f 2242/503/1881 2243/995/1882 2246/996/1885 2245/507/1884
f 20/448/20 551/997/524 2238/505/1877 612/512/561
f 551/997/524 550/463/523 2239/992/1878 2238/505/1877
f 550/463/523 549/464/522 2240/994/1879 2239/992/1878
f 549/464/522 75/526/75 690/313/629 2240/994/1879
f 2240/994/1879 690/313/629 691/533/630 2243/995/1882
f 2243/995/1882 691/533/630 692/532/631 2246/996/1885
f 2246/996/1885 692/532/631 78/515/78 567/516/530
f 2245/507/1884 2246/996/1885 567/516/530 568/515/531
f 2244/509/1883 2245/507/1884 568/515/531 569/531/532
f 614/514/563 2244/509/1883 569/531/532 63/515/63
f 613/513/562 2241/993/1880 2244/509/1883 614/514/563
f 612/512/561 2238/505/1877 2241/993/1880 613/513/562
f 2247/998/1886 2248/999/1887 2251/999/1594 2250/1000/1889
f 2248/999/1887 2249/1001/1888 2252/1002/1890 2251/999/1594
f 2250/1000/1889 2251/999/1594 2254/535/1892 2253/998/1891
f 2251/999/1594 2252/1002/1890 2255/1003/1893 2254/535/1892
f 82/1004/82 695/1005/634 2247/998/1886 698/1006/637
f 695/1005/634 694/569/633 2248/999/1887 2247/998/1886
f 694/569/633 693/1007/632 2249/1001/1888 2248/999/1887
f 693/1007/632 81/972/81 699/970/638 2249/1001/1888
f 2249/1001/1888 699/970/638 700/1008/639 2252/1002/1890
f 2252/1002/1890 700/1008/639 701/968/640 2255/1003/1893
f 2255/1003/1893 701/968/640 84/967/84 702/1009/641
f 2254/535/1892 2255/1003/1893 702/1009/641 703/536/642
f 2253/998/1891 2254/535/1892 703/536/642 704/1005/643
f 696/1010/635 2253/998/1891 704/1005/643 83/1004/83
f 697/1011/636 2250/1000/1889 2253/998/1891 696/1010/635
f 698/1006/637 2247/998/1886 2250/1000/1889 697/1011/636
f 2256/1012/1894 2257/1013/1895 2260/535/1898 2259/1014/1897
f 2257/1013/1895 2258/1015/1896 2261/1016/1899 2260/535/1898
f 2259/1014/1897 2260/535/1898 2263/535/1901 2262/1017/1900
f 2260/535/1898 2261/1016/1899 2264/1018/1902 2263/535/1901
f 76/567/76 663/1019/606 2256/1012/1894 705/962/644
f 663/1019/606 664/569/607 2257/1013/1895 2256/1012/1894
f 664/569/607 665/570/608 2258/1015/1896 2257/1013/1895
f 665/570/608 70/425/70 711/1020/650 2258/1015/1896
f 2258/1015/1896 711/1020/650 712/1021/651 2261/1016/1899
f 2261/1016/1899 712/1021/651 713/1022/652 2264/1018/1902
f 2264/1018/1902 713/1022/652 83/1004/83 704/1023/643
f 2263/535/1901 2264/1018/1902 704/1023/643 703/999/642
f 2262/1017/1900 2263/535/1901 703/999/642 702/1024/641
f 707/966/646 2262/1017/1900 702/1024/641 84/967/84
f 706/965/645 2259/1014/1897 2262/1017/1900 707/966/646
f 705/962/644 2256/1012/1894 2259/1014/1897 706/965/645
f 2265/1015/1903 2266/556/1904 2269/569/1907 2268/1025/1906
f 2266/556/1904 2267/1026/1905 2270/1027/1908 2269/569/1907
f 2268/1025/1906 2269/569/1907 2272/535/1910 2271/1028/1909
f 2269/569/1907 2270/1027/1908 2273/1029/1911 2272/535/1910
f 32/585/32 395/570/385 2265/1015/1903 716/1030/655
f 395/570/385 394/569/384 2266/556/1904 2265/1015/1903
f 394/569/384 393/568/383 2267/1026/1905 2266/556/1904
f 393/568/383 31/567/31 710/962/649 2267/1026/1905
f 2267/1026/1905 710/962/649 709/965/648 2270/1027/1908
f 2270/1027/1908 709/965/648 708/971/647 2273/1029/1911
f 2273/1029/1911 708/971/647 81/972/81 693/1007/632
f 2272/535/1910 2273/1029/1911 693/1007/632 694/569/633
f 2271/1028/1909 2272/535/1910 694/569/633 695/1005/634
f 714/1031/653 2271/1028/1909 695/1005/634 82/1004/82
f 715/1021/654 2268/1025/1906 2271/1028/1909 714/1031/653
f 716/1030/655 2265/1015/1903 2268/1025/1906 715/1021/654
f 2274/1032/1912 2275/1033/1913 2278/1034/1916 2277/1035/1915
f 2275/1033/1913 2276/1032/1914 2279/1036/1917 2278/1034/1916
f 2277/1035/1915 2278/1034/1916 2281/1037/1919 2280/1038/1918
f 2278/1034/1916 2279/1036/1917 2282/1039/1920 2281/1037/1919
f 70/425/70 402/498/390 2274/1032/1912 711/1020/650
f 402/498/390 403/1040/391 2275/1033/1913 2274/1032/1912
f 403/1040/391 404/496/392 2276/1032/1914 2275/1033/1913
f 404/496/392 32/585/32 716/1030/655 2276/1032/1914
f 2276/1032/1914 716/1030/655 715/1021/654 2279/1036/1917
f 2279/1036/1917 715/1021/654 714/1031/653 2282/1039/1920
f 2282/1039/1920 714/1031/653 82/1004/82 698/1041/637
f 2281/1037/1919 2282/1039/1920 698/1041/637 697/1042/636
f 2280/1038/1918 2281/1037/1919 697/1042/636 696/1043/635
f 713/1022/652 2280/1038/1918 696/1043/635 83/1004/83
f 712/1021/651 2277/1035/1915 2280/1038/1918 713/1022/652
f 711/1020/650 2274/1032/1912 2277/1035/1915 712/1021/651
f 2283/1044/1921 2284/1045/1922 2287/412/1548 2286/1046/1924
f 2284/1045/1922 2285/1047/1923 2288/1048/1925 2287/412/1548
f 2286/1046/1924 2287/412/1548 2290/442/1927 2289/1044/1926
f 2287/412/1548 2288/1048/1925 2291/1049/1928 2290/442/1927
f 86/951/86 719/949/658 2283/1044/1921 722/1050/661
f 719/949/658 718/442/657 2284/1045/1922 2283/1044/1921
f 718/442/657 717/948/656 2285/1047/1923 2284/1045/1922
f 717/948/656 85/947/85 723/1051/662 2285/1047/1923
f 2285/1047/1923 723/1051/662 724/1052/663 2288/1048/1925
f 2288/1048/1925 724/1052/663 725/1051/664 2291/1049/1928
f 2291/1049/1928 725/1051/664 88/947/88 726/948/665
f 2290/442/1927 2291/1049/1928 726/948/665 727/442/666
f 2289/1044/1926 2290/442/1927 727/442/666 728/949/667
f 720/1053/659 2289/1044/1926 728/949/667 87/951/87
f 721/1054/660 2286/1046/1924 2289/1044/1926 720/1053/659
f 722/1050/661 2283/1044/1921 2286/1046/1924 721/1054/660
f 2292/1055/1929 2293/1056/1930 2296/1057/1933 2295/1058/1932
f 2293/1056/1930 2294/1055/1931 2297/1059/1934 2296/1057/1933
f 2295/1058/1932 2296/1057/1933 2299/1060/1936 2298/1061/1935
f 2296/1057/1933 2297/1059/1934 2300/1062/1937 2299/1060/1936
f 69/910/69 366/1063/356 2292/1055/1929 737/943/676
f 366/1063/356 367/1064/357 2293/1056/1930 2292/1055/1929
f 367/1064/357 368/934/358 2294/1055/1931 2293/1056/1930
f 368/934/358 26/332/26 734/943/673 2294/1055/1931
f 2294/1055/1931 734/943/673 733/952/672 2297/1059/1934
f 2297/1059/1934 733/952/672 732/950/671 2300/1062/1937
f 2300/1062/1937 732/950/671 86/951/86 722/1050/661
f 2299/1060/1936 2300/1062/1937 722/1050/661 721/1054/660
f 2298/1061/1935 2299/1060/1936 721/1054/660 720/1050/659
f 735/1065/674 2298/1061/1935 720/1050/659 87/951/87
f 736/952/675 2295/1058/1932 2298/1061/1935 735/1065/674
f 737/943/676 2292/1055/1929 2295/1058/1932 736/952/675
f 2301/1066/1938 2302/1067/1939 2305/1068/1942 2304/1069/1941
f 2302/1067/1939 2303/1066/1940 2306/1069/1943 2305/1068/1942
f 2304/1069/1941 2305/1068/1942 2308/1070/1945 2307/1071/1944
f 2305/1068/1942 2306/1069/1943 2309/1072/1946 2308/1070/1945
f 25/312/25 639/527/582 2301/1066/1938 729/944/668
f 639/527/582 640/1073/583 2302/1067/1939 2301/1066/1938
f 640/1073/583 641/529/584 2303/1066/1940 2302/1067/1939
f 641/529/584 75/526/75 738/944/677 2303/1066/1940
f 2303/1066/1940 738/944/677 739/1074/678 2306/1069/1943
f 2306/1069/1943 739/1074/678 740/946/679 2309/1072/1946
f 2309/1072/1946 740/946/679 88/947/88 725/1075/664
f 2308/1070/1945 2309/1072/1946 725/1075/664 724/1052/663
f 2307/1071/1944 2308/1070/1945 724/1052/663 723/1076/662
f 731/946/670 2307/1071/1944 723/1076/662 85/947/85
f 730/945/669 2304/1069/1941 2307/1071/1944 731/946/670
f 729/944/668 2301/1066/1938 2304/1069/1941 730/945/669
f 2310/939/1947 2311/412/1948 2314/453/1951 2313/1077/1950
f 2311/412/1948 2312/1078/1949 2315/1079/1952 2314/453/1951
f 2313/1077/1950 2314/453/1951 2317/442/1954 2316/1080/1953
f 2314/453/1951 2315/1079/1952 2318/1081/1955 2317/442/1954
f 75/526/75 660/912/603 2310/939/1947 738/944/677
f 660/912/603 661/412/604 2311/412/1948 2310/939/1947
f 661/412/604 662/1082/605 2312/1078/1949 2311/412/1948
f 662/1082/605 69/910/69 737/943/676 2312/1078/1949
f 2312/1078/1949 737/943/676 736/952/675 2315/1079/1952
f 2315/1079/1952 736/952/675 735/1065/674 2318/1081/1955
f 2318/1081/1955 735/1065/674 87/951/87 728/1083/667
f 2317/442/1954 2318/1081/1955 728/1083/667 727/442/666
f 2316/1080/1953 2317/442/1954 727/442/666 726/1084/665
f 740/946/679 2316/1080/1953 726/1084/665 88/947/88
f 739/1074/678 2313/1077/1950 2316/1080/1953 740/946/679
f 738/944/677 2310/939/1947 2313/1077/1950 739/1074/678
f 2319/1085/1956 2320/1086/1957 2323/1087/1960 2322/1088/1959
f 2320/1086/1957 2321/1089/1958 2324/1090/1961 2323/1087/1960
f 2322/1088/1959 2323/1087/1960 2326/1091/1963 2325/1092/1962
f 2323/1087/1960 2324/1090/1961 2327/1093/1964 2326/1091/1963
f 94/218/94 749/1094/688 2319/1085/1956 821/1095/759
f 749/1094/688 748/1096/687 2320/1086/1957 2319/1085/1956
f 748/1096/687 747/1097/686 2321/1089/1958 2320/1086/1957
f 747/1097/686 93/1098/93 818/510/756 2321/1089/1958
f 2321/1089/1958 818/510/756 817/511/755 2324/1090/1961
f 2324/1090/1961 817/511/755 816/913/754 2327/1093/1964
f 2327/1093/1964 816/913/754 101/448/101 795/1099/734
f 2326/1091/1963 2327/1093/1964 795/1099/734 796/1100/735
f 2325/1092/1962 2326/1091/1963 796/1100/735 797/1101/736
f 819/1102/757 2325/1092/1962 797/1101/736 102/951/102
f 820/1103/758 2322/1088/1959 2325/1092/1962 819/1102/757
f 821/1095/759 2319/1085/1956 2322/1088/1959 820/1103/758
f 2328/501/1965 2329/1104/1966 2332/503/1969 2331/504/1968
f 2329/1104/1966 2330/505/1967 2333/1105/1970 2332/503/1969
f 2331/504/1968 2332/503/1969 2335/1106/1972 2334/508/1971
f 2332/503/1969 2333/1105/1970 2336/1107/1973 2335/1106/1972
f 91/312/91 813/510/751 2328/501/1965 861/313/799
f 813/510/751 814/511/752 2329/1104/1966 2328/501/1965
f 814/511/752 815/462/753 2330/505/1967 2329/1104/1966
f 815/462/753 99/448/99 867/512/805 2330/505/1967
f 2330/505/1967 867/512/805 868/513/806 2333/1105/1970
f 2333/1105/1970 868/513/806 869/902/807 2336/1107/1973
f 2336/1107/1973 869/902/807 110/316/110 851/1108/789
f 2335/1106/1972 2336/1107/1973 851/1108/789 850/316/788
f 2334/508/1971 2335/1106/1972 850/316/788 849/1109/787
f 863/315/801 2334/508/1971 849/1109/787 106/316/106
f 862/399/800 2331/504/1968 2334/508/1971 863/315/801
f 861/313/799 2328/501/1965 2331/504/1968 862/399/800
f 2337/1110/1974 2338/1111/1975 2341/1112/1978 2340/1113/1977
f 2338/1111/1975 2339/1114/1976 2342/1115/1979 2341/1112/1978
f 2340/1113/1977 2341/1112/1978 2344/1116/1981 2343/1117/1980
f 2341/1112/1978 2342/1115/1979 2345/1118/1982 2344/1116/1981
f 24/44/24 386/1119/376 2337/1110/1974 782/1120/721
f 386/1119/376 385/1121/375 2338/1111/1975 2337/1110/1974
f 385/1121/375 384/333/374 2339/1114/1976 2338/1111/1975
f 384/333/374 30/332/30 777/922/716 2339/1114/1976
f 2339/1114/1976 777/922/716 778/916/717 2342/1115/1979
f 2342/1115/1979 778/916/717 779/915/718 2345/1118/1982
f 2345/1118/1982 779/915/718 94/218/94 750/1122/689
f 2344/1116/1981 2345/1118/1982 750/1122/689 751/1123/690
f 2343/1117/1980 2344/1116/1981 751/1123/690 752/1124/691
f 780/1125/719 2343/1117/1980 752/1124/691 92/218/92
f 781/1126/720 2340/1113/1977 2343/1117/1980 780/1125/719
f 782/1120/721 2337/1110/1974 2340/1113/1977 781/1126/720
f 2346/1127/1983 2347/1128/1984 2350/1129/1987 2349/1130/1986
f 2347/1128/1984 2348/1131/1985 2351/1132/1988 2350/1129/1987
f 2349/1130/1986 2350/1129/1987 2353/1133/1990 2352/1134/1989
f 2350/1129/1987 2351/1132/1988 2354/1135/1991 2353/1133/1990
f 36/425/36 407/570/395 2346/1127/1983 771/493/710
f 407/570/395 406/569/394 2347/1128/1984 2346/1127/1983
f 406/569/394 405/568/393 2348/1131/1985 2347/1128/1984
f 405/568/393 35/567/35 770/597/709 2348/1131/1985
f 2348/1131/1985 770/597/709 769/606/708 2351/1132/1988
f 2351/1132/1988 769/606/708 768/605/707 2354/1135/1991
f 2354/1135/1991 768/605/707 95/563/95 756/1136/695
f 2353/1133/1990 2354/1135/1991 756/1136/695 757/1137/696
f 2352/1134/1989 2353/1133/1990 757/1137/696 758/1138/697
f 773/495/712 2352/1134/1989 758/1138/697 96/425/96
f 772/494/711 2349/1130/1986 2352/1134/1989 773/495/712
f 771/493/710 2346/1127/1983 2349/1130/1986 772/494/711
f 2355/1139/1992 2356/1140/1993 2359/1141/1996 2358/1142/1995
f 2356/1140/1993 2357/1143/1994 2360/1144/1997 2359/1141/1996
f 2358/1142/1995 2359/1141/1996 2362/1145/1999 2361/1146/1998
f 2359/1141/1996 2360/1144/1997 2363/1147/2000 2362/1145/1999
f 23/247/23 339/1148/331 2355/1139/1992 785/395/724
f 339/1148/331 340/374/332 2356/1140/1993 2355/1139/1992
f 340/374/332 341/1149/333 2357/1143/1994 2356/1140/1993
f 341/1149/333 24/44/24 782/1120/721 2357/1143/1994
f 2357/1143/1994 782/1120/721 781/1126/720 2360/1144/1997
f 2360/1144/1997 781/1126/720 780/1125/719 2363/1147/2000
f 2363/1147/2000 780/1125/719 92/218/92 746/1094/685
f 2362/1145/1999 2363/1147/2000 746/1094/685 745/1150/684
f 2361/1146/1998 2362/1145/1999 745/1150/684 744/1151/683
f 783/1152/722 2361/1146/1998 744/1151/683 91/312/91
f 784/1153/723 2358/1142/1995 2361/1146/1998 783/1152/722
f 785/395/724 2355/1139/1992 2358/1142/1995 784/1153/723
f 2364/1154/2001 2365/1155/2002 2368/1156/2005 2367/1157/2004
f 2365/1155/2002 2366/1158/2003 2369/1159/2006 2368/1156/2005
f 2367/1157/2004 2368/1156/2005 2371/1160/2008 2370/1161/2007
f 2368/1156/2005 2369/1159/2006 2372/1162/2009 2371/1160/2008
f 21/382/21 333/380/325 2364/1154/2001 765/600/704
f 333/380/325 334/379/326 2365/1155/2002 2364/1154/2001
f 334/379/326 335/378/327 2366/1158/2003 2365/1155/2002
f 335/378/327 22/352/22 776/490/715 2366/1158/2003
f 2366/1158/2003 776/490/715 775/500/714 2369/1159/2006
f 2369/1159/2006 775/500/714 774/499/713 2372/1162/2009
f 2372/1162/2009 774/499/713 90/425/90 743/1163/682
f 2371/1160/2008 2372/1162/2009 743/1163/682 742/1137/681
f 2370/1161/2007 2371/1160/2008 742/1137/681 741/1136/680
f 767/602/706 2370/1161/2007 741/1136/680 89/563/89
f 766/601/705 2367/1157/2004 2370/1161/2007 767/602/706
f 765/600/704 2364/1154/2001 2367/1157/2004 766/601/705
f 2373/1164/2010 2374/1165/2011 2377/1166/2014 2376/1167/2013
f 2374/1165/2011 2375/1168/2012 2378/1169/2015 2377/1166/2014
f 2376/1167/2013 2377/1166/2014 2380/1170/2017 2379/1171/2016
f 2377/1166/2014 2378/1169/2015 2381/1172/2018 2380/1170/2017
f 29/312/29 387/1173/377 2373/1164/2010 788/1174/727
f 387/1173/377 388/1175/378 2374/1165/2011 2373/1164/2010
f 388/1175/378 389/1176/379 2375/1168/2012 2374/1165/2011
f 389/1176/379 23/247/23 785/395/724 2375/1168/2012
f 2375/1168/2012 785/395/724 784/1153/723 2378/1169/2015
f 2378/1169/2015 784/1153/723 783/1152/722 2381/1172/2018
f 2381/1172/2018 783/1152/722 91/312/91 755/529/694
f 2380/1170/2017 2381/1172/2018 755/529/694 754/528/693
f 2379/1171/2016 2380/1170/2017 754/528/693 753/527/692
f 786/1177/725 2379/1171/2016 753/527/692 93/1098/93
f 787/1178/726 2376/1167/2013 2379/1171/2016 786/1177/725
f 788/1174/727 2373/1164/2010 2376/1167/2013 787/1178/726
f 2382/1179/2019 2383/1180/2020 2386/1181/2023 2385/1182/2022
f 2383/1180/2020 2384/1183/2021 2387/1184/2024 2386/1181/2023
f 2385/1182/2022 2386/1181/2023 2389/1185/2026 2388/1186/2025
f 2386/1181/2023 2387/1184/2024 2390/1187/2027 2389/1185/2026
f 30/332/30 371/413/361 2382/1179/2019 777/922/716
f 371/413/361 370/412/360 2383/1180/2020 2382/1179/2019
f 370/412/360 369/411/359 2384/1183/2021 2383/1180/2020
f 369/411/359 29/312/29 788/1174/727 2384/1183/2021
f 2384/1183/2021 788/1174/727 787/1178/726 2387/1184/2024
f 2387/1184/2024 787/1178/726 786/1177/725 2390/1187/2027
f 2390/1187/2027 786/1177/725 93/1098/93 747/1097/686
f 2389/1185/2026 2390/1187/2027 747/1097/686 748/1096/687
f 2388/1186/2025 2389/1185/2026 748/1096/687 749/1094/688
f 779/915/718 2388/1186/2025 749/1094/688 94/218/94
f 778/916/717 2385/1182/2022 2388/1186/2025 779/915/718
f 777/922/716 2382/1179/2019 2385/1182/2022 778/916/717
f 2391/1188/2028 2392/1189/2029 2395/1190/2032 2394/1191/2031
f 2392/1189/2029 2393/1192/2030 2396/1193/2033 2395/1190/2032
f 2394/1191/2031 2395/1190/2032 2398/1189/2035 2397/1194/2034
f 2395/1190/2032 2396/1193/2033 2399/1195/2036 2398/1189/2035
f 99/448/99 792/1196/731 2391/1188/2028 803/1197/742
f 792/1196/731 793/1100/732 2392/1189/2029 2391/1188/2028
f 793/1100/732 794/1198/733 2393/1192/2030 2392/1189/2029
f 794/1198/733 100/951/100 800/1050/739 2393/1192/2030
f 2393/1192/2030 800/1050/739 799/1199/738 2396/1193/2033
f 2396/1193/2033 799/1199/738 798/1053/737 2399/1195/2036
f 2399/1195/2036 798/1053/737 102/951/102 797/1198/736
f 2398/1189/2035 2399/1195/2036 797/1198/736 796/1100/735
f 2397/1194/2034 2398/1189/2035 796/1100/735 795/1200/734
f 801/1197/740 2397/1194/2034 795/1200/734 101/448/101
f 802/448/741 2394/1191/2031 2397/1194/2034 801/1197/740
f 803/1197/742 2391/1188/2028 2394/1191/2031 802/448/741
f 2400/1201/2037 2401/1202/2038 2404/1203/2032 2403/1204/2040
f 2401/1202/2038 2402/1205/2039 2405/1206/2031 2404/1203/2032
f 2403/1204/2040 2404/1203/2032 2407/1207/2042 2406/1208/2041
f 2404/1203/2032 2405/1206/2031 2408/1209/2043 2407/1207/2042
f 97/1210/97 789/1211/728 2400/1201/2037 812/970/750
f 789/1211/728 790/1212/729 2401/1202/2038 2400/1201/2037
f 790/1212/729 791/1213/730 2402/1205/2039 2401/1202/2038
f 791/1213/730 98/559/98 809/559/747 2402/1205/2039
f 2402/1205/2039 809/559/747 808/559/741 2405/1206/2031
f 2405/1206/2031 808/559/741 807/559/746 2408/1209/2043
f 2408/1209/2043 807/559/746 104/559/104 806/1214/745
f 2407/1207/2042 2408/1209/2043 806/1214/745 805/1212/744
f 2406/1208/2041 2407/1207/2042 805/1212/744 804/1211/743
f 810/1215/748 2406/1208/2041 804/1211/743 103/972/103
f 811/1008/749 2403/1204/2040 2406/1208/2041 810/1215/748
f 812/970/750 2400/1201/2037 2403/1204/2040 811/1008/749
f 2409/1216/2044 2410/1217/2045 2413/1218/2048 2412/1219/2047
f 2410/1217/2045 2411/1220/2046 2414/1221/2049 2413/1218/2048
f 2412/1219/2047 2413/1218/2048 2416/1222/2051 2415/1223/2050
f 2413/1218/2048 2414/1221/2049 2417/1224/2052 2416/1222/2051
f 89/563/89 741/1136/680 2409/1216/2044 827/1225/765
f 741/1136/680 742/1137/681 2410/1217/2045 2409/1216/2044
f 742/1137/681 743/1163/682 2411/1220/2046 2410/1217/2045
f 743/1163/682 90/425/90 822/1226/760 2411/1220/2046
f 2411/1220/2046 822/1226/760 823/572/761 2414/1221/2049
f 2414/1221/2049 823/572/761 824/561/762 2417/1224/2052
f 2417/1224/2052 824/561/762 98/559/98 791/1213/730
f 2416/1222/2051 2417/1224/2052 791/1213/730 790/1212/729
f 2415/1223/2050 2416/1222/2051 790/1212/729 789/1211/728
f 825/1227/763 2415/1223/2050 789/1211/728 97/1210/97
f 826/1228/764 2412/1219/2047 2415/1223/2050 825/1227/763
f 827/1225/765 2409/1216/2044 2412/1219/2047 826/1228/764
f 2418/1229/2053 2419/1230/2054 2422/1231/2057 2421/1232/2056
f 2419/1230/2054 2420/1229/2055 2423/1233/2058 2422/1231/2057
f 2421/1232/2056 2422/1231/2057 2425/1234/2060 2424/1235/2059
f 2422/1231/2057 2423/1233/2058 2426/1236/2061 2425/1234/2060
f 95/563/95 762/603/701 2418/1229/2053 830/1225/768
f 762/603/701 763/604/702 2419/1230/2054 2418/1229/2053
f 763/604/702 764/603/703 2420/1229/2055 2419/1230/2054
f 764/603/703 89/563/89 827/1225/765 2420/1229/2055
f 2420/1229/2055 827/1225/765 826/1228/764 2423/1233/2058
f 2423/1233/2058 826/1228/764 825/1227/763 2426/1236/2061
f 2426/1236/2061 825/1227/763 97/1210/97 812/1215/750
f 2425/1234/2060 2426/1236/2061 812/1215/750 811/969/749
f 2424/1235/2059 2425/1234/2060 811/969/749 810/970/748
f 828/1237/766 2424/1235/2059 810/970/748 103/972/103
f 829/1228/767 2421/1232/2056 2424/1235/2059 828/1237/766
f 830/1225/768 2418/1229/2053 2421/1232/2056 829/1228/767
f 2427/1238/2062 2428/1239/2063 2431/1218/2066 2430/1221/2065
f 2428/1239/2063 2429/1240/2064 2432/1219/2067 2431/1218/2066
f 2430/1221/2065 2431/1218/2066 2434/1222/2069 2433/1224/2068
f 2431/1218/2066 2432/1219/2067 2435/1241/2070 2434/1222/2069
f 96/425/96 758/1138/697 2427/1238/2062 833/1242/771
f 758/1138/697 757/1137/696 2428/1239/2063 2427/1238/2062
f 757/1137/696 756/1136/695 2429/1240/2064 2428/1239/2063
f 756/1136/695 95/563/95 830/1225/768 2429/1240/2064
f 2429/1240/2064 830/1225/768 829/1228/767 2432/1219/2067
f 2432/1219/2067 829/1228/767 828/1237/766 2435/1241/2070
f 2435/1241/2070 828/1237/766 103/972/103 804/1243/743
f 2434/1222/2069 2435/1241/2070 804/1243/743 805/1244/744
f 2433/1224/2068 2434/1222/2069 805/1244/744 806/1214/745
f 831/561/769 2433/1224/2068 806/1214/745 104/559/104
f 832/875/770 2430/1221/2065 2433/1224/2068 831/561/769
f 833/1242/771 2427/1238/2062 2430/1221/2065 832/875/770
f 2436/1245/2071 2437/1246/2054 2440/1247/2074 2439/1248/2073
f 2437/1246/2054 2438/1249/2072 2441/1248/2075 2440/1247/2074
f 2439/1248/2073 2440/1247/2074 2443/1250/2077 2442/1251/2076
f 2440/1247/2074 2441/1248/2075 2444/1252/2078 2443/1250/2077
f 92/218/92 752/1124/691 2436/1245/2071 836/1253/774
f 752/1124/691 751/1123/690 2437/1246/2054 2436/1245/2071
f 751/1123/690 750/1122/689 2438/1249/2072 2437/1246/2054
f 750/1122/689 94/218/94 821/1095/759 2438/1249/2072
f 2438/1249/2072 821/1095/759 820/1103/758 2441/1248/2075
f 2441/1248/2075 820/1103/758 819/1102/757 2444/1252/2078
f 2444/1252/2078 819/1102/757 102/951/102 798/1050/737
f 2443/1250/2077 2444/1252/2078 798/1050/737 799/1054/738
f 2442/1251/2076 2443/1250/2077 799/1054/738 800/1050/739
f 834/1102/772 2442/1251/2076 800/1050/739 100/951/100
f 835/1254/773 2439/1248/2073 2442/1251/2076 834/1102/772
f 836/1253/774 2436/1245/2071 2439/1248/2073 835/1254/773
f 2445/1089/2079 2446/1255/2080 2449/1256/2083 2448/1257/2082
f 2446/1255/2080 2447/1258/2081 2450/1088/2084 2449/1256/2083
f 2448/1257/2082 2449/1256/2083 2452/1259/2086 2451/1093/2085
f 2449/1256/2083 2450/1088/2084 2453/1092/2087 2452/1259/2086
f 91/312/91 744/1151/683 2445/1089/2079 813/1260/751
f 744/1151/683 745/1150/684 2446/1255/2080 2445/1089/2079
f 745/1150/684 746/1094/685 2447/1258/2081 2446/1255/2080
f 746/1094/685 92/218/92 836/1253/774 2447/1258/2081
f 2447/1258/2081 836/1253/774 835/1254/773 2450/1088/2084
f 2450/1088/2084 835/1254/773 834/1102/772 2453/1092/2087
f 2453/1092/2087 834/1102/772 100/951/100 794/1198/733
f 2452/1259/2086 2453/1092/2087 794/1198/733 793/1100/732
f 2451/1093/2085 2452/1259/2086 793/1100/732 792/1196/731
f 815/462/753 2451/1093/2085 792/1196/731 99/448/99
f 814/463/752 2448/1257/2082 2451/1093/2085 815/462/753
f 813/1260/751 2445/1089/2079 2448/1257/2082 814/463/752
f 2454/517/2088 2455/518/2089 2458/519/2092 2457/522/2091
f 2455/518/2089 2456/517/2090 2459/522/2093 2458/519/2092
f 2457/522/2091 2458/519/2092 2461/1261/2095 2460/1262/2094
f 2458/519/2092 2459/522/2093 2462/1263/2096 2461/1261/2095
f 93/1098/93 753/527/692 2454/517/2088 866/313/804
f 753/527/692 754/528/693 2455/518/2089 2454/517/2088
f 754/528/693 755/529/694 2456/517/2090 2455/518/2089
f 755/529/694 91/312/91 861/313/799 2456/517/2090
f 2456/517/2090 861/313/799 862/399/800 2459/522/2093
f 2459/522/2093 862/399/800 863/315/801 2462/1263/2096
f 2462/1263/2096 863/315/801 106/316/106 839/1108/777
f 2461/1261/2095 2462/1263/2096 839/1108/777 838/316/776
f 2460/1262/2094 2461/1261/2095 838/316/776 837/1109/775
f 864/1264/802 2460/1262/2094 837/1109/775 105/316/105
f 865/1265/803 2457/522/2091 2460/1262/2094 864/1264/802
f 866/313/804 2454/517/2088 2457/522/2091 865/1265/803
f 2463/316/2097 2464/316/2098 2467/515/557 2466/515/2100
f 2464/316/2098 2465/515/2099 2468/316/2101 2467/515/557
f 2466/515/2100 2467/515/557 2470/316/2103 2469/316/2102
f 2467/515/557 2468/316/2101 2471/316/2104 2470/316/2103
f 105/316/105 837/1109/775 2463/316/2097 854/316/792
f 837/1109/775 838/316/776 2464/316/2098 2463/316/2097
f 838/316/776 839/1108/777 2465/515/2099 2464/316/2098
f 839/1108/777 106/316/106 849/1109/787 2465/515/2099
f 2465/515/2099 849/1109/787 850/316/788 2468/316/2101
f 2468/316/2101 850/316/788 851/530/789 2471/316/2104
f 2471/316/2104 851/530/789 110/316/110 845/1108/783
f 2470/316/2103 2471/316/2104 845/1108/783 844/316/782
f 2469/316/2102 2470/316/2103 844/316/782 843/1109/781
f 852/515/790 2469/316/2102 843/1109/781 109/316/109
f 853/316/791 2466/515/2100 2469/316/2102 852/515/790
f 854/316/792 2463/316/2097 2466/515/2100 853/316/791
f 2472/650/2105 2473/650/2098 2476/649/557 2475/650/2107
f 2473/650/2098 2474/650/2106 2477/648/2108 2476/649/557
f 2475/650/2107 2476/649/557 2479/648/2103 2478/650/2109
f 2476/649/557 2477/648/2108 2480/648/2110 2479/648/2103
f 108/434/108 842/650/780 2472/650/2105 855/650/793
f 842/650/780 841/648/779 2473/650/2098 2472/650/2105
f 841/648/779 840/648/778 2474/650/2106 2473/650/2098
f 840/648/778 107/434/107 860/650/798 2474/650/2106
f 2474/650/2106 860/650/798 859/648/797 2477/648/2108
f 2477/648/2108 859/648/797 858/666/796 2480/648/2110
f 2480/648/2110 858/666/796 111/665/111 846/666/784
f 2479/648/2103 2480/648/2110 846/666/784 847/650/785
f 2478/650/2109 2479/648/2103 847/650/785 848/650/786
f 857/648/795 2478/650/2109 848/650/786 112/434/112
f 856/650/794 2475/650/2107 2478/650/2109 857/648/795
f 855/650/793 2472/650/2105 2475/650/2107 856/650/794
f 2481/725/2111 2482/1266/2112 2485/1267/2115 2484/720/2114
f 2482/1266/2112 2483/1268/2113 2486/720/2116 2485/1267/2115
f 2484/720/2114 2485/1267/2115 2488/1269/2118 2487/1270/2117
f 2485/1267/2115 2486/720/2116 2489/1271/2119 2488/1269/2118
f 104/559/104 807/550/746 2481/725/2111 875/718/813
f 807/550/746 808/1272/741 2482/1266/2112 2481/725/2111
f 808/1272/741 809/543/747 2483/1268/2113 2482/1266/2112
f 809/543/747 98/559/98 870/718/808 2483/1268/2113
f 2483/1268/2113 870/718/808 871/1267/809 2486/720/2116
f 2486/720/2116 871/1267/809 872/732/810 2489/1271/2119
f 2489/1271/2119 872/732/810 112/434/112 848/648/786
f 2488/1269/2118 2489/1271/2119 848/648/786 847/650/785
f 2487/1270/2117 2488/1269/2118 847/650/785 846/650/784
f 873/1269/811 2487/1270/2117 846/650/784 111/665/111
f 874/1267/812 2484/720/2114 2487/1270/2117 873/1269/811
f 875/718/813 2481/725/2111 2484/720/2114 874/1267/812
f 2490/1273/2120 2491/1274/2112 2494/513/2115 2493/513/2122
f 2491/1274/2112 2492/1275/2121 2495/513/2123 2494/513/2115
f 2493/513/2122 2494/513/2115 2497/1276/2125 2496/1276/2124
f 2494/513/2115 2495/513/2123 2498/902/2126 2497/1276/2125
f 99/448/99 803/1277/742 2490/1273/2120 867/512/805
f 803/1277/742 802/1278/741 2491/1274/2112 2490/1273/2120
f 802/1278/741 801/1197/740 2492/1275/2121 2491/1274/2112
f 801/1197/740 101/448/101 876/512/814 2492/1275/2121
f 2492/1275/2121 876/512/814 877/513/815 2495/513/2123
f 2495/513/2123 877/513/815 878/902/816 2498/902/2126
f 2498/902/2126 878/902/816 109/316/109 843/316/781
f 2497/1276/2125 2498/902/2126 843/316/781 844/316/782
f 2496/1276/2124 2497/1276/2125 844/316/782 845/316/783
f 869/902/807 2496/1276/2124 845/316/783 110/316/110
f 868/513/806 2493/513/2122 2496/1276/2124 869/902/807
f 867/512/805 2490/1273/2120 2493/513/2122 868/513/806
f 2499/708/2127 2500/1279/2128 2503/1280/2131 2502/1281/2130
f 2500/1279/2128 2501/867/2129 2504/713/2132 2503/1280/2131
f 2502/1281/2130 2503/1280/2131 2506/1282/2134 2505/715/2133
f 2503/1280/2131 2504/713/2132 2507/1283/2135 2506/1282/2134
f 98/559/98 824/717/762 2499/708/2127 870/718/808
f 824/717/762 823/572/761 2500/1279/2128 2499/708/2127
f 823/572/761 822/571/760 2501/867/2129 2500/1279/2128
f 822/571/760 90/425/90 879/705/817 2501/867/2129
f 2501/867/2129 879/705/817 880/706/818 2504/713/2132
f 2504/713/2132 880/706/818 881/707/819 2507/1283/2135
f 2507/1283/2135 881/707/819 108/434/108 855/648/793
f 2506/1282/2134 2507/1283/2135 855/648/793 856/650/794
f 2505/715/2133 2506/1282/2134 856/650/794 857/650/795
f 872/732/810 2505/715/2133 857/650/795 112/434/112
f 871/1267/809 2502/1281/2130 2505/715/2133 872/732/810
f 870/718/808 2499/708/2127 2502/1281/2130 871/1267/809
f 2508/505/2136 2509/992/2137 2512/503/2140 2511/1105/2139
f 2509/992/2137 2510/994/2138 2513/504/2141 2512/503/2140
f 2511/1105/2139 2512/503/2140 2515/1284/2143 2514/1107/2142
f 2512/503/2140 2513/504/2141 2516/1285/2144 2515/1284/2143
f 101/448/101 816/997/754 2508/505/2136 876/512/814
f 816/997/754 817/463/755 2509/992/2137 2508/505/2136
f 817/463/755 818/464/756 2510/994/2138 2509/992/2137
f 818/464/756 93/1098/93 866/313/804 2510/994/2138
f 2510/994/2138 866/313/804 865/1265/803 2513/504/2141
f 2513/504/2141 865/1265/803 864/1264/802 2516/1285/2144
f 2516/1285/2144 864/1264/802 105/316/105 854/316/792
f 2515/1284/2143 2516/1285/2144 854/316/792 853/316/791
f 2514/1107/2142 2515/1284/2143 853/316/791 852/316/790
f 878/902/816 2514/1107/2142 852/316/790 109/316/109
f 877/513/815 2511/1105/2139 2514/1107/2142 878/902/816
f 876/512/814 2508/505/2136 2511/1105/2139 877/513/815
f 2517/1286/2145 2518/1287/2146 2521/1288/2149 2520/1289/2148
f 2518/1287/2146 2519/708/2147 2522/1290/2150 2521/1288/2149
f 2520/1289/2148 2521/1288/2149 2524/1282/2152 2523/872/2151
f 2521/1288/2149 2522/1290/2150 2525/1291/2153 2524/1282/2152
f 96/425/96 833/1226/771 2517/1286/2145 884/427/822
f 833/1226/771 832/875/770 2518/1287/2146 2517/1286/2145
f 832/875/770 831/717/769 2519/708/2147 2518/1287/2146
f 831/717/769 104/559/104 875/718/813 2519/708/2147
f 2519/708/2147 875/718/813 874/1267/812 2522/1290/2150
f 2522/1290/2150 874/1267/812 873/1269/811 2525/1291/2153
f 2525/1291/2153 873/1269/811 111/665/111 858/648/796
f 2524/1282/2152 2525/1291/2153 858/648/796 859/648/797
f 2523/872/2151 2524/1282/2152 859/648/797 860/650/798
f 882/433/820 2523/872/2151 860/650/798 107/434/107
f 883/706/821 2520/1289/2148 2523/872/2151 882/433/820
f 884/427/822 2517/1286/2145 2520/1289/2148 883/706/821
f 2526/1292/2154 2527/1293/2155 2530/976/2158 2529/977/2157
f 2527/1293/2155 2528/1292/2156 2531/1294/2159 2530/976/2158
f 2529/977/2157 2530/976/2158 2533/1295/2095 2532/981/2160
f 2530/976/2158 2531/1294/2159 2534/1296/2161 2533/1295/2095
f 90/425/90 761/498/700 2526/1292/2154 879/705/817
f 761/498/700 760/497/699 2527/1293/2155 2526/1292/2154
f 760/497/699 759/496/698 2528/1292/2156 2527/1293/2155
f 759/496/698 96/425/96 884/427/822 2528/1292/2156
f 2528/1292/2156 884/427/822 883/706/821 2531/1294/2159
f 2531/1294/2159 883/706/821 882/433/820 2534/1296/2161
f 2534/1296/2161 882/433/820 107/434/107 840/648/778
f 2533/1295/2095 2534/1296/2161 840/648/778 841/648/779
f 2532/981/2160 2533/1295/2095 841/648/779 842/650/780
f 881/707/819 2532/981/2160 842/650/780 108/434/108
f 880/706/818 2529/977/2157 2532/981/2160 881/707/819
f 879/705/817 2526/1292/2154 2529/977/2157 880/706/818
f 2535/1297/1358 2536/1298/1361 2539/3/1360 2538/1299/1357
f 2536/1298/1361 2537/1300/1364 2540/1301/1363 2539/3/1360
f 2538/1299/1357 2539/3/1360 2542/6/1359 2541/1302/1356
f 2539/3/1360 2540/1301/1363 2543/1303/1362 2542/6/1359
f 113/10/5 894/12/246 2535/1297/1358 905/11/235
f 894/12/246 895/25/245 2536/1298/1361 2535/1297/1358
f 895/25/245 896/23/244 2537/1300/1364 2536/1298/1361
f 896/23/244 115/24/7 885/22/219 2537/1300/1364
f 2537/1300/1364 885/22/219 886/21/218 2540/1301/1363
f 2540/1301/1363 886/21/218 887/20/217 2543/1303/1362
f 2543/1303/1362 887/20/217 119/19/3 912/18/228
f 2542/6/1359 2543/1303/1362 912/18/228 913/17/227
f 2541/1302/1356 2542/6/1359 913/17/227 914/16/226
f 903/14/237 2541/1302/1356 914/16/226 117/15/1
f 904/13/236 2538/1299/1357 2541/1302/1356 903/14/237
f 905/11/235 2535/1297/1358 2538/1299/1357 904/13/236
f 2544/1304/2162 2545/1305/2163 2548/1306/2166 2547/1307/2165
f 2545/1305/2163 2546/1308/2164 2549/1309/2167 2548/1306/2166
f 2547/1307/2165 2548/1306/2166 2551/1310/2169 2550/1311/2168
f 2548/1306/2166 2549/1309/2167 2552/1312/2170 2551/1310/2169
f 120/1313/116 962/1314/851 2544/1304/2162 932/1315/833
f 962/1314/851 961/1316/850 2545/1305/2163 2544/1304/2162
f 961/1316/850 960/1317/849 2546/1308/2164 2545/1305/2163
f 960/1317/849 125/1318/117 956/1319/845 2546/1308/2164
f 2546/1308/2164 956/1319/845 955/1320/844 2549/1309/2167
f 2549/1309/2167 955/1320/844 954/1321/843 2552/1312/2170
f 2552/1312/2170 954/1321/843 128/1322/120 959/1323/848
f 2551/1310/2169 2552/1312/2170 959/1323/848 958/1324/847
f 2550/1311/2168 2551/1310/2169 958/1324/847 957/1325/846
f 930/1326/831 2550/1311/2168 957/1325/846 118/1327/115
f 931/752/832 2547/1307/2165 2550/1311/2168 930/1326/831
f 932/1315/833 2544/1304/2162 2547/1307/2165 931/752/832
f 2553/1328/1380 2554/1329/1377 2557/53/1378 2556/52/1381
f 2554/1329/1377 2555/1330/1374 2558/1331/1375 2557/53/1378
f 2556/52/1381 2557/53/1378 2560/56/1379 2559/55/1382
f 2557/53/1378 2558/1331/1375 2561/1332/1376 2560/56/1379
f 122/60/9 890/62/220 2553/1328/1380 893/61/247
f 890/62/220 889/75/221 2554/1329/1377 2553/1328/1380
f 889/75/221 888/73/222 2555/1330/1374 2554/1329/1377
f 888/73/222 121/74/10 915/72/225 2555/1330/1374
f 2555/1330/1374 915/72/225 916/71/224 2558/1331/1375
f 2558/1331/1375 916/71/224 917/70/223 2561/1332/1376
f 2561/1332/1376 917/70/223 119/69/3 887/68/217
f 2560/56/1379 2561/1332/1376 887/68/217 886/67/218
f 2559/55/1382 2560/56/1379 886/67/218 885/66/219
f 891/64/249 2559/55/1382 885/66/219 115/65/7
f 892/63/248 2556/52/1381 2559/55/1382 891/64/249
f 893/61/247 2553/1328/1380 2556/52/1381 892/63/248
f 2562/1333/1407 2563/1334/1404 2566/78/1405 2565/1335/1408
f 2563/1334/1404 2564/1336/1401 2567/82/1402 2566/78/1405
f 2565/1335/1408 2566/78/1405 2569/81/1406 2568/1337/1409
f 2566/78/1405 2567/82/1402 2570/1338/1403 2569/81/1406
f 123/74/12 899/85/250 2562/1333/1407 902/72/243
f 899/85/250 898/95/251 2563/1334/1404 2562/1333/1407
f 898/95/251 897/93/252 2564/1336/1401 2563/1334/1404
f 897/93/252 122/94/9 893/92/247 2564/1336/1401
f 2564/1336/1401 893/92/247 892/91/248 2567/82/1402
f 2567/82/1402 892/91/248 891/90/249 2570/1338/1403
f 2570/1338/1403 891/90/249 115/89/7 896/88/244
f 2569/81/1406 2570/1338/1403 896/88/244 895/87/245
f 2568/1337/1409 2569/81/1406 895/87/245 894/86/246
f 900/70/241 2568/1337/1409 894/86/246 113/69/5
f 901/71/242 2565/1335/1408 2568/1337/1409 900/70/241
f 902/72/243 2562/1333/1407 2565/1335/1408 901/71/242
f 2571/1339/1398 2572/1340/1395 2575/98/1396 2574/97/1399
f 2572/1340/1395 2573/1341/1392 2576/1342/1393 2575/98/1396
f 2574/97/1399 2575/98/1396 2578/1343/1397 2577/1344/1400
f 2575/98/1396 2576/1342/1393 2579/104/1394 2578/1343/1397
f 124/105/11 908/107/238 2571/1339/1398 911/106/234
f 908/107/238 907/115/239 2572/1340/1395 2571/1339/1398
f 907/115/239 906/113/240 2573/1341/1392 2572/1340/1395
f 906/113/240 123/114/12 902/112/243 2573/1341/1392
f 2573/1341/1392 902/112/243 901/111/242 2576/1342/1393
f 2576/1342/1393 901/111/242 900/110/241 2579/104/1394
f 2579/104/1394 900/110/241 113/74/5 905/73/235
f 2578/1343/1397 2579/104/1394 905/73/235 904/75/236
f 2577/1344/1400 2578/1343/1397 904/75/236 903/62/237
f 909/109/232 2577/1344/1400 903/62/237 117/60/1
f 910/108/233 2574/97/1399 2577/1344/1400 909/109/232
f 911/106/234 2571/1339/1398 2574/97/1399 910/108/233
f 2580/1345/1389 2581/1346/1386 2584/118/1387 2583/117/1390
f 2581/1346/1386 2582/1347/1383 2585/1348/1384 2584/118/1387
f 2583/117/1390 2584/118/1387 2587/1349/1388 2586/1350/1391
f 2584/118/1387 2585/1348/1384 2588/124/1385 2587/1349/1388
f 121/65/10 920/66/229 2580/1345/1389 915/125/225
f 920/66/229 919/67/230 2581/1346/1386 2580/1345/1389
f 919/67/230 918/68/231 2582/1347/1383 2581/1346/1386
f 918/68/231 124/69/11 911/135/234 2582/1347/1383
f 2582/1347/1383 911/135/234 910/134/233 2585/1348/1384
f 2585/1348/1384 910/134/233 909/133/232 2588/124/1385
f 2588/124/1385 909/133/232 117/132/1 914/131/226
f 2587/1349/1388 2588/124/1385 914/131/226 913/130/227
f 2586/1350/1391 2587/1349/1388 913/130/227 912/129/228
f 917/127/223 2586/1350/1391 912/129/228 119/128/3
f 916/126/224 2583/117/1390 2586/1350/1391 917/127/223
f 915/125/225 2580/1345/1389 2583/117/1390 916/126/224
f 2589/1351/1412 2590/1352/1415 2593/1353/1414 2592/1354/1411
f 2590/1352/1415 2591/1355/1418 2594/1356/1417 2593/1353/1414
f 2592/1354/1411 2593/1353/1414 2596/1357/1413 2595/1358/1410
f 2593/1353/1414 2594/1356/1417 2597/1359/1416 2596/1357/1413
f 120/1313/116 935/1360/268 2589/1351/1412 921/1361/823
f 935/1360/268 934/1362/269 2590/1352/1415 2589/1351/1412
f 934/1362/269 933/1363/270 2591/1355/1418 2590/1352/1415
f 933/1363/270 121/156/10 888/61/222 2591/1355/1418
f 2591/1355/1418 888/61/222 889/63/221 2594/1356/1417
f 2594/1356/1417 889/63/221 890/64/220 2597/1359/1416
f 2597/1359/1416 890/64/220 122/154/9 938/1364/265
f 2596/1357/1413 2597/1359/1416 938/1364/265 937/1365/266
f 2595/1358/1410 2596/1357/1413 937/1365/266 936/1366/267
f 923/1367/825 2595/1358/1410 936/1366/267 116/1368/114
f 922/536/824 2592/1354/1411 2595/1358/1410 923/1367/825
f 921/1361/823 2589/1351/1412 2592/1354/1411 922/536/824
f 2598/1369/1439 2599/1370/1442 2602/1371/1441 2601/1372/1438
f 2599/1370/1442 2600/1373/1445 2603/1374/1444 2602/1371/1441
f 2601/1372/1438 2602/1371/1441 2605/1375/1440 2604/1376/1437
f 2602/1371/1441 2603/1374/1444 2606/1377/1443 2605/1375/1440
f 116/1368/114 936/1366/267 2598/1369/1439 924/1378/826
f 936/1366/267 937/1365/266 2599/1370/1442 2598/1369/1439
f 937/1365/266 938/1364/265 2600/1373/1445 2599/1370/1442
f 938/1364/265 122/154/9 897/177/252 2600/1373/1445
f 2600/1373/1445 897/177/252 898/176/251 2603/1374/1444
f 2603/1374/1444 898/176/251 899/175/250 2606/1377/1443
f 2606/1377/1443 899/175/250 123/174/12 941/1379/276
f 2605/1375/1440 2606/1377/1443 941/1379/276 940/1380/275
f 2604/1376/1437 2605/1375/1440 940/1380/275 939/1381/274
f 926/1382/828 2604/1376/1437 939/1381/274 114/530/113
f 925/358/827 2601/1372/1438 2604/1376/1437 926/1382/828
f 924/1378/826 2598/1369/1439 2601/1372/1438 925/358/827
f 2607/1383/1430 2608/1384/1433 2611/1385/1432 2610/1386/1429
f 2608/1384/1433 2609/1387/1436 2612/1388/1435 2611/1385/1432
f 2610/1386/1429 2611/1385/1432 2614/1389/1431 2613/1390/1428
f 2611/1385/1432 2612/1388/1435 2615/1391/1434 2614/1389/1431
f 114/530/113 939/1381/274 2607/1383/1430 927/1392/829
f 939/1381/274 940/1380/275 2608/1384/1433 2607/1383/1430
f 940/1380/275 941/1379/276 2609/1387/1436 2608/1384/1433
f 941/1379/276 123/174/12 906/20/240 2609/1387/1436
f 2609/1387/1436 906/20/240 907/21/239 2612/1388/1435
f 2612/1388/1435 907/21/239 908/22/238 2615/1391/1434
f 2615/1391/1434 908/22/238 124/194/11 944/1393/273
f 2614/1389/1431 2615/1391/1434 944/1393/273 943/1394/272
f 2613/1390/1428 2614/1389/1431 943/1394/272 942/1395/271
f 929/1396/830 2613/1390/1428 942/1395/271 118/1327/115
f 928/907/260 2610/1386/1429 2613/1390/1428 929/1396/830
f 927/1392/829 2607/1383/1430 2610/1386/1429 928/907/260
f 2616/1397/1421 2617/1398/1424 2620/1399/1423 2619/1400/1420
f 2617/1398/1424 2618/1401/1427 2621/1402/1426 2620/1399/1423
f 2619/1400/1420 2620/1399/1423 2623/1403/1422 2622/1404/1419
f 2620/1399/1423 2621/1402/1426 2624/1405/1425 2623/1403/1422
f 118/1327/115 942/1395/271 2616/1397/1421 930/1406/831
f 942/1395/271 943/1394/272 2617/1398/1424 2616/1397/1421
f 943/1394/272 944/1393/273 2618/1401/1427 2617/1398/1424
f 944/1393/273 124/194/11 918/209/231 2618/1401/1427
f 2618/1401/1427 918/209/231 919/208/230 2621/1402/1426
f 2621/1402/1426 919/208/230 920/207/229 2624/1405/1425
f 2624/1405/1425 920/207/229 121/156/10 933/1363/270
f 2623/1403/1422 2624/1405/1425 933/1363/270 934/1362/269
f 2622/1404/1419 2623/1403/1422 934/1362/269 935/1360/268
f 932/1407/833 2622/1404/1419 935/1360/268 120/1313/116
f 931/1408/832 2619/1400/1420 2622/1404/1419 932/1407/833
f 930/1406/831 2616/1397/1421 2619/1400/1420 931/1408/832
f 2625/210/2171 2626/1409/2172 2629/1410/2172 2628/1411/2171
f 2626/1409/2172 2627/1412/2173 2630/216/2173 2629/1410/2172
f 2628/1411/2171 2629/1410/2172 2632/215/2172 2631/1413/2171
f 2629/1410/2172 2630/216/2173 2633/217/2173 2632/215/2172
f 129/218/121 1278/1414/1110 2625/210/2171 1214/445/1077
f 1278/1414/1110 1279/1415/1111 2626/1409/2172 2625/210/2171
f 1279/1415/1111 1280/1416/1112 2627/1412/2173 2626/1409/2172
f 1280/1416/1112 179/224/171 1241/1417/1085 2627/1412/2173
f 2627/1412/2173 1241/1417/1085 1240/1418/171 2630/216/2173
f 2630/216/2173 1240/1418/171 1239/1327/171 2633/217/2173
f 2633/217/2173 1239/1327/171 165/224/157 1005/1416/894
f 2632/215/2172 2633/217/2173 1005/1416/894 1006/1415/895
f 2631/1413/2171 2632/215/2172 1006/1415/895 1007/1414/896
f 1212/221/1077 2631/1413/2171 1007/1414/896 140/218/132
f 1213/451/1077 2628/1411/2171 2631/1413/2171 1212/221/1077
f 1214/445/1077 2625/210/2171 2628/1411/2171 1213/451/1077
f 2634/1419/2174 2635/1420/2175 2638/1421/2178 2637/1422/2177
f 2635/1420/2175 2636/1423/2176 2639/1424/2179 2638/1421/2178
f 2637/1422/2177 2638/1421/2178 2641/1425/2181 2640/1426/2180
f 2638/1421/2178 2639/1424/2179 2642/1427/2182 2641/1425/2181
f 114/530/113 968/1428/857 2634/1419/2174 926/1382/828
f 968/1428/857 967/1429/856 2635/1420/2175 2634/1419/2174
f 967/1429/856 966/1430/855 2636/1423/2176 2635/1420/2175
f 966/1430/855 127/247/119 950/1431/839 2636/1423/2176
f 2636/1423/2176 950/1431/839 949/244/838 2639/1424/2179
f 2639/1424/2179 949/244/838 948/243/837 2642/1427/2182
f 2642/1427/2182 948/243/837 126/1432/118 965/1433/854
f 2641/1425/2181 2642/1427/2182 965/1433/854 964/1434/853
f 2640/1426/2180 2641/1425/2181 964/1434/853 963/1435/852
f 924/1436/826 2640/1426/2180 963/1435/852 116/1368/114
f 925/358/827 2637/1422/2177 2640/1426/2180 924/1436/826
f 926/1382/828 2634/1419/2174 2637/1422/2177 925/358/827
f 2643/1437/2183 2644/1438/2184 2647/1439/2187 2646/1440/2186
f 2644/1438/2184 2645/1441/2185 2648/1442/2188 2647/1439/2187
f 2646/1440/2186 2647/1439/2187 2650/1443/2190 2649/1444/2189
f 2647/1439/2187 2648/1442/2188 2651/1445/2191 2650/1443/2190
f 118/1327/115 957/1325/846 2643/1437/2183 929/1396/830
f 957/1325/846 958/1324/847 2644/1438/2184 2643/1437/2183
f 958/1324/847 959/1323/848 2645/1441/2185 2644/1438/2184
f 959/1323/848 128/1322/120 953/263/842 2645/1441/2185
f 2645/1441/2185 953/263/842 952/262/841 2648/1442/2188
f 2648/1442/2188 952/262/841 951/261/840 2651/1445/2191
f 2651/1445/2191 951/261/840 127/247/119 966/1430/855
f 2650/1443/2190 2651/1445/2191 966/1430/855 967/1429/856
f 2649/1444/2189 2650/1443/2190 967/1429/856 968/1428/857
f 927/1392/829 2649/1444/2189 968/1428/857 114/530/113
f 928/907/260 2646/1440/2186 2649/1444/2189 927/1392/829
f 929/1396/830 2643/1437/2183 2646/1440/2186 928/907/260
f 2652/1446/2192 2653/1447/2193 2656/1448/2196 2655/1449/2195
f 2653/1447/2193 2654/1450/2194 2657/1451/2197 2656/1448/2196
f 2655/1449/2195 2656/1448/2196 2659/1452/2199 2658/1453/2198
f 2656/1448/2196 2657/1451/2197 2660/1454/2200 2659/1452/2199
f 116/1368/114 963/1435/852 2652/1446/2192 923/1367/825
f 963/1435/852 964/1434/853 2653/1447/2193 2652/1446/2192
f 964/1434/853 965/1433/854 2654/1450/2194 2653/1447/2193
f 965/1433/854 126/1432/118 947/278/836 2654/1450/2194
f 2654/1450/2194 947/278/836 946/277/835 2657/1451/2197
f 2657/1451/2197 946/277/835 945/276/834 2660/1454/2200
f 2660/1454/2200 945/276/834 125/1318/117 960/1317/849
f 2659/1452/2199 2660/1454/2200 960/1317/849 961/1316/850
f 2658/1453/2198 2659/1452/2199 961/1316/850 962/1314/851
f 921/1361/823 2658/1453/2198 962/1314/851 120/1313/116
f 922/536/824 2655/1449/2195 2658/1453/2198 921/1361/823
f 923/1367/825 2652/1446/2192 2655/1449/2195 922/536/824
f 2661/1455/2201 2662/1456/2202 2665/1457/2205 2664/280/2204
f 2662/1456/2202 2663/1458/2203 2666/1459/2206 2665/1457/2205
f 2664/280/2204 2665/1457/2205 2668/1460/2208 2667/283/2207
f 2665/1457/2205 2666/1459/2206 2669/1461/2209 2668/1460/2208
f 125/1318/117 980/288/869 2661/1455/2201 956/1319/845
f 980/288/869 979/1462/868 2662/1456/2202 2661/1455/2201
f 979/1462/868 978/1463/867 2663/1458/2203 2662/1456/2202
f 978/1463/867 130/1464/122 1151/1465/1023 2663/1458/2203
f 2663/1458/2203 1151/1465/1023 1150/1466/1022 2666/1459/2206
f 2666/1459/2206 1150/1466/1022 1149/293/1021 2669/1461/2209
f 2669/1461/2209 1149/293/1021 131/864/123 986/1467/875
f 2668/1460/2208 2669/1461/2209 986/1467/875 985/290/874
f 2667/283/2207 2668/1460/2208 985/290/874 984/289/873
f 954/1321/843 2667/283/2207 984/289/873 128/1322/120
f 955/1320/844 2664/280/2204 2667/283/2207 954/1321/843
f 956/1319/845 2661/1455/2201 2664/280/2204 955/1320/844
f 2670/1468/2210 2671/1469/2211 2674/1470/2214 2673/1471/2213
f 2671/1469/2211 2672/1472/2212 2675/1473/2215 2674/1470/2214
f 2673/1471/2213 2674/1470/2214 2677/1474/2217 2676/1475/2216
f 2674/1470/2214 2675/1473/2215 2678/1476/2218 2677/1474/2217
f 135/530/127 972/1477/861 2670/1468/2210 1049/1478/934
f 972/1477/861 973/1479/862 2671/1469/2211 2670/1468/2210
f 973/1479/862 974/1480/863 2672/1472/2212 2671/1469/2211
f 974/1480/863 156/321/148 1124/1481/996 2672/1472/2212
f 2672/1472/2212 1124/1481/996 1123/318/995 2675/1473/2215
f 2675/1473/2215 1123/318/995 1122/317/994 2678/1476/2218
f 2678/1476/2218 1122/317/994 158/316/150 1014/1482/903
f 2677/1474/2217 2678/1476/2218 1014/1482/903 1015/1265/904
f 2676/1475/2216 2677/1474/2217 1015/1265/904 1016/1483/905
f 1047/1484/932 2676/1475/2216 1016/1483/905 141/312/133
f 1048/1485/933 2673/1471/2213 2676/1475/2216 1047/1484/932
f 1049/1478/934 2670/1468/2210 2673/1471/2213 1048/1485/933
f 2679/1486/2219 2680/1487/2220 2683/1488/2223 2682/1489/2222
f 2680/1487/2220 2681/1490/2221 2684/1491/2224 2683/1488/2223
f 2682/1489/2222 2683/1488/2223 2686/1492/2226 2685/1493/2225
f 2683/1488/2223 2684/1491/2224 2687/1494/2227 2686/1492/2226
f 142/332/134 1008/334/897 2679/1486/2219 1044/1495/929
f 1008/334/897 1009/1496/898 2680/1487/2220 2679/1486/2219
f 1009/1496/898 1010/340/899 2681/1490/2221 2680/1487/2220
f 1010/340/899 167/341/159 1182/339/1049 2681/1490/2221
f 2681/1490/2221 1182/339/1049 1183/1497/1050 2684/1491/2224
f 2684/1491/2224 1183/1497/1050 1184/736/1051 2687/1494/2227
f 2687/1494/2227 1184/736/1051 163/292/155 987/1498/876
f 2686/1492/2226 2687/1494/2227 987/1498/876 988/1499/877
f 2685/1493/2225 2686/1492/2226 988/1499/877 989/1500/878
f 1046/1501/931 2685/1493/2225 989/1500/878 136/1327/128
f 1045/1502/930 2682/1489/2222 2685/1493/2225 1046/1501/931
f 1044/1495/929 2679/1486/2219 2682/1489/2222 1045/1502/930
f 2688/1503/2228 2689/1504/2229 2692/358/2232 2691/358/2231
f 2689/1504/2229 2690/1505/2230 2693/656/2233 2692/358/2232
f 2691/358/2231 2692/358/2232 2695/1506/2235 2694/1507/2234
f 2692/358/2232 2693/656/2233 2696/1508/2236 2695/1506/2235
f 134/1368/126 1011/1509/900 2688/1503/2228 996/1378/885
f 1011/1509/900 1012/1510/901 2689/1504/2229 2688/1503/2228
f 1012/1510/901 1013/1511/902 2690/1505/2230 2689/1504/2229
f 1013/1511/902 155/1512/147 1107/359/982 2690/1505/2230
f 2690/1505/2230 1107/359/982 1108/1513/983 2693/656/2233
f 2693/656/2233 1108/1513/983 1109/1514/984 2696/1508/2236
f 2696/1508/2236 1109/1514/984 156/321/148 974/1480/863
f 2695/1506/2235 2696/1508/2236 974/1480/863 973/1479/862
f 2694/1507/2234 2695/1506/2235 973/1479/862 972/1477/861
f 998/1382/887 2694/1507/2234 972/1477/861 135/530/127
f 997/358/886 2691/358/2231 2694/1507/2234 998/1382/887
f 996/1378/885 2688/1503/2228 2691/358/2231 997/358/886
f 2697/1515/2237 2698/1516/2238 2701/1517/2241 2700/1518/2240
f 2698/1516/2238 2699/1519/2239 2702/1520/2242 2701/1517/2241
f 2700/1518/2240 2701/1517/2241 2704/1521/2244 2703/1522/2243
f 2701/1517/2241 2702/1520/2242 2705/1523/2245 2704/1521/2244
f 136/1524/128 1002/1406/891 2697/1515/2237 1001/1396/890
f 1002/1406/891 1003/1408/892 2698/1516/2238 2697/1515/2237
f 1003/1408/892 1004/1407/893 2699/1519/2239 2698/1516/2238
f 1004/1407/893 133/808/125 993/1361/882 2699/1519/2239
f 2699/1519/2239 993/1361/882 994/536/883 2702/1520/2242
f 2702/1520/2242 994/536/883 995/1367/884 2705/1523/2245
f 2705/1523/2245 995/1367/884 134/650/126 996/1436/885
f 2704/1521/2244 2705/1523/2245 996/1436/885 997/358/886
f 2703/1522/2243 2704/1521/2244 997/358/886 998/1382/887
f 999/1392/888 2703/1522/2243 998/1382/887 135/316/127
f 1000/907/889 2700/1518/2240 2703/1522/2243 999/1392/888
f 1001/1396/890 2697/1515/2237 2700/1518/2240 1000/907/889
f 2706/384/2246 2707/1525/2247 2710/1526/2250 2709/1527/2249
f 2707/1525/2247 2708/391/2248 2711/390/2251 2710/1526/2250
f 2709/1527/2249 2710/1526/2250 2713/1528/2253 2712/1529/2252
f 2710/1526/2250 2711/390/2251 2714/1530/2254 2713/1528/2253
f 137/312/129 1074/313/954 2706/384/2246 977/1531/866
f 1074/313/954 1075/533/955 2707/1525/2247 2706/384/2246
f 1075/533/955 1076/315/956 2708/391/2248 2707/1525/2247
f 1076/315/956 154/316/146 1100/398/978 2708/391/2248
f 2708/391/2248 1100/398/978 1099/318/977 2711/390/2251
f 2711/390/2251 1099/318/977 1098/319/976 2714/1530/2254
f 2714/1530/2254 1098/319/976 150/321/142 983/1532/872
f 2713/1528/2253 2714/1530/2254 983/1532/872 982/322/871
f 2712/1529/2252 2713/1528/2253 982/322/871 981/309/870
f 975/1533/864 2712/1529/2252 981/309/870 127/247/119
f 976/394/865 2709/1527/2249 2712/1529/2252 975/1533/864
f 977/1531/866 2706/384/2246 2709/1527/2249 976/394/865
f 2715/400/2255 2716/1534/2256 2719/1535/2259 2718/1536/2258
f 2716/1534/2256 2717/407/2257 2720/1537/2260 2719/1535/2259
f 2718/1536/2258 2719/1535/2259 2722/1538/2262 2721/404/2261
f 2719/1535/2259 2720/1537/2260 2723/1539/2263 2722/1538/2262
f 128/1322/120 1040/818/925 2715/400/2255 953/263/842
f 1040/818/925 1039/1540/924 2716/1534/2256 2715/400/2255
f 1039/1540/924 1038/819/923 2717/407/2257 2716/1534/2256
f 1038/819/923 138/910/130 1019/413/908 2717/407/2257
f 2717/407/2257 1019/413/908 1018/412/907 2720/1537/2260
f 2720/1537/2260 1018/412/907 1017/411/906 2723/1539/2263
f 2723/1539/2263 1017/411/906 137/312/129 977/1531/866
f 2722/1538/2262 2723/1539/2263 977/1531/866 976/394/865
f 2721/404/2261 2722/1538/2262 976/394/865 975/1541/864
f 951/261/840 2721/404/2261 975/1541/864 127/247/119
f 952/262/841 2718/1536/2258 2721/404/2261 951/261/840
f 953/263/842 2715/400/2255 2718/1536/2258 952/262/841
f 2724/1542/2264 2725/1543/2265 2728/1544/2268 2727/1545/2267
f 2725/1543/2265 2726/1546/2266 2729/1547/2269 2728/1544/2268
f 2727/1545/2267 2728/1544/2268 2731/1548/2271 2730/1549/2270
f 2728/1544/2268 2729/1547/2269 2732/1550/2272 2731/1548/2271
f 148/425/140 992/874/881 2724/1542/2264 1077/1551/957
f 992/874/881 991/1552/880 2725/1543/2265 2724/1542/2264
f 991/1552/880 990/878/879 2726/1546/2266 2725/1543/2265
f 990/878/879 160/434/152 1137/432/1009 2726/1546/2266
f 2726/1546/2266 1137/432/1009 1138/431/1010 2729/1547/2269
f 2729/1547/2269 1138/431/1010 1139/430/1011 2732/1550/2272
f 2732/1550/2272 1139/430/1011 155/1512/147 1013/1511/902
f 2731/1548/2271 2732/1550/2272 1013/1511/902 1012/1510/901
f 2730/1549/2270 2731/1548/2271 1012/1510/901 1011/1509/900
f 1079/1553/959 2730/1549/2270 1011/1509/900 134/1368/126
f 1078/1554/958 2727/1545/2267 2730/1549/2270 1079/1553/959
f 1077/1551/957 2724/1542/2264 2727/1545/2267 1078/1554/958
f 2733/436/1548 2734/914/1548 2737/438/1548 2736/442/1548
f 2734/914/1548 2735/1555/1548 2738/1556/1548 2737/438/1548
f 2736/442/1548 2737/438/1548 2740/1557/1548 2739/440/1548
f 2737/438/1548 2738/1556/1548 2741/440/1548 2740/1557/1548
f 129/218/121 1214/1558/1077 2733/436/1548 1277/1559/564
f 1214/1558/1077 1213/220/1077 2734/914/1548 2733/436/1548
f 1213/220/1077 1212/1558/1077 2735/1555/1548 2734/914/1548
f 1212/1558/1077 140/218/132 1022/1559/909 2735/1555/1548
f 2735/1555/1548 1022/1559/909 1021/907/353 2738/1556/1548
f 2738/1556/1548 1021/907/353 1020/447/354 2741/440/1548
f 2741/440/1548 1020/447/354 139/448/131 1025/448/910
f 2740/1557/1548 2741/440/1548 1025/448/910 1024/900/910
f 2739/440/1548 2740/1557/1548 1024/900/910 1023/448/910
f 1275/447/566 2739/440/1548 1023/448/910 132/448/124
f 1276/907/565 2736/442/1548 2739/440/1548 1275/447/566
f 1277/1559/564 2733/436/1548 2736/442/1548 1276/907/565
f 2742/908/2273 2743/454/2274 2746/412/2276 2745/907/1550
f 2743/454/2274 2744/1560/2275 2747/412/2277 2746/412/2276
f 2745/907/1550 2746/412/2276 2749/456/2279 2748/455/2278
f 2746/412/2276 2747/412/2277 2750/458/2280 2749/456/2279
f 140/221/132 1032/616/917 2742/908/2273 1022/1561/909
f 1032/616/917 1033/618/918 2743/454/2274 2742/908/2273
f 1033/618/918 1034/465/919 2744/1560/2275 2743/454/2274
f 1034/465/919 142/332/134 1031/413/916 2744/1560/2275
f 2744/1560/2275 1031/413/916 1030/412/915 2747/412/2277
f 2747/412/2277 1030/412/915 1029/912/914 2750/458/2280
f 2750/458/2280 1029/912/914 141/312/133 1035/1562/920
f 2749/456/2279 2750/458/2280 1035/1562/920 1036/511/921
f 2748/455/2278 2749/456/2279 1036/511/921 1037/997/922
f 1020/1563/354 2748/455/2278 1037/997/922 139/448/131
f 1021/412/353 2745/907/1550 2748/455/2278 1020/1563/354
f 1022/1561/909 2742/908/2273 2745/907/1550 1021/412/353
f 2751/1564/2281 2752/1565/2282 2755/1566/2285 2754/1566/2284
f 2752/1565/2282 2753/1567/2283 2756/1568/2286 2755/1566/2285
f 2754/1566/2284 2755/1566/2285 2758/1569/2288 2757/1570/2287
f 2755/1566/2285 2756/1568/2286 2759/1571/2289 2758/1569/2288
f 136/1327/128 989/1500/878 2751/1564/2281 1002/1406/891
f 989/1500/878 988/1499/877 2752/1565/2282 2751/1564/2281
f 988/1499/877 987/1498/876 2753/1567/2283 2752/1565/2282
f 987/1498/876 163/292/155 1161/1572/1028 2753/1567/2283
f 2753/1567/2283 1161/1572/1028 1162/1408/1029 2756/1568/2286
f 2756/1568/2286 1162/1408/1029 1163/295/1030 2759/1571/2289
f 2759/1571/2289 1163/295/1030 164/479/156 1041/1573/926
f 2758/1569/2288 2759/1571/2289 1041/1573/926 1042/1574/927
f 2757/1570/2287 2758/1569/2288 1042/1574/927 1043/1575/928
f 1004/1407/893 2757/1570/2287 1043/1575/928 133/1313/125
f 1003/1408/892 2754/1566/2284 2757/1570/2287 1004/1407/893
f 1002/1406/891 2751/1564/2281 2754/1566/2284 1003/1408/892
f 2760/1576/2290 2761/1577/2291 2764/1578/2294 2763/1579/2293
f 2761/1577/2291 2762/1580/2292 2765/1581/2295 2764/1578/2294
f 2763/1579/2293 2764/1578/2294 2767/1582/2297 2766/1583/2296
f 2764/1578/2294 2765/1581/2295 2768/1584/2298 2767/1582/2297
f 134/1368/126 1436/1585/1248 2760/1576/2290 1079/1553/959
f 1436/1585/1248 1435/1586/1247 2761/1577/2291 2760/1576/2290
f 1435/1586/1247 1434/1587/1246 2762/1580/2292 2761/1577/2291
f 1434/1587/1246 202/585/194 1421/1588/1233 2762/1580/2292
f 2762/1580/2292 1421/1588/1233 1420/1589/1232 2765/1581/2295
f 2765/1581/2295 1420/1589/1232 1419/496/1231 2768/1584/2298
f 2768/1584/2298 1419/496/1231 208/425/200 1433/1590/1245
f 2767/1582/2297 2768/1584/2298 1433/1590/1245 1432/1591/1244
f 2766/1583/2296 2767/1582/2297 1432/1591/1244 1431/495/1243
f 1077/1592/957 2766/1583/2296 1431/495/1243 148/425/140
f 1078/1593/958 2763/1579/2293 2766/1583/2296 1077/1592/957
f 1079/1553/959 2760/1576/2290 2763/1579/2293 1078/1593/958
f 2769/501/2299 2770/504/2300 2773/503/2303 2772/502/2302
f 2770/504/2300 2771/1285/2301 2774/1594/2304 2773/503/2303
f 2772/502/2302 2773/503/2303 2776/993/2306 2775/505/2305
f 2773/503/2303 2774/1594/2304 2777/1595/2307 2776/993/2306
f 141/312/133 1016/1483/905 2769/501/2299 1035/510/920
f 1016/1483/905 1015/1265/904 2770/504/2300 2769/501/2299
f 1015/1265/904 1014/1482/903 2771/1285/2301 2770/504/2300
f 1014/1482/903 158/316/150 1119/515/991 2771/1285/2301
f 2771/1285/2301 1119/515/991 1120/515/992 2774/1594/2304
f 2774/1594/2304 1120/515/992 1121/516/993 2777/1595/2307
f 2777/1595/2307 1121/516/993 157/515/149 1050/514/935
f 2776/993/2306 2777/1595/2307 1050/514/935 1051/1596/936
f 2775/505/2305 2776/993/2306 1051/1596/936 1052/1597/937
f 1037/913/922 2775/505/2305 1052/1597/937 139/448/131
f 1036/511/921 2772/502/2302 2775/505/2305 1037/913/922
f 1035/510/920 2769/501/2299 2772/502/2302 1036/511/921
f 2778/517/2308 2779/520/2309 2782/1598/2312 2781/1599/2311
f 2779/520/2309 2780/1600/2310 2783/1601/2313 2782/1598/2312
f 2781/1599/2311 2782/1598/2312 2785/1602/2315 2784/521/2314
f 2782/1598/2312 2783/1601/2313 2786/1263/2316 2785/1602/2315
f 187/312/179 1350/313/1172 2778/517/2308 1301/1603/1127
f 1350/313/1172 1351/533/1173 2779/520/2309 2778/517/2308
f 1351/533/1173 1352/532/1174 2780/1600/2310 2779/520/2309
f 1352/532/1174 190/515/182 1310/1604/1136 2780/1600/2310
f 2780/1600/2310 1310/1604/1136 1309/515/1135 2783/1601/2313
f 2783/1601/2313 1309/515/1135 1308/530/1134 2786/1263/2316
f 2786/1263/2316 1308/530/1134 154/316/146 1076/315/956
f 2785/1602/2315 2786/1263/2316 1076/315/956 1075/533/955
f 2784/521/2314 2785/1602/2315 1075/533/955 1074/313/954
f 1299/529/1125 2784/521/2314 1074/313/954 137/312/129
f 1300/528/1126 2781/1599/2311 2784/521/2314 1299/529/1125
f 1301/1603/1127 2778/517/2308 2781/1599/2311 1300/528/1126
f 2787/560/1594 2788/1605/1594 2791/536/1594 2790/535/1594
f 2788/1605/1594 2789/1606/1594 2792/536/1594 2791/536/1594
f 2790/535/1594 2791/536/1594 2794/542/1594 2793/542/1594
f 2791/536/1594 2792/536/1594 2795/1607/1594 2794/542/1594
f 172/1608/164 1220/1609/1081 2787/560/1594 1271/1610/558
f 1220/1609/1081 1219/550/1081 2788/1605/1594 2787/560/1594
f 1219/550/1081 1218/549/1081 2789/1606/1594 2788/1605/1594
f 1218/549/1081 146/550/138 1058/1610/386 2789/1606/1594
f 2789/1606/1594 1058/1610/386 1057/536/387 2792/536/1594
f 2792/536/1594 1057/536/387 1056/1611/388 2795/1607/1594
f 2795/1607/1594 1056/1611/388 145/547/137 1061/548/941
f 2794/542/1594 2795/1607/1594 1061/548/941 1060/854/941
f 2793/542/1594 2794/542/1594 1060/854/941 1059/548/941
f 1269/1611/560 2793/542/1594 1059/548/941 171/547/163
f 1270/536/559 2790/535/1594 2793/542/1594 1269/1611/560
f 1271/1610/558 2787/560/1594 2790/535/1594 1270/536/559
f 2796/551/2317 2797/553/2318 2800/999/2320 2799/536/1596
f 2797/553/2318 2798/1612/2319 2801/556/2321 2800/999/2320
f 2799/536/1596 2800/999/2320 2803/555/2323 2802/554/2322
f 2800/999/2320 2801/556/2321 2804/888/2324 2803/555/2323
f 146/559/138 1071/717/951 2796/551/2317 1058/1613/386
f 1071/717/951 1072/1614/952 2797/553/2318 2796/551/2317
f 1072/1614/952 1073/1242/953 2798/1612/2319 2797/553/2318
f 1073/1242/953 148/425/140 1067/570/947 2798/1612/2319
f 2798/1612/2319 1067/570/947 1066/556/946 2801/556/2321
f 2801/556/2321 1066/556/946 1065/568/945 2804/888/2324
f 2804/888/2324 1065/568/945 147/567/139 1068/1615/948
f 2803/555/2323 2804/888/2324 1068/1615/948 1069/606/949
f 2802/554/2322 2803/555/2323 1069/606/949 1070/989/950
f 1056/1616/388 2802/554/2322 1070/989/950 145/563/137
f 1057/569/387 2799/536/1596 2802/554/2322 1056/1616/388
f 1058/1613/386 2796/551/2317 2799/536/1596 1057/569/387
f 2805/573/2325 2806/1617/2326 2809/1618/2329 2808/574/2328
f 2806/1617/2326 2807/1619/2327 2810/579/2330 2809/1618/2329
f 2808/574/2328 2809/1618/2329 2812/1620/2332 2811/577/2331
f 2809/1618/2329 2810/579/2330 2813/581/2333 2812/1620/2332
f 126/1432/118 969/490/858 2805/573/2325 947/278/836
f 969/490/858 970/586/859 2806/1617/2326 2805/573/2325
f 970/586/859 971/499/860 2807/1619/2327 2806/1617/2326
f 971/499/860 144/425/136 1055/570/940 2807/1619/2327
f 2807/1619/2327 1055/570/940 1054/556/939 2810/579/2330
f 2810/579/2330 1054/556/939 1053/568/938 2813/581/2333
f 2813/581/2333 1053/568/938 143/567/135 1082/1621/962
f 2812/1620/2332 2813/581/2333 1082/1621/962 1081/583/961
f 2811/577/2331 2812/1620/2332 1081/583/961 1080/1622/960
f 945/276/834 2811/577/2331 1080/1622/960 125/1318/117
f 946/277/835 2808/574/2328 2811/577/2331 945/276/834
f 947/278/836 2805/573/2325 2808/574/2328 946/277/835
f 2814/1623/2334 2815/1624/2335 2818/1625/2338 2817/1626/2337
f 2815/1624/2335 2816/1627/2336 2819/1628/2339 2818/1625/2338
f 2817/1626/2337 2818/1625/2338 2821/1629/2341 2820/1630/2340
f 2818/1625/2338 2819/1628/2339 2822/1631/2342 2821/1629/2341
f 147/567/139 1430/803/1242 2814/1623/2334 1083/1632/963
f 1430/803/1242 1429/606/1241 2815/1624/2335 2814/1623/2334
f 1429/606/1241 1428/804/1240 2816/1627/2336 2815/1624/2335
f 1428/804/1240 207/563/199 1422/1633/1234 2816/1627/2336
f 2816/1627/2336 1422/1633/1234 1423/604/1235 2819/1628/2339
f 2819/1628/2339 1423/604/1235 1424/1634/1236 2822/1631/2342
f 2822/1631/2342 1424/1634/1236 201/563/193 1427/1635/1239
f 2821/1629/2341 2822/1631/2342 1427/1635/1239 1426/1636/1238
f 2820/1630/2340 2821/1629/2341 1426/1636/1238 1425/1637/1237
f 1085/1638/965 2820/1630/2340 1425/1637/1237 133/1313/125
f 1084/1639/964 2817/1626/2337 2820/1630/2340 1085/1638/965
f 1083/1632/963 2814/1623/2334 2817/1626/2337 1084/1639/964
f 2823/607/2343 2824/1640/2344 2827/1641/2347 2826/1642/2346
f 2824/1640/2344 2825/614/2345 2828/1643/2348 2827/1641/2347
f 2826/1642/2346 2827/1641/2347 2830/612/2350 2829/611/2349
f 2827/1641/2347 2828/1643/2348 2831/615/2351 2830/612/2350
f 140/218/132 1007/1644/896 2823/607/2343 1032/460/917
f 1007/1644/896 1006/1645/895 2824/1640/2344 2823/607/2343
f 1006/1645/895 1005/619/894 2825/614/2345 2824/1640/2344
f 1005/619/894 165/225/157 1173/1646/1040 2825/614/2345
f 2825/614/2345 1173/1646/1040 1174/225/1041 2828/1643/2348
f 2828/1643/2348 1174/225/1041 1175/224/1042 2831/615/2351
f 2831/615/2351 1175/224/1042 167/341/159 1010/340/899
f 2830/612/2350 2831/615/2351 1010/340/899 1009/1496/898
f 2829/611/2349 2830/612/2350 1009/1496/898 1008/334/897
f 1034/1647/919 2829/611/2349 1008/334/897 142/332/134
f 1033/618/918 2826/1642/2346 2829/611/2349 1034/1647/919
f 1032/460/917 2823/607/2343 2826/1642/2346 1033/618/918
f 2832/1648/2352 2833/1649/2353 2836/1650/2356 2835/1651/2355
f 2833/1649/2353 2834/1652/2354 2837/1653/2357 2836/1650/2356
f 2835/1651/2355 2836/1650/2356 2839/1654/2359 2838/1655/2358
f 2836/1650/2356 2837/1653/2357 2840/1656/2360 2839/1654/2359
f 133/1313/125 1043/1575/928 2832/1648/2352 1085/1657/965
f 1043/1575/928 1042/1574/927 2833/1649/2353 2832/1648/2352
f 1042/1574/927 1041/1573/926 2834/1652/2354 2833/1649/2353
f 1041/1573/926 164/479/156 1196/639/1061 2834/1652/2354
f 2834/1652/2354 1196/639/1061 1195/638/1060 2837/1653/2357
f 2837/1653/2357 1195/638/1060 1194/637/1059 2840/1656/2360
f 2840/1656/2360 1194/637/1059 170/636/162 1088/1658/968
f 2839/1654/2359 2840/1656/2360 1088/1658/968 1087/634/967
f 2838/1655/2358 2839/1654/2359 1087/634/967 1086/1659/966
f 1083/1660/963 2838/1655/2358 1086/1659/966 147/567/139
f 1084/1661/964 2835/1651/2355 2838/1655/2358 1083/1660/963
f 1085/1657/965 2832/1648/2352 2835/1651/2355 1084/1661/964
f 2841/642/2361 2842/431/2362 2845/431/2365 2844/641/2364
f 2842/431/2362 2843/645/2363 2846/882/2366 2845/431/2365
f 2844/641/2364 2845/431/2365 2848/881/2368 2847/642/2367
f 2845/431/2365 2846/882/2366 2849/432/2369 2848/881/2368
f 155/361/147 1139/641/1011 2841/642/2361 1112/647/987
f 1139/641/1011 1138/431/1010 2842/431/2362 2841/642/2361
f 1138/431/1010 1137/651/1009 2843/645/2363 2842/431/2362
f 1137/651/1009 160/434/152 1133/650/1005 2843/645/2363
f 2843/645/2363 1133/650/1005 1132/648/1004 2846/882/2366
f 2846/882/2366 1132/648/1004 1131/877/1003 2849/432/2369
f 2849/432/2369 1131/877/1003 159/648/151 1134/644/1006
f 2848/881/2368 2849/432/2369 1134/644/1006 1135/431/1007
f 2847/642/2367 2848/881/2368 1135/431/1007 1136/641/1008
f 1110/647/985 2847/642/2367 1136/641/1008 152/361/144
f 1111/361/986 2844/641/2364 2847/642/2367 1110/647/985
f 1112/647/987 2841/642/2361 2844/641/2364 1111/361/986
f 2850/654/544 2851/1662/544 2854/1513/544 2853/653/544
f 2851/1662/544 2852/654/544 2855/656/544 2854/1513/544
f 2853/653/544 2854/1513/544 2857/695/544 2856/1663/544
f 2854/1513/544 2855/656/544 2858/658/544 2857/695/544
f 173/1664/165 1101/321/165 2850/654/544 1268/1665/544
f 1101/321/165 1102/663/165 2851/1662/544 2850/654/544
f 1102/663/165 1103/1666/165 2852/654/544 2851/1662/544
f 1103/1666/165 153/1664/145 1097/1665/975 2852/654/544
f 2852/654/544 1097/1665/975 1096/656/975 2855/656/544
f 2855/656/544 1096/656/975 1095/655/975 2858/658/544
f 2858/658/544 1095/655/975 152/884/144 1224/661/166
f 2857/695/544 2858/658/544 1224/661/166 1225/647/166
f 2856/1663/544 2857/695/544 1225/647/166 1226/361/166
f 1266/655/544 2856/1663/544 1226/361/166 174/884/166
f 1267/656/544 2853/653/544 2856/1663/544 1266/655/544
f 1268/1665/544 2850/654/544 2853/653/544 1267/656/544
f 2859/654/2370 2860/1662/2371 2863/1513/2371 2862/653/2370
f 2860/1662/2371 2861/654/2372 2864/656/2372 2863/1513/2371
f 2862/653/2370 2863/1513/2371 2866/695/2371 2865/1663/2370
f 2863/1513/2371 2864/656/2372 2867/658/2372 2866/695/2371
f 153/1664/145 1115/321/990 2859/654/2370 1097/1665/975
f 1115/321/990 1114/663/989 2860/1662/2371 2859/654/2370
f 1114/663/989 1113/1666/988 2861/654/2372 2860/1662/2371
f 1113/1666/988 156/1664/148 1109/1665/984 2861/654/2372
f 2861/654/2372 1109/1665/984 1108/656/983 2864/656/2372
f 2864/656/2372 1108/656/983 1107/655/982 2867/658/2372
f 2867/658/2372 1107/655/982 155/884/147 1112/661/987
f 2866/695/2371 2867/658/2372 1112/661/987 1111/647/986
f 2865/1663/2370 2866/695/2371 1111/647/986 1110/361/985
f 1095/655/975 2865/1663/2370 1110/361/985 152/884/144
f 1096/656/975 2862/653/2370 2865/1663/2370 1095/655/975
f 1097/1665/975 2859/654/2370 2862/653/2370 1096/656/975
f 2868/642/2373 2869/881/2374 2872/431/2377 2871/430/2376
f 2869/881/2374 2870/645/2375 2873/645/2378 2872/431/2377
f 2871/430/2376 2872/431/2377 2875/431/2380 2874/642/2379
f 2872/431/2377 2873/645/2378 2876/645/2381 2875/431/2380
f 183/361/175 1347/430/1169 2868/642/2373 1104/647/979
f 1347/430/1169 1348/431/1170 2869/881/2374 2868/642/2373
f 1348/431/1170 1349/644/1171 2870/645/2375 2869/881/2374
f 1349/644/1171 184/1667/176 1128/1668/1000 2870/645/2375
f 2870/645/2375 1128/1668/1000 1129/648/1001 2873/645/2378
f 2873/645/2378 1129/648/1001 1130/666/1002 2876/645/2381
f 2876/645/2381 1130/666/1002 151/1669/143 1094/651/974
f 2875/431/2380 2876/645/2381 1094/651/974 1093/431/973
f 2874/642/2379 2875/431/2380 1093/431/973 1092/430/972
f 1106/647/981 2874/642/2379 1092/430/972 149/361/141
f 1105/361/980 2871/430/2376 2874/642/2379 1106/647/981
f 1104/647/979 2868/642/2373 2871/430/2376 1105/361/980
f 2877/671/2382 2878/1670/2383 2881/318/2386 2880/319/2385
f 2878/1670/2383 2879/1671/2384 2882/672/2387 2881/318/2386
f 2880/319/2385 2881/318/2386 2884/318/2389 2883/676/2388
f 2881/318/2386 2882/672/2387 2885/672/2390 2884/318/2389
f 153/321/145 1127/319/999 2877/671/2382 1115/674/990
f 1127/319/999 1126/397/998 2878/1670/2383 2877/671/2382
f 1126/397/998 1125/675/997 2879/1671/2384 2878/1670/2383
f 1125/675/997 157/515/149 1121/516/993 2879/1671/2384
f 2879/1671/2384 1121/516/993 1120/515/992 2882/672/2387
f 2882/672/2387 1120/515/992 1119/530/991 2885/672/2390
f 2885/672/2390 1119/530/991 158/316/150 1122/317/994
f 2884/318/2389 2885/672/2390 1122/317/994 1123/318/995
f 2883/676/2388 2884/318/2389 1123/318/995 1124/319/996
f 1113/1672/988 2883/676/2388 1124/319/996 156/321/148
f 1114/321/989 2880/319/2385 2883/676/2388 1113/1672/988
f 1115/674/990 2877/671/2382 2880/319/2385 1114/321/989
f 2886/676/1101 2887/1673/1102 2890/678/1102 2889/677/1101
f 2887/1673/1102 2888/398/1103 2891/682/1103 2890/678/1102
f 2889/677/1101 2890/678/1102 2893/681/1102 2892/1674/1101
f 2890/678/1102 2891/682/1103 2894/684/1103 2893/681/1102
f 173/321/165 1260/680/1101 2886/676/1101 1101/659/165
f 1260/680/1101 1261/670/1102 2887/1673/1102 2886/676/1101
f 1261/670/1102 1262/317/1103 2888/398/1103 2887/1673/1102
f 1262/317/1103 175/515/167 1116/1675/167 2888/398/1103
f 2888/398/1103 1116/1675/167 1117/516/167 2891/682/1103
f 2891/682/1103 1117/516/167 1118/515/167 2894/684/1103
f 2894/684/1103 1118/515/167 157/515/149 1125/317/997
f 2893/681/1102 2894/684/1103 1125/317/997 1126/670/998
f 2892/1674/1101 2893/681/1102 1126/670/998 1127/680/999
f 1103/321/165 2892/1674/1101 1127/680/999 153/321/145
f 1102/674/165 2889/677/1101 2892/1674/1101 1103/321/165
f 1101/659/165 2886/676/1101 2889/677/1101 1102/674/165
f 2895/1676/2391 2896/689/2392 2899/1677/2395 2898/1678/2394
f 2896/689/2392 2897/1679/2393 2900/1680/2396 2899/1677/2395
f 2898/1678/2394 2899/1677/2395 2902/1681/2398 2901/1682/2397
f 2899/1677/2395 2900/1680/2396 2903/1683/2399 2902/1681/2398
f 127/247/119 981/309/870 2895/1676/2391 950/1431/839
f 981/309/870 982/322/871 2896/689/2392 2895/1676/2391
f 982/322/871 983/1532/872 2897/1679/2393 2896/689/2392
f 983/1532/872 150/321/142 1091/1684/971 2897/1679/2393
f 2897/1679/2393 1091/1684/971 1090/1513/970 2900/1680/2396
f 2900/1680/2396 1090/1513/970 1089/359/969 2903/1683/2399
f 2903/1683/2399 1089/359/969 149/646/141 1142/360/1014
f 2902/1681/2398 2903/1683/2399 1142/360/1014 1141/1685/1013
f 2901/1682/2397 2902/1681/2398 1141/1685/1013 1140/1686/1012
f 948/243/837 2901/1682/2397 1140/1686/1012 126/1432/118
f 949/244/838 2898/1678/2394 2901/1682/2397 948/243/837
f 950/1431/839 2895/1676/2391 2898/1678/2394 949/244/838
f 2904/1687/2400 2905/1688/2401 2908/698/2404 2907/1689/2403
f 2905/1688/2401 2906/703/2402 2909/702/2405 2908/698/2404
f 2907/1689/2403 2908/698/2404 2911/701/2407 2910/1690/2406
f 2908/698/2404 2909/702/2405 2912/704/2408 2911/701/2407
f 126/1432/118 1140/1686/1012 2904/1687/2400 969/490/858
f 1140/1686/1012 1141/1685/1013 2905/1688/2401 2904/1687/2400
f 1141/1685/1013 1142/360/1014 2906/703/2402 2905/1688/2401
f 1142/360/1014 149/646/141 1092/641/972 2906/703/2402
f 2906/703/2402 1092/641/972 1093/431/973 2909/702/2405
f 2909/702/2405 1093/431/973 1094/651/974 2912/704/2408
f 2912/704/2408 1094/651/974 151/1669/143 1145/878/1017
f 2911/701/2407 2912/704/2408 1145/878/1017 1144/706/1016
f 2910/1690/2406 2911/701/2407 1144/706/1016 1143/874/1015
f 971/1691/860 2910/1690/2406 1143/874/1015 144/425/136
f 970/586/859 2907/1689/2403 2910/1690/2406 971/1691/860
f 969/490/858 2904/1687/2400 2907/1689/2403 970/586/859
f 2913/1692/2409 2914/711/2410 2917/1693/2413 2916/1279/2412
f 2914/711/2410 2915/1694/2411 2918/714/2414 2917/1693/2413
f 2916/1279/2412 2917/1693/2413 2920/1695/2416 2919/1696/2415
f 2917/1693/2413 2918/714/2414 2921/716/2417 2920/1695/2416
f 146/559/138 1148/1268/1020 2913/1692/2409 1071/890/951
f 1148/1268/1020 1147/724/1019 2914/711/2410 2913/1692/2409
f 1147/724/1019 1146/1697/1018 2915/1694/2411 2914/711/2410
f 1146/1697/1018 159/648/151 1131/877/1003 2915/1694/2411
f 2915/1694/2411 1131/877/1003 1132/650/1004 2918/714/2414
f 2918/714/2414 1132/650/1004 1133/666/1005 2921/716/2417
f 2921/716/2417 1133/666/1005 160/434/152 990/878/879
f 2920/1695/2416 2921/716/2417 990/878/879 991/1552/880
f 2919/1696/2415 2920/1695/2416 991/1552/880 992/874/881
f 1073/1226/953 2919/1696/2415 992/874/881 148/425/140
f 1072/572/952 2916/1279/2412 2919/1696/2415 1073/1226/953
f 1071/890/951 2913/1692/2409 2916/1279/2412 1072/572/952
f 2922/1698/2418 2923/724/2419 2926/723/2419 2925/1699/2418
f 2923/724/2419 2924/1270/2420 2927/1697/2420 2926/723/2419
f 2925/1699/2418 2926/723/2419 2929/726/2419 2928/1700/2418
f 2926/723/2419 2927/1697/2420 2930/1701/2420 2929/726/2419
f 172/543/164 1257/725/1098 2922/1698/2418 1220/1702/1081
f 1257/725/1098 1258/723/1099 2923/724/2419 2922/1698/2418
f 1258/723/1099 1259/1701/1100 2924/1270/2420 2923/724/2419
f 1259/1701/1100 176/648/168 1232/733/168 2924/1270/2420
f 2924/1270/2420 1232/733/168 1231/649/168 2927/1697/2420
f 2927/1697/2420 1231/649/168 1230/665/168 2930/1701/2420
f 2930/1701/2420 1230/665/168 159/648/151 1146/1701/1018
f 2929/726/2419 2930/1701/2420 1146/1701/1018 1147/723/1019
f 2928/1700/2418 2929/726/2419 1147/723/1019 1148/1700/1020
f 1218/549/1081 2928/1700/2418 1148/1700/1020 146/543/138
f 1219/1703/1081 2925/1699/2418 2928/1700/2418 1218/549/1081
f 1220/1702/1081 2922/1698/2418 2925/1699/2418 1219/1703/1081
f 2931/1704/2421 2932/1705/2422 2935/737/2425 2934/736/2424
f 2932/1705/2422 2933/1706/2423 2936/861/2426 2935/737/2425
f 2934/736/2424 2935/737/2425 2938/821/2428 2937/739/2427
f 2935/737/2425 2936/861/2426 2939/740/2429 2938/821/2428
f 185/292/177 1344/736/1166 2931/1704/2421 1155/742/1025
f 1344/736/1166 1345/338/1167 2932/1705/2422 2931/1704/2421
f 1345/338/1167 1346/1707/1168 2933/1706/2423 2932/1705/2422
f 1346/1707/1168 186/225/178 1170/1646/1037 2933/1706/2423
f 2933/1706/2423 1170/1646/1037 1171/225/1038 2936/861/2426
f 2936/861/2426 1171/225/1038 1172/224/1039 2939/740/2429
f 2939/740/2429 1172/224/1039 166/1646/158 1176/740/1043
f 2938/821/2428 2939/740/2429 1176/740/1043 1177/821/1044
f 2937/739/2427 2938/821/2428 1177/821/1044 1178/736/1045
f 1157/742/1027 2937/739/2427 1178/736/1045 131/292/123
f 1156/762/1026 2934/736/2424 2937/739/2427 1157/742/1027
f 1155/742/1025 2931/1704/2421 2934/736/2424 1156/762/1026
f 2940/746/2430 2941/749/2431 2944/1708/2431 2943/1566/2430
f 2941/749/2431 2942/1709/2432 2945/1566/2432 2944/1708/2431
f 2943/1566/2430 2944/1708/2431 2947/751/2431 2946/1710/2430
f 2944/1708/2431 2945/1566/2432 2948/754/2432 2947/751/2431
f 162/778/154 1169/778/1036 2940/746/2430 1154/1711/1024
f 1169/778/1036 1168/763/1035 2941/749/2431 2940/746/2430
f 1168/763/1035 1167/297/1034 2942/1709/2432 2941/749/2431
f 1167/297/1034 164/778/156 1163/1711/1030 2942/1709/2432
f 2942/1709/2432 1163/1711/1030 1162/1712/1029 2945/1566/2432
f 2945/1566/2432 1162/1712/1029 1161/1713/1028 2948/754/2432
f 2948/754/2432 1161/1713/1028 163/759/155 1166/864/1033
f 2947/751/2431 2948/754/2432 1166/864/1033 1165/761/1032
f 2946/1710/2430 2947/751/2431 1165/761/1032 1164/292/1031
f 1152/1713/1024 2946/1710/2430 1164/292/1031 161/759/153
f 1153/1712/1024 2943/1566/2430 2946/1710/2430 1152/1713/1024
f 1154/1711/1024 2940/746/2430 2943/1566/2430 1153/1712/1024
f 2949/746/557 2950/749/557 2953/1708/557 2952/1566/557
f 2950/749/557 2951/1709/557 2954/1566/557 2953/1708/557
f 2952/1566/557 2953/1708/557 2956/751/557 2955/1710/557
f 2953/1708/557 2954/1566/557 2957/754/557 2956/751/557
f 178/778/170 1158/778/170 2949/746/557 1253/1711/557
f 1158/778/170 1159/763/170 2950/749/557 2949/746/557
f 1159/763/170 1160/297/170 2951/1709/557 2950/749/557
f 1160/297/170 162/778/154 1154/1711/1024 2951/1709/557
f 2951/1709/557 1154/1711/1024 1153/1712/1024 2954/1566/557
f 2954/1566/557 1153/1712/1024 1152/1713/1024 2957/754/557
f 2957/754/557 1152/1713/1024 161/759/153 1233/864/169
f 2956/751/557 2957/754/557 1233/864/169 1234/761/169
f 2955/1710/557 2956/751/557 1234/761/169 1235/292/169
f 1251/1713/557 2955/1710/557 1235/292/169 177/759/169
f 1252/1712/557 2952/1566/557 2955/1710/557 1251/1713/557
f 1253/1711/557 2949/746/557 2952/1566/557 1252/1712/557
f 2958/739/2433 2959/737/2434 2962/764/2437 2961/736/2436
f 2959/737/2434 2960/740/2435 2963/745/2438 2962/764/2437
f 2961/736/2436 2962/764/2437 2965/1705/2440 2964/739/2439
f 2962/764/2437 2963/745/2438 2966/741/2441 2965/1705/2440
f 163/1714/155 1184/1715/1051 2958/739/2433 1166/742/1033
f 1184/1715/1051 1183/764/1050 2959/737/2434 2958/739/2433
f 1183/764/1050 1182/740/1049 2960/740/2435 2959/737/2434
f 1182/740/1049 167/341/159 1175/770/1042 2960/740/2435
f 2960/740/2435 1175/770/1042 1174/769/1041 2963/745/2438
f 2963/745/2438 1174/769/1041 1173/1646/1040 2966/741/2441
f 2966/741/2441 1173/1646/1040 165/225/157 1179/1707/1046
f 2965/1705/2440 2966/741/2441 1179/1707/1046 1180/338/1047
f 2964/739/2439 2965/1705/2440 1180/338/1047 1181/736/1048
f 1164/742/1031 2964/739/2439 1181/736/1048 161/292/153
f 1165/762/1032 2961/736/2436 2964/739/2439 1164/742/1031
f 1166/742/1033 2958/739/2433 2961/736/2436 1165/762/1032
f 2967/775/1092 2968/1716/1093 2971/773/1093 2970/982/1092
f 2968/1716/1093 2969/1717/1094 2972/637/1094 2971/773/1093
f 2970/982/1092 2971/773/1093 2974/773/1093 2973/779/1092
f 2971/773/1093 2972/637/1094 2975/776/1094 2974/773/1093
f 178/755/170 1248/1718/1092 2967/775/1092 1158/778/170
f 1248/1718/1092 1249/1719/1093 2968/1716/1093 2967/775/1092
f 1249/1719/1093 1250/1720/1094 2969/1717/1094 2968/1716/1093
f 1250/1720/1094 180/782/172 1185/1721/1052 2969/1717/1094
f 2969/1717/1094 1185/1721/1052 1186/808/1052 2972/637/1094
f 2972/637/1094 1186/808/1052 1187/636/1052 2975/776/1094
f 2975/776/1094 1187/636/1052 169/782/161 1199/1720/1064
f 2974/773/1093 2975/776/1094 1199/1720/1064 1198/1719/1063
f 2973/779/1092 2974/773/1093 1198/1719/1063 1197/1718/1062
f 1160/297/170 2973/779/1092 1197/1718/1062 162/755/154
f 1159/780/170 2970/982/1092 2973/779/1092 1160/297/170
f 1158/778/170 2967/775/1092 2970/982/1092 1159/780/170
f 2976/779/2442 2977/1722/2443 2980/638/2446 2979/1723/2445
f 2977/1722/2443 2978/984/2444 2981/787/2447 2980/638/2446
f 2979/1723/2445 2980/638/2446 2983/638/2449 2982/983/2448
f 2980/638/2446 2981/787/2447 2984/787/2450 2983/638/2449
f 162/297/154 1197/785/1062 2976/779/2442 1169/479/1036
f 1197/785/1062 1198/793/1063 2977/1722/2443 2976/779/2442
f 1198/793/1063 1199/984/1064 2978/984/2444 2977/1722/2443
f 1199/984/1064 169/792/161 1190/792/1055 2978/984/2444
f 2978/984/2444 1190/792/1055 1189/782/1054 2981/787/2447
f 2981/787/2447 1189/782/1054 1188/808/1053 2984/787/2450
f 2984/787/2450 1188/808/1053 170/636/162 1194/637/1059
f 2983/638/2449 2984/787/2450 1194/637/1059 1195/638/1060
f 2982/983/2448 2983/638/2449 1195/638/1060 1196/639/1061
f 1167/1724/1034 2982/983/2448 1196/639/1061 164/479/156
f 1168/297/1035 2979/1723/2445 2982/983/2448 1167/1724/1034
f 1169/479/1036 2976/779/2442 2979/1723/2445 1168/297/1035
f 2985/794/2451 2986/1725/2452 2989/796/2455 2988/795/2454
f 2986/1725/2452 2987/801/2453 2990/1726/2456 2989/796/2455
f 2988/795/2454 2989/796/2455 2992/1727/2458 2991/798/2457
f 2989/796/2455 2990/1726/2456 2993/802/2459 2992/1727/2458
f 147/567/139 1086/1659/966 2985/794/2451 1068/597/948
f 1086/1659/966 1087/634/967 2986/1725/2452 2985/794/2451
f 1087/634/967 1088/1658/968 2987/801/2453 2986/1725/2452
f 1088/1658/968 170/636/162 1188/808/1053 2987/801/2453
f 2987/801/2453 1188/808/1053 1189/789/1054 2990/1726/2456
f 2990/1726/2456 1189/789/1054 1190/1728/1055 2993/802/2459
f 2993/802/2459 1190/1728/1055 169/792/161 1205/1729/1070
f 2992/1727/2458 2993/802/2459 1205/1729/1070 1204/806/1069
f 2991/798/2457 2992/1727/2458 1204/806/1069 1203/1730/1068
f 1070/564/950 2991/798/2457 1203/1730/1068 145/563/137
f 1069/565/949 2988/795/2454 2991/798/2457 1070/564/950
f 1068/597/948 2985/794/2451 2988/795/2454 1069/565/949
f 2994/809/2460 2995/1731/2461 2998/1732/2464 2997/1733/2463
f 2995/1731/2461 2996/816/2462 2999/1734/2465 2998/1732/2464
f 2997/1733/2463 2998/1732/2464 3001/814/2467 3000/1735/2466
f 2998/1732/2464 2999/1734/2465 3002/1736/2468 3001/814/2467
f 128/1322/120 984/289/873 2994/809/2460 1040/818/925
f 984/289/873 985/290/874 2995/1731/2461 2994/809/2460
f 985/290/874 986/1467/875 2996/816/2462 2995/1731/2461
f 986/1467/875 131/864/123 1178/736/1045 2996/816/2462
f 2996/816/2462 1178/736/1045 1177/737/1044 2999/1734/2465
f 2999/1734/2465 1177/737/1044 1176/740/1043 3002/1736/2468
f 3002/1736/2468 1176/740/1043 166/1646/158 1200/340/1065
f 3001/814/2467 3002/1736/2468 1200/340/1065 1201/1496/1066
f 3000/1735/2466 3001/814/2467 1201/1496/1066 1202/334/1067
f 1038/414/923 3000/1735/2466 1202/334/1067 138/910/130
f 1039/1540/924 2997/1733/2463 3000/1735/2466 1038/414/923
f 1040/818/925 2994/809/2460 2997/1733/2463 1039/1540/924
f 3003/822/2469 3004/1737/2470 3007/1738/2473 3006/823/2472
f 3004/1737/2470 3005/829/2471 3008/1739/2474 3007/1738/2473
f 3006/823/2472 3007/1738/2473 3010/827/2476 3009/1740/2475
f 3007/1738/2473 3008/1739/2474 3011/1741/2477 3010/827/2476
f 188/567/180 1341/833/1163 3003/822/2469 1304/831/1130
f 1341/833/1163 1342/835/1164 3004/1737/2470 3003/822/2469
f 1342/835/1164 1343/1742/1165 3005/829/2471 3004/1737/2470
f 1343/1742/1165 192/792/184 1316/792/1142 3005/829/2471
f 3005/829/2471 1316/792/1142 1315/782/1141 3008/1739/2474
f 3008/1739/2474 1315/782/1141 1314/808/1140 3011/1741/2477
f 3011/1741/2477 1314/808/1140 168/636/160 1208/1658/1073
f 3010/827/2476 3011/1741/2477 1208/1658/1073 1207/1743/1072
f 3009/1740/2475 3010/827/2476 1207/1743/1072 1206/1659/1071
f 1302/964/1128 3009/1740/2475 1206/1659/1071 143/567/135
f 1303/963/1129 3006/823/2472 3009/1740/2475 1302/964/1128
f 1304/831/1130 3003/822/2469 3006/823/2472 1303/963/1129
f 3012/1744/2478 3013/1745/2479 3016/1746/2482 3015/1747/2481
f 3013/1745/2479 3014/1748/2480 3017/1749/2483 3016/1746/2482
f 3015/1747/2481 3016/1746/2482 3019/1750/2485 3018/1751/2484
f 3016/1746/2482 3017/1749/2483 3020/1752/2486 3019/1750/2485
f 143/567/135 1206/1659/1071 3012/1744/2478 1082/1753/962
f 1206/1659/1071 1207/1743/1072 3013/1745/2479 3012/1744/2478
f 1207/1743/1072 1208/1658/1073 3014/1748/2480 3013/1745/2479
f 1208/1658/1073 168/636/160 1193/776/1058 3014/1748/2480
f 3014/1748/2480 1193/776/1058 1192/638/1057 3017/1749/2483
f 3017/1749/2483 1192/638/1057 1191/1754/1056 3020/1752/2486
f 3020/1752/2486 1191/1754/1056 130/1464/122 978/1463/867
f 3019/1750/2485 3020/1752/2486 978/1463/867 979/1462/868
f 3018/1751/2484 3019/1750/2485 979/1462/868 980/288/869
f 1080/1755/960 3018/1751/2484 980/288/869 125/1318/117
f 1081/1756/961 3015/1747/2481 3018/1751/2484 1080/1755/960
f 1082/1753/962 3012/1744/2478 3015/1747/2481 1081/1756/961
f 3021/846/2487 3022/849/2488 3025/848/2488 3024/847/2487
f 3022/849/2488 3023/1757/2489 3026/1758/2489 3025/848/2488
f 3024/847/2487 3025/848/2488 3028/1759/2488 3027/1760/2487
f 3025/848/2488 3026/1758/2489 3029/852/2489 3028/1759/2488
f 145/545/137 1203/1760/1068 3021/846/2487 1061/546/941
f 1203/1760/1068 1204/1761/1069 3022/849/2488 3021/846/2487
f 1204/1761/1069 1205/855/1070 3023/1757/2489 3022/849/2488
f 1205/855/1070 169/782/161 1187/1721/1052 3023/1757/2489
f 3023/1757/2489 1187/1721/1052 1186/808/1052 3026/1758/2489
f 3026/1758/2489 1186/808/1052 1185/636/1052 3029/852/2489
f 3029/852/2489 1185/636/1052 180/782/172 1247/855/1091
f 3028/1759/2488 3029/852/2489 1247/855/1091 1246/1761/1090
f 3027/1760/2487 3028/1759/2488 1246/1761/1090 1245/1760/1089
f 1059/548/941 3027/1760/2487 1245/1760/1089 171/545/163
f 1060/547/941 3024/847/2487 3027/1760/2487 1059/548/941
f 1061/546/941 3021/846/2487 3024/847/2487 1060/547/941
f 3030/775/1092 3031/1716/1093 3034/773/1093 3033/982/1092
f 3031/1716/1093 3032/1717/1094 3035/637/1094 3034/773/1093
f 3033/982/1092 3034/773/1093 3037/773/1093 3036/779/1092
f 3034/773/1093 3035/637/1094 3038/776/1094 3037/773/1093
f 191/755/183 1338/1718/1160 3030/775/1092 1236/778/170
f 1338/1718/1160 1339/1719/1161 3031/1716/1093 3030/775/1092
f 1339/1719/1161 1340/1720/1162 3032/1717/1094 3031/1716/1093
f 1340/1720/1162 192/782/184 1242/1721/1086 3032/1717/1094
f 3032/1717/1094 1242/1721/1086 1243/808/1087 3035/637/1094
f 3035/637/1094 1243/808/1087 1244/636/1088 3038/776/1094
f 3038/776/1094 1244/636/1088 180/782/172 1250/1720/1094
f 3037/773/1093 3038/776/1094 1250/1720/1094 1249/1719/1093
f 3036/779/1092 3037/773/1093 1249/1719/1093 1248/1718/1092
f 1238/297/170 3036/779/1092 1248/1718/1092 178/755/170
f 1237/780/170 3033/982/1092 3036/779/1092 1238/297/170
f 1236/778/170 3030/775/1092 3033/982/1092 1237/780/170
f 3039/746/557 3040/749/557 3043/1708/557 3042/1566/557
f 3040/749/557 3041/1709/557 3044/1566/557 3043/1708/557
f 3042/1566/557 3043/1708/557 3046/751/557 3045/1710/557
f 3043/1708/557 3044/1566/557 3047/754/557 3046/751/557
f 191/778/183 1236/778/170 3039/746/557 1337/1711/1159
f 1236/778/170 1237/763/170 3040/749/557 3039/746/557
f 1237/763/170 1238/297/170 3041/1709/557 3040/749/557
f 1238/297/170 178/778/170 1253/1711/557 3041/1709/557
f 3041/1709/557 1253/1711/557 1252/1712/557 3044/1566/557
f 3044/1566/557 1252/1712/557 1251/1713/557 3047/754/557
f 3047/754/557 1251/1713/557 177/759/169 1293/864/169
f 3046/751/557 3047/754/557 1293/864/169 1294/761/169
f 3045/1710/557 3046/751/557 1294/761/169 1295/292/169
f 1335/1713/1159 3045/1710/557 1295/292/169 185/759/177
f 1336/1712/1159 3042/1566/557 3045/1710/557 1335/1713/1159
f 1337/1711/1159 3039/746/557 3042/1566/557 1336/1712/1159
f 3048/856/1095 3049/1762/1096 3052/858/1096 3051/1763/1095
f 3049/1762/1096 3050/339/1097 3053/861/1097 3052/858/1096
f 3051/1763/1095 3052/858/1096 3055/737/1096 3054/1764/1095
f 3052/858/1096 3053/861/1097 3056/862/1097 3055/737/1096
f 161/759/153 1181/1764/1048 3048/856/1095 1233/760/169
f 1181/1764/1048 1180/738/1047 3049/1762/1096 3048/856/1095
f 1180/738/1047 1179/861/1046 3050/339/1097 3049/1762/1096
f 1179/861/1046 165/224/157 1239/1417/171 3050/339/1097
f 3050/339/1097 1239/1417/171 1240/1418/171 3053/861/1097
f 3053/861/1097 1240/1418/171 1241/1327/1085 3056/862/1097
f 3056/862/1097 1241/1327/1085 179/224/171 1256/861/1097
f 3055/737/1096 3056/862/1097 1256/861/1097 1255/738/1096
f 3054/1764/1095 3055/737/1096 1255/738/1096 1254/1764/1095
f 1235/762/169 3054/1764/1095 1254/1764/1095 177/759/169
f 1234/761/169 3051/1763/1095 3054/1764/1095 1235/762/169
f 1233/760/169 3048/856/1095 3051/1763/1095 1234/761/169
f 3057/867/2490 3058/1765/2491 3061/869/2494 3060/1287/2493
f 3058/1765/2491 3059/1766/2492 3062/1767/2495 3061/869/2494
f 3060/1287/2493 3061/869/2494 3064/1768/2497 3063/708/2496
f 3061/869/2494 3062/1767/2495 3065/1694/2498 3064/1768/2497
f 182/585/174 1332/874/1156 3057/867/2490 1286/1226/1118
f 1332/874/1156 1333/706/1157 3058/1765/2491 3057/867/2490
f 1333/706/1157 1334/1769/1158 3059/1766/2492 3058/1765/2491
f 1334/1769/1158 184/1667/176 1292/1668/1121 3059/1766/2492
f 3059/1766/2492 1292/1668/1121 1291/1667/1120 3062/1767/2495
f 3062/1767/2495 1291/1667/1120 1290/1668/1119 3065/1694/2498
f 3065/1694/2498 1290/1668/1119 176/1667/168 1259/1697/1100
f 3064/1768/2497 3065/1694/2498 1259/1697/1100 1258/724/1099
f 3063/708/2496 3064/1768/2497 1258/724/1099 1257/1268/1098
f 1284/890/1116 3063/708/2496 1257/1268/1098 172/1608/164
f 1285/572/1117 3060/1287/2493 3063/708/2496 1284/890/1116
f 1286/1226/1118 3057/867/2490 3060/1287/2493 1285/572/1117
f 3066/676/1101 3067/1673/1102 3070/678/1102 3069/677/1101
f 3067/1673/1102 3068/398/1103 3071/682/1103 3070/678/1102
f 3069/677/1101 3070/678/1102 3073/681/1102 3072/1674/1101
f 3070/678/1102 3071/682/1103 3074/684/1103 3073/681/1102
f 189/321/181 1329/680/1153 3066/676/1101 1221/659/165
f 1329/680/1153 1330/670/1154 3067/1673/1102 3066/676/1101
f 1330/670/1154 1331/317/1155 3068/398/1103 3067/1673/1102
f 1331/317/1155 190/515/182 1227/1675/1082 3068/398/1103
f 3068/398/1103 1227/1675/1082 1228/516/1083 3071/682/1103
f 3071/682/1103 1228/516/1083 1229/515/1084 3074/684/1103
f 3074/684/1103 1229/515/1084 175/515/167 1262/317/1103
f 3073/681/1102 3074/684/1103 1262/317/1103 1261/670/1102
f 3072/1674/1101 3073/681/1102 1261/670/1102 1260/680/1101
f 1223/321/165 3072/1674/1101 1260/680/1101 173/321/165
f 1222/674/165 3069/677/1101 3072/1674/1101 1223/321/165
f 1221/659/165 3066/676/1101 3069/677/1101 1222/674/165
f 3075/640/1104 3076/668/1105 3079/880/1105 3078/640/1104
f 3076/668/1105 3077/432/1106 3080/644/1106 3079/880/1105
f 3078/640/1104 3079/880/1105 3082/643/1105 3081/1770/1104
f 3079/880/1105 3080/644/1106 3083/883/1106 3082/643/1105
f 152/646/144 1136/1771/1008 3075/640/1104 1224/661/166
f 1136/1771/1008 1135/643/1007 3076/668/1105 3075/640/1104
f 1135/643/1007 1134/1772/1006 3077/432/1106 3076/668/1105
f 1134/1772/1006 159/650/151 1230/733/168 3077/432/1106
f 3077/432/1106 1230/733/168 1231/877/168 3080/644/1106
f 3080/644/1106 1231/877/168 1232/650/168 3083/883/1106
f 3083/883/1106 1232/650/168 176/648/168 1265/1773/1106
f 3082/643/1105 3083/883/1106 1265/1773/1106 1264/881/1105
f 3081/1770/1104 3082/643/1105 1264/881/1105 1263/642/1104
f 1226/361/166 3081/1770/1104 1263/642/1104 174/646/166
f 1225/647/166 3078/640/1104 3081/1770/1104 1226/361/166
f 1224/661/166 3075/640/1104 3078/640/1104 1225/647/166
f 3084/654/544 3085/1662/544 3088/1513/544 3087/653/544
f 3085/1662/544 3086/654/544 3089/656/544 3088/1513/544
f 3087/653/544 3088/1513/544 3091/695/544 3090/1663/544
f 3088/1513/544 3089/656/544 3092/658/544 3091/695/544
f 189/1664/181 1221/321/165 3084/654/544 1328/1665/1152
f 1221/321/165 1222/663/165 3085/1662/544 3084/654/544
f 1222/663/165 1223/1666/165 3086/654/544 3085/1662/544
f 1223/1666/165 173/1664/165 1268/1665/544 3086/654/544
f 3086/654/544 1268/1665/544 1267/656/544 3089/656/544
f 3089/656/544 1267/656/544 1266/655/544 3092/658/544
f 3092/658/544 1266/655/544 174/884/166 1287/661/166
f 3091/695/544 3092/658/544 1287/661/166 1288/647/166
f 3090/1663/544 3091/695/544 1288/647/166 1289/361/166
f 1326/655/1152 3090/1663/544 1289/361/166 183/884/175
f 1327/656/1152 3087/653/544 3090/1663/544 1326/655/1152
f 1328/1665/1152 3084/654/544 3087/653/544 1327/656/1152
f 3093/557/2499 3094/1774/2500 3097/569/2503 3096/556/2502
f 3094/1774/2500 3095/551/2501 3098/536/1785 3097/569/2503
f 3096/556/2502 3097/569/2503 3100/555/2505 3099/1775/2504
f 3097/569/2503 3098/536/1785 3101/554/2506 3100/555/2505
f 182/585/174 1286/873/1118 3093/557/2499 1325/570/1151
f 1286/873/1118 1285/572/1117 3094/1774/2500 3093/557/2499
f 1285/572/1117 1284/717/1116 3095/551/2501 3094/1774/2500
f 1284/717/1116 172/559/164 1271/537/558 3095/551/2501
f 3095/551/2501 1271/537/558 1270/569/559 3098/536/1785
f 3098/536/1785 1270/569/559 1269/1616/560 3101/554/2506
f 3101/554/2506 1269/1616/560 171/563/163 1217/804/1080
f 3100/555/2505 3101/554/2506 1217/804/1080 1216/565/1079
f 3099/1775/2504 3100/555/2505 1216/565/1079 1215/1776/1078
f 1323/568/1149 3099/1775/2504 1215/1776/1078 188/567/180
f 1324/569/1150 3096/556/2502 3099/1775/2504 1323/568/1149
f 1325/570/1151 3093/557/2499 3096/556/2502 1324/569/1150
f 3102/1777/2507 3103/1778/2508 3106/893/2508 3105/1779/2507
f 3103/1778/2508 3104/1276/2509 3107/897/2509 3106/893/2508
f 3105/1779/2507 3106/893/2508 3109/896/2508 3108/895/2507
f 3106/893/2508 3107/897/2509 3110/1276/2509 3109/896/2508
f 139/448/131 1052/1780/937 3102/1777/2507 1025/449/910
f 1052/1780/937 1051/1781/936 3103/1778/2508 3102/1777/2507
f 1051/1781/936 1050/1782/935 3104/1276/2509 3103/1778/2508
f 1050/1782/935 157/515/149 1118/1675/167 3104/1276/2509
f 3104/1276/2509 1118/1675/167 1117/516/167 3107/897/2509
f 3107/897/2509 1117/516/167 1116/515/167 3110/1276/2509
f 3110/1276/2509 1116/515/167 175/515/167 1274/1782/1109
f 3109/896/2508 3110/1276/2509 1274/1782/1109 1273/1781/1108
f 3108/895/2507 3109/896/2508 1273/1781/1108 1272/1780/1107
f 1023/448/910 3108/895/2507 1272/1780/1107 132/448/124
f 1024/450/910 3105/1779/2507 3108/895/2507 1023/448/910
f 1025/449/910 3102/1777/2507 3105/1779/2507 1024/450/910
f 3111/457/2510 3112/904/2511 3115/453/2514 3114/453/2513
f 3112/904/2511 3113/908/2512 3116/446/1797 3115/453/2514
f 3114/453/2513 3115/453/2514 3118/1783/2516 3117/905/2515
f 3115/453/2514 3116/446/1797 3119/455/2517 3118/1783/2516
f 181/332/173 1283/922/1115 3111/457/2510 1322/413/1148
f 1283/922/1115 1282/466/1114 3112/904/2511 3111/457/2510
f 1282/466/1114 1281/915/1113 3113/908/2512 3112/904/2511
f 1281/915/1113 129/221/121 1277/1561/564 3113/908/2512
f 3113/908/2512 1277/1561/564 1276/412/565 3116/446/1797
f 3116/446/1797 1276/412/565 1275/1563/566 3119/455/2517
f 3119/455/2517 1275/1563/566 132/448/124 1211/913/1076
f 3118/1783/2516 3119/455/2517 1211/913/1076 1210/511/1075
f 3117/905/2515 3118/1783/2516 1210/511/1075 1209/510/1074
f 1320/411/1146 3117/905/2515 1209/510/1074 187/312/179
f 1321/412/1147 3114/453/2513 3117/905/2515 1320/411/1146
f 1322/413/1148 3111/457/2510 3114/453/2513 1321/412/1147
f 3120/611/2518 3121/1784/2519 3124/1785/2522 3123/917/2521
f 3121/1784/2519 3122/921/2520 3125/1786/2523 3124/1785/2522
f 3123/917/2521 3124/1785/2522 3127/1640/2525 3126/607/2524
f 3124/1785/2522 3125/1786/2523 3128/1787/2526 3127/1640/2525
f 181/332/173 1317/334/1143 3120/611/2518 1283/922/1115
f 1317/334/1143 1318/1788/1144 3121/1784/2519 3120/611/2518
f 1318/1788/1144 1319/923/1145 3122/921/2520 3121/1784/2519
f 1319/923/1145 186/225/178 1298/1646/1124 3122/921/2520
f 3122/921/2520 1298/1646/1124 1297/1789/1123 3125/1786/2523
f 3125/1786/2523 1297/1789/1123 1296/1646/1122 3128/1787/2526
f 3128/1787/2526 1296/1646/1122 179/225/171 1280/619/1112
f 3127/1640/2525 3128/1787/2526 1280/619/1112 1279/1645/1111
f 3126/607/2524 3127/1640/2525 1279/1645/1111 1278/1644/1110
f 1281/915/1113 3126/607/2524 1278/1644/1110 129/218/121
f 1282/916/1114 3123/917/2521 3126/607/2524 1281/915/1113
f 1283/922/1115 3120/611/2518 3123/917/2521 1282/916/1114
f 3129/929/2527 3130/1790/2528 3133/1791/2531 3132/926/2530
f 3130/1790/2528 3131/1792/2529 3134/1793/2532 3133/1791/2531
f 3132/926/2530 3133/1791/2531 3136/1794/2534 3135/929/2533
f 3133/1791/2531 3134/1793/2532 3137/933/2535 3136/1794/2534
f 138/910/130 1202/334/1067 3129/929/2527 1028/934/913
f 1202/334/1067 1201/1496/1066 3130/1790/2528 3129/929/2527
f 1201/1496/1066 1200/340/1065 3131/1792/2529 3130/1790/2528
f 1200/340/1065 166/1646/158 1172/770/1039 3131/1792/2529
f 3131/1792/2529 1172/770/1039 1171/769/1038 3134/1793/2532
f 3134/1793/2532 1171/769/1038 1170/1646/1037 3137/933/2535
f 3137/933/2535 1170/1646/1037 186/225/178 1319/923/1145
f 3136/1794/2534 3137/933/2535 1319/923/1145 1318/1788/1144
f 3135/929/2533 3136/1794/2534 1318/1788/1144 1317/334/1143
f 1026/1795/911 3135/929/2533 1317/334/1143 181/332/173
f 1027/1064/912 3132/926/2530 3135/929/2533 1026/1795/911
f 1028/934/913 3129/929/2527 3132/926/2530 1027/1064/912
f 3138/937/2536 3139/938/2537 3142/412/2540 3141/412/2539
f 3139/938/2537 3140/1796/2538 3143/412/2541 3142/412/2540
f 3141/412/2539 3142/412/2540 3145/940/2543 3144/939/2542
f 3142/412/2540 3143/412/2541 3146/942/2544 3145/940/2543
f 138/910/130 1394/943/1206 3138/937/2536 1019/413/908
f 1394/943/1206 1393/1797/1205 3139/938/2537 3138/937/2536
f 1393/1797/1205 1392/950/1204 3140/1796/2538 3139/938/2537
f 1392/950/1204 198/951/190 1379/1798/656 3140/1796/2538
f 3140/1796/2538 1379/1798/656 1378/442/657 3143/412/2541
f 3143/412/2541 1378/442/657 1377/1084/658 3146/942/2544
f 3146/942/2544 1377/1084/658 197/947/189 1391/1799/1203
f 3145/940/2543 3146/942/2544 1391/1799/1203 1390/945/1202
f 3144/939/2542 3145/940/2543 1390/945/1202 1389/944/1201
f 1017/411/906 3144/939/2542 1389/944/1201 137/312/129
f 1018/412/907 3141/412/2539 3144/939/2542 1017/411/906
f 1019/413/908 3138/937/2536 3141/412/2539 1018/412/907
f 3147/957/2545 3148/956/2546 3151/1800/2549 3150/954/2548
f 3148/956/2546 3149/959/2547 3152/1801/2550 3151/1800/2549
f 3150/954/2548 3151/1800/2549 3154/1802/2552 3153/1803/2551
f 3151/1800/2549 3152/1801/2550 3155/1804/2553 3154/1802/2552
f 143/567/135 1370/1805/1187 3147/957/2545 1302/961/1128
f 1370/1805/1187 1369/1806/1186 3148/956/2546 3147/957/2545
f 1369/1806/1186 1368/1807/1185 3149/959/2547 3148/956/2546
f 1368/1807/1185 193/972/185 1359/970/1178 3149/959/2547
f 3149/959/2547 1359/970/1178 1360/1808/1179 3152/1801/2550
f 3152/1801/2550 1360/1808/1179 1361/968/1180 3155/1804/2553
f 3155/1804/2553 1361/968/1180 196/967/188 1367/1809/1184
f 3154/1802/2552 3155/1804/2553 1367/1809/1184 1366/965/1183
f 3153/1803/2551 3154/1802/2552 1366/965/1183 1365/1810/1182
f 1304/1811/1130 3153/1803/2551 1365/1810/1182 188/567/180
f 1303/963/1129 3150/954/2548 3153/1803/2551 1304/1811/1130
f 1302/961/1128 3147/957/2545 3150/954/2548 1303/963/1129
f 3156/654/2554 3157/1662/2555 3160/1513/2555 3159/653/2554
f 3157/1662/2555 3158/654/2556 3161/656/2556 3160/1513/2555
f 3159/653/2554 3160/1513/2555 3163/695/2555 3162/1663/2554
f 3160/1513/2555 3161/656/2556 3164/658/2556 3163/695/2555
f 150/1664/142 1305/321/1131 3156/654/2554 1091/1665/971
f 1305/321/1131 1306/663/1132 3157/1662/2555 3156/654/2554
f 1306/663/1132 1307/1666/1133 3158/654/2556 3157/1662/2555
f 1307/1666/1133 189/1664/181 1328/1665/1152 3158/654/2556
f 3158/654/2556 1328/1665/1152 1327/656/1152 3161/656/2556
f 3161/656/2556 1327/656/1152 1326/655/1152 3164/658/2556
f 3164/658/2556 1326/655/1152 183/884/175 1104/661/979
f 3163/695/2555 3164/658/2556 1104/661/979 1105/647/980
f 3162/1663/2554 3163/695/2555 1105/647/980 1106/361/981
f 1089/655/969 3162/1663/2554 1106/361/981 149/884/141
f 1090/656/970 3159/653/2554 3162/1663/2554 1089/655/969
f 1091/1665/971 3156/654/2554 3159/653/2554 1090/656/970
f 3165/671/2557 3166/318/2558 3169/397/2561 3168/319/2560
f 3166/318/2558 3167/672/2559 3170/675/2562 3169/397/2561
f 3168/319/2560 3169/397/2561 3172/1670/2564 3171/676/2563
f 3169/397/2561 3170/675/2562 3173/673/2565 3172/1670/2564
f 150/1664/142 1098/1812/976 3165/671/2557 1305/674/1131
f 1098/1812/976 1099/397/977 3166/318/2558 3165/671/2557
f 1099/397/977 1100/317/978 3167/672/2559 3166/318/2558
f 1100/317/978 154/316/146 1308/316/1134 3167/672/2559
f 3167/672/2559 1308/316/1134 1309/515/1135 3170/675/2562
f 3170/675/2562 1309/515/1135 1310/1604/1136 3173/673/2565
f 3173/673/2565 1310/1604/1136 190/515/182 1331/675/1155
f 3172/1670/2564 3173/673/2565 1331/675/1155 1330/397/1154
f 3171/676/2563 3172/1670/2564 1330/397/1154 1329/319/1153
f 1307/1672/1133 3171/676/2563 1329/319/1153 189/321/181
f 1306/321/1132 3168/319/2560 3171/676/2563 1307/1672/1133
f 1305/674/1131 3165/671/2557 3168/319/2560 1306/321/1132
f 3174/1292/2566 3175/1813/2567 3178/976/2570 3177/975/2569
f 3175/1813/2567 3176/981/2568 3179/1814/2571 3178/976/2570
f 3177/975/2569 3178/976/2570 3181/1815/2573 3180/978/2572
f 3178/976/2570 3179/1814/2571 3182/1816/2574 3181/1815/2573
f 144/425/136 1143/874/1015 3174/1292/2566 1064/498/944
f 1143/874/1015 1144/706/1016 3175/1813/2567 3174/1292/2566
f 1144/706/1016 1145/878/1017 3176/981/2568 3175/1813/2567
f 1145/878/1017 151/1669/143 1130/648/1002 3176/981/2568
f 3176/981/2568 1130/648/1002 1129/1667/1001 3179/1814/2571
f 3179/1814/2571 1129/1667/1001 1128/1668/1000 3182/1816/2574
f 3182/1816/2574 1128/1668/1000 184/1667/176 1334/1769/1158
f 3181/1815/2573 3182/1816/2574 1334/1769/1158 1333/706/1157
f 3180/978/2572 3181/1815/2573 1333/706/1157 1332/874/1156
f 1062/496/942 3180/978/2572 1332/874/1156 182/585/174
f 1063/1817/943 3177/975/2569 3180/978/2572 1062/496/942
f 1064/498/944 3174/1292/2566 3177/975/2569 1063/1817/943
f 3183/746/2575 3184/749/2576 3187/1708/2576 3186/1566/2575
f 3184/749/2576 3185/1709/2577 3188/1566/2577 3187/1708/2576
f 3186/1566/2575 3187/1708/2576 3190/751/2576 3189/1710/2575
f 3187/1708/2576 3188/1566/2577 3191/754/2577 3190/751/2576
f 130/778/122 1311/778/1137 3183/746/2575 1151/1711/1023
f 1311/778/1137 1312/763/1138 3184/749/2576 3183/746/2575
f 1312/763/1138 1313/297/1139 3185/1709/2577 3184/749/2576
f 1313/297/1139 191/778/183 1337/1711/1159 3185/1709/2577
f 3185/1709/2577 1337/1711/1159 1336/1712/1159 3188/1566/2577
f 3188/1566/2577 1336/1712/1159 1335/1713/1159 3191/754/2577
f 3191/754/2577 1335/1713/1159 185/759/177 1155/864/1025
f 3190/751/2576 3191/754/2577 1155/864/1025 1156/761/1026
f 3189/1710/2575 3190/751/2576 1156/761/1026 1157/292/1027
f 1149/1713/1021 3189/1710/2575 1157/292/1027 131/759/123
f 1150/1712/1022 3186/1566/2575 3189/1710/2575 1149/1713/1021
f 1151/1711/1023 3183/746/2575 3186/1566/2575 1150/1712/1022
f 3192/779/2578 3193/638/2579 3196/638/2582 3195/1723/2581
f 3193/638/2579 3194/1818/2580 3197/1819/2583 3196/638/2582
f 3195/1723/2581 3196/638/2582 3199/793/2585 3198/983/2584
f 3196/638/2582 3197/1819/2583 3200/781/2586 3199/793/2585
f 130/297/122 1191/785/1056 3192/779/2578 1311/479/1137
f 1191/785/1056 1192/638/1057 3193/638/2579 3192/779/2578
f 1192/638/1057 1193/637/1058 3194/1818/2580 3193/638/2579
f 1193/637/1058 168/636/160 1314/808/1140 3194/1818/2580
f 3194/1818/2580 1314/808/1140 1315/789/1141 3197/1819/2583
f 3197/1819/2583 1315/789/1141 1316/1728/1142 3200/781/2586
f 3200/781/2586 1316/1728/1142 192/792/184 1340/984/1162
f 3199/793/2585 3200/781/2586 1340/984/1162 1339/793/1161
f 3198/983/2584 3199/793/2585 1339/793/1161 1338/785/1160
f 1313/1820/1139 3198/983/2584 1338/785/1160 191/297/183
f 1312/297/1138 3195/1723/2581 3198/983/2584 1313/1820/1139
f 1311/479/1137 3192/779/2578 3195/1723/2581 1312/297/1138
f 3201/985/2587 3202/1821/2588 3205/796/2591 3204/1822/2590
f 3202/1821/2588 3203/988/2589 3206/1726/2592 3205/796/2591
f 3204/1822/2590 3205/796/2591 3208/1823/2594 3207/1824/2593
f 3205/796/2591 3206/1726/2592 3209/1825/2595 3208/1823/2594
f 171/563/163 1245/1730/1089 3201/985/2587 1217/564/1080
f 1245/1730/1089 1246/806/1090 3202/1821/2588 3201/985/2587
f 1246/806/1090 1247/1729/1091 3203/988/2589 3202/1821/2588
f 1247/1729/1091 180/792/172 1244/792/1088 3203/988/2589
f 3203/988/2589 1244/792/1088 1243/792/1087 3206/1726/2592
f 3206/1726/2592 1243/792/1087 1242/1728/1086 3209/1825/2595
f 3209/1825/2595 1242/1728/1086 192/792/184 1343/1742/1165
f 3208/1823/2594 3209/1825/2595 1343/1742/1165 1342/835/1164
f 3207/1824/2593 3208/1823/2594 1342/835/1164 1341/833/1163
f 1215/566/1078 3207/1824/2593 1341/833/1163 188/567/180
f 1216/565/1079 3204/1822/2590 3207/1824/2593 1215/566/1078
f 1217/564/1080 3201/985/2587 3204/1822/2590 1216/565/1079
f 3210/856/1095 3211/1762/1096 3214/858/1096 3213/1763/1095
f 3211/1762/1096 3212/339/1097 3215/861/1097 3214/858/1096
f 3213/1763/1095 3214/858/1096 3217/737/1096 3216/1764/1095
f 3214/858/1096 3215/861/1097 3218/862/1097 3217/737/1096
f 177/759/169 1254/1764/1095 3210/856/1095 1293/760/169
f 1254/1764/1095 1255/738/1096 3211/1762/1096 3210/856/1095
f 1255/738/1096 1256/861/1097 3212/339/1097 3211/1762/1096
f 1256/861/1097 179/224/171 1296/1417/1122 3212/339/1097
f 3212/339/1097 1296/1417/1122 1297/1418/1123 3215/861/1097
f 3215/861/1097 1297/1418/1123 1298/1327/1124 3218/862/1097
f 3218/862/1097 1298/1327/1124 186/224/178 1346/861/1168
f 3217/737/1096 3218/862/1097 1346/861/1168 1345/738/1167
f 3216/1764/1095 3217/737/1096 1345/738/1167 1344/1764/1166
f 1295/762/169 3216/1764/1095 1344/1764/1166 185/759/177
f 1294/761/169 3213/1763/1095 3216/1764/1095 1295/762/169
f 1293/760/169 3210/856/1095 3213/1763/1095 1294/761/169
f 3219/640/1104 3220/668/1105 3223/880/1105 3222/879/1104
f 3220/668/1105 3221/432/1106 3224/644/1106 3223/880/1105
f 3222/879/1104 3223/880/1105 3226/643/1105 3225/1770/1104
f 3223/880/1105 3224/644/1106 3227/883/1106 3226/643/1105
f 174/646/166 1263/642/1104 3219/640/1104 1287/661/166
f 1263/642/1104 1264/881/1105 3220/668/1105 3219/640/1104
f 1264/881/1105 1265/1773/1106 3221/432/1106 3220/668/1105
f 1265/1773/1106 176/648/168 1290/991/1119 3221/432/1106
f 3221/432/1106 1290/991/1119 1291/877/1120 3224/644/1106
f 3224/644/1106 1291/877/1120 1292/650/1121 3227/883/1106
f 3227/883/1106 1292/650/1121 184/648/176 1349/1773/1171
f 3226/643/1105 3227/883/1106 1349/1773/1171 1348/881/1170
f 3225/1770/1104 3226/643/1105 1348/881/1170 1347/642/1169
f 1289/361/166 3225/1770/1104 1347/642/1169 183/646/175
f 1288/647/166 3222/879/1104 3225/1770/1104 1289/361/166
f 1287/661/166 3219/640/1104 3222/879/1104 1288/647/166
f 3228/1826/2596 3229/993/2597 3232/503/2600 3231/992/2599
f 3229/993/2597 3230/1595/2598 3233/1594/2601 3232/503/2600
f 3231/992/2599 3232/503/2600 3235/1827/2603 3234/501/2602
f 3232/503/2600 3233/1594/2601 3236/996/2604 3235/1827/2603
f 132/448/124 1272/1597/1107 3228/1826/2596 1211/913/1076
f 1272/1597/1107 1273/1596/1108 3229/993/2597 3228/1826/2596
f 1273/1596/1108 1274/514/1109 3230/1595/2598 3229/993/2597
f 1274/514/1109 175/515/167 1229/1604/1084 3230/1595/2598
f 3230/1595/2598 1229/1604/1084 1228/515/1083 3233/1594/2601
f 3233/1594/2601 1228/515/1083 1227/1604/1082 3236/996/2604
f 3236/996/2604 1227/1604/1082 190/515/182 1352/532/1174
f 3235/1827/2603 3236/996/2604 1352/532/1174 1351/533/1173
f 3234/501/2602 3235/1827/2603 1351/533/1173 1350/313/1172
f 1209/464/1074 3234/501/2602 1350/313/1172 187/312/179
f 1210/1828/1075 3231/992/2599 3234/501/2602 1209/464/1074
f 1211/913/1076 3228/1826/2596 3231/992/2599 1210/1828/1075
f 3237/1829/1888 3238/1000/1890 3241/999/1594 3240/536/1887
f 3238/1000/1890 3239/998/1893 3242/569/1892 3241/999/1594
f 3240/536/1887 3241/999/1594 3244/1830/1889 3243/1001/1886
f 3241/999/1594 3242/569/1892 3245/1831/1891 3244/1830/1889
f 194/1004/186 1358/1043/1177 3237/1829/1888 1355/1005/632
f 1358/1043/1177 1357/1832/1176 3238/1000/1890 3237/1829/1888
f 1357/1832/1176 1356/1010/1175 3239/998/1893 3238/1000/1890
f 1356/1010/1175 195/1004/187 1364/1005/1181 3239/998/1893
f 3239/998/1893 1364/1005/1181 1363/569/642 3242/569/1892
f 3242/569/1892 1363/569/642 1362/1009/643 3245/1831/1891
f 3245/1831/1891 1362/1009/643 196/967/188 1361/1215/1180
f 3244/1830/1889 3245/1831/1891 1361/1215/1180 1360/1833/1179
f 3243/1001/1886 3244/1830/1889 1360/1833/1179 1359/1834/1178
f 1353/1009/634 3243/1001/1886 1359/1834/1178 193/972/185
f 1354/536/633 3240/536/1887 3243/1001/1886 1353/1009/634
f 1355/1005/632 3237/1829/1888 3240/536/1887 1354/536/633
f 3246/1012/2605 3247/1835/2606 3250/535/2609 3249/556/2608
f 3247/1835/2606 3248/1017/2607 3251/535/1901 3250/535/2609
f 3249/556/2608 3250/535/2609 3253/1025/2611 3252/1836/2610
f 3250/535/2609 3251/535/1901 3254/1837/2612 3253/1025/2611
f 188/567/180 1365/1810/1182 3246/1012/2605 1323/1838/1149
f 1365/1810/1182 1366/965/1183 3247/1835/2606 3246/1012/2605
f 1366/965/1183 1367/1809/1184 3248/1017/2607 3247/1835/2606
f 1367/1809/1184 196/967/188 1362/1839/643 3248/1017/2607
f 3248/1017/2607 1362/1839/643 1363/569/642 3251/535/1901
f 3251/535/1901 1363/569/642 1364/1840/1181 3254/1837/2612
f 3254/1837/2612 1364/1840/1181 195/1004/187 1373/1841/1190
f 3253/1025/2611 3254/1837/2612 1373/1841/1190 1372/1842/1189
f 3252/1836/2610 3253/1025/2611 1372/1842/1189 1371/1020/1188
f 1325/570/1151 3252/1836/2610 1371/1020/1188 182/585/174
f 1324/569/1150 3249/556/2608 3252/1836/2610 1325/570/1151
f 1323/1838/1149 3246/1012/2605 3249/556/2608 1324/569/1150
f 3255/1015/2613 3256/1843/2614 3259/569/2617 3258/1844/2616
f 3256/1843/2614 3257/1028/2615 3260/569/1910 3259/569/2617
f 3258/1844/2616 3259/569/2617 3262/1845/2619 3261/1846/2618
f 3259/569/2617 3260/569/1910 3263/1847/2620 3262/1845/2619
f 144/425/136 1376/1020/1193 3255/1015/2613 1055/570/940
f 1376/1020/1193 1375/1848/1192 3256/1843/2614 3255/1015/2613
f 1375/1848/1192 1374/1031/1191 3257/1028/2615 3256/1843/2614
f 1374/1031/1191 194/1004/186 1355/1005/632 3257/1028/2615
f 3257/1028/2615 1355/1005/632 1354/536/633 3260/569/1910
f 3260/569/1910 1354/536/633 1353/1009/634 3263/1847/2620
f 3263/1847/2620 1353/1009/634 193/972/185 1368/1807/1185
f 3262/1845/2619 3263/1847/2620 1368/1807/1185 1369/1806/1186
f 3261/1846/2618 3262/1845/2619 1369/1806/1186 1370/1805/1187
f 1053/568/938 3261/1846/2618 1370/1805/1187 143/567/135
f 1054/556/939 3258/1844/2616 3261/1846/2618 1053/568/938
f 1055/570/940 3255/1015/2613 3258/1844/2616 1054/556/939
f 3264/1849/2621 3265/1036/2622 3268/1850/2625 3267/1851/2624
f 3265/1036/2622 3266/1852/2623 3269/1037/2626 3268/1850/2625
f 3267/1851/2624 3268/1850/2625 3271/1035/2628 3270/1853/2627
f 3268/1850/2625 3269/1037/2626 3272/1854/2629 3271/1035/2628
f 182/585/174 1371/1020/1188 3264/1849/2621 1062/1588/942
f 1371/1020/1188 1372/1842/1189 3265/1036/2622 3264/1849/2621
f 1372/1842/1189 1373/1841/1190 3266/1852/2623 3265/1036/2622
f 1373/1841/1190 195/1004/187 1356/1006/1175 3266/1852/2623
f 3266/1852/2623 1356/1006/1175 1357/1855/1176 3269/1037/2626
f 3269/1037/2626 1357/1855/1176 1358/1006/1177 3272/1854/2629
f 3272/1854/2629 1358/1006/1177 194/1004/186 1374/1031/1191
f 3271/1035/2628 3272/1854/2629 1374/1031/1191 1375/1848/1192
f 3270/1853/2627 3271/1035/2628 1375/1848/1192 1376/1020/1193
f 1064/496/944 3270/1853/2627 1376/1020/1193 144/425/136
f 1063/1040/943 3267/1851/2624 3270/1853/2627 1064/496/944
f 1062/1588/942 3264/1849/2621 3267/1851/2624 1063/1040/943
f 3273/1856/1923 3274/1857/1925 3277/412/1548 3276/412/1922
f 3274/1857/1925 3275/1858/1928 3278/412/1927 3277/412/1548
f 3276/412/1922 3277/412/1548 3280/1048/1924 3279/1859/1921
f 3277/412/1548 3278/412/1927 3281/1859/1926 3280/1048/1924
f 198/951/190 1382/1050/1196 3273/1856/1923 1379/1798/656
f 1382/1050/1196 1381/1860/1195 3274/1857/1925 3273/1856/1923
f 1381/1860/1195 1380/1861/1194 3275/1858/1928 3274/1857/1925
f 1380/1861/1194 199/951/191 1388/1798/1200 3275/1858/1928
f 3275/1858/1928 1388/1798/1200 1387/442/666 3278/412/1927
f 3278/412/1927 1387/442/666 1386/1084/667 3281/1859/1926
f 3281/1859/1926 1386/1084/667 200/1862/192 1385/1863/1199
f 3280/1048/1924 3281/1859/1926 1385/1863/1199 1384/1052/1198
f 3279/1859/1921 3280/1048/1924 1384/1052/1198 1383/1075/1197
f 1377/1084/658 3279/1859/1921 1383/1075/1197 197/947/189
f 1378/442/657 3276/412/1922 3279/1859/1921 1377/1084/658
f 1379/1798/656 3273/1856/1923 3276/412/1922 1378/442/657
f 3282/1055/2630 3283/1058/2631 3286/1864/2634 3285/1865/2633
f 3283/1058/2631 3284/1866/2632 3287/1867/2635 3286/1864/2634
f 3285/1865/2633 3286/1864/2634 3289/1868/2637 3288/1055/2636
f 3286/1864/2634 3287/1867/2635 3290/1062/2638 3289/1868/2637
f 181/332/173 1397/1869/1209 3282/1055/2630 1026/934/911
f 1397/1869/1209 1396/1797/1208 3283/1058/2631 3282/1055/2630
f 1396/1797/1208 1395/1870/1207 3284/1866/2632 3283/1058/2631
f 1395/1870/1207 199/951/191 1380/1871/1194 3284/1866/2632
f 3284/1866/2632 1380/1871/1194 1381/1054/1195 3287/1867/2635
f 3287/1867/2635 1381/1054/1195 1382/1861/1196 3290/1062/2638
f 3290/1062/2638 1382/1861/1196 198/951/190 1392/950/1204
f 3289/1868/2637 3290/1062/2638 1392/950/1204 1393/1797/1205
f 3288/1055/2636 3289/1868/2637 1393/1797/1205 1394/943/1206
f 1028/934/913 3288/1055/2636 1394/943/1206 138/910/130
f 1027/1872/912 3285/1865/2633 3288/1055/2636 1028/934/913
f 1026/934/911 3282/1055/2630 3285/1865/2633 1027/1872/912
f 3291/1873/2639 3292/1069/2640 3295/1874/2643 3294/1875/2642
f 3292/1069/2640 3293/1876/2641 3296/1877/2644 3295/1874/2643
f 3294/1875/2642 3295/1874/2643 3298/1069/2646 3297/1066/2645
f 3295/1874/2643 3296/1877/2644 3299/1072/2647 3298/1069/2646
f 137/312/129 1389/944/1201 3291/1873/2639 1299/1603/1125
f 1389/944/1201 1390/945/1202 3292/1069/2640 3291/1873/2639
f 1390/945/1202 1391/1799/1203 3293/1876/2641 3292/1069/2640
f 1391/1799/1203 197/947/189 1383/1075/1197 3293/1876/2641
f 3293/1876/2641 1383/1075/1197 1384/1052/1198 3296/1877/2644
f 3296/1877/2644 1384/1052/1198 1385/1051/1199 3299/1072/2647
f 3299/1072/2647 1385/1051/1199 200/1862/192 1400/946/1212
f 3298/1069/2646 3299/1072/2647 1400/946/1212 1399/1074/1211
f 3297/1066/2645 3298/1069/2646 1399/1074/1211 1398/944/1210
f 1301/529/1127 3297/1066/2645 1398/944/1210 187/312/179
f 1300/1073/1126 3294/1875/2642 3297/1066/2645 1301/529/1127
f 1299/1603/1125 3291/1873/2639 3294/1875/2642 1300/1073/1126
f 3300/939/2648 3301/940/2649 3304/453/2652 3303/412/2651
f 3301/940/2649 3302/1878/2650 3305/412/1954 3304/453/2652
f 3303/412/2651 3304/453/2652 3307/938/2654 3306/1078/2653
f 3304/453/2652 3305/412/1954 3308/1081/2655 3307/938/2654
f 187/312/179 1398/944/1210 3300/939/2648 1320/912/1146
f 1398/944/1210 1399/1074/1211 3301/940/2649 3300/939/2648
f 1399/1074/1211 1400/946/1212 3302/1878/2650 3301/940/2649
f 1400/946/1212 200/1862/192 1386/1084/667 3302/1878/2650
f 3302/1878/2650 1386/1084/667 1387/442/666 3305/412/1954
f 3305/412/1954 1387/442/666 1388/1879/1200 3308/1081/2655
f 3308/1081/2655 1388/1879/1200 199/951/191 1395/1870/1207
f 3307/938/2654 3308/1081/2655 1395/1870/1207 1396/1797/1208
f 3306/1078/2653 3307/938/2654 1396/1797/1208 1397/1869/1209
f 1322/413/1148 3306/1078/2653 1397/1869/1209 181/332/173
f 1321/412/1147 3303/412/2651 3306/1078/2653 1322/413/1148
f 1320/912/1146 3300/939/2648 3303/412/2651 1321/412/1147
f 3309/1258/2656 3310/1088/2657 3313/1880/2660 3312/1881/2659
f 3310/1088/2657 3311/1092/2658 3314/1882/2661 3313/1880/2660
f 3312/1881/2659 3313/1880/2660 3316/1883/2663 3315/1089/2662
f 3313/1880/2660 3314/1882/2661 3317/1093/2664 3316/1883/2663
f 206/221/198 1481/1253/1292 3309/1258/2656 1409/1884/1221
f 1481/1253/1292 1480/1254/1291 3310/1088/2657 3309/1258/2656
f 1480/1254/1291 1479/1102/1290 3311/1092/2658 3310/1088/2657
f 1479/1102/1290 214/951/206 1457/1885/1269 3311/1092/2658
f 3311/1092/2658 1457/1885/1269 1456/1100/1268 3314/1882/2661
f 3314/1882/2661 1456/1100/1268 1455/1099/1267 3317/1093/2664
f 3317/1093/2664 1455/1099/1267 213/448/205 1476/913/1287
f 3316/1883/2663 3317/1093/2664 1476/913/1287 1477/511/1288
f 3315/1089/2662 3316/1883/2663 1477/511/1288 1478/510/1289
f 1407/1097/1219 3315/1089/2662 1478/510/1289 205/312/197
f 1408/1150/1220 3312/1881/2659 3315/1089/2662 1407/1097/1219
f 1409/1884/1221 3309/1258/2656 3312/1881/2659 1408/1150/1220
f 3318/501/2665 3319/504/2666 3322/503/2669 3321/502/2668
f 3319/504/2666 3320/508/2667 3323/1284/2670 3322/503/2669
f 3321/502/2668 3322/503/2669 3325/1886/2672 3324/505/2671
f 3322/503/2669 3323/1284/2670 3326/1887/2673 3325/1886/2672
f 203/526/195 1521/313/1332 3318/501/2665 1473/510/1284
f 1521/313/1332 1522/533/1333 3319/504/2666 3318/501/2665
f 1522/533/1333 1523/315/1334 3320/508/2667 3319/504/2666
f 1523/315/1334 218/316/210 1509/316/1320 3320/508/2667
f 3320/508/2667 1509/316/1320 1510/316/1321 3323/1284/2670
f 3323/1284/2670 1510/316/1321 1511/530/1322 3326/1887/2673
f 3326/1887/2673 1511/530/1322 222/316/214 1529/902/1340
f 3325/1886/2672 3326/1887/2673 1529/902/1340 1528/513/1339
f 3324/505/2671 3325/1886/2672 1528/513/1339 1527/1597/1338
f 1475/462/1286 3324/505/2671 1527/1597/1338 211/1888/203
f 1474/463/1285 3321/502/2668 3324/505/2671 1475/462/1286
f 1473/510/1284 3318/501/2665 3321/502/2668 1474/463/1285
f 3327/1889/2674 3328/1890/2675 3331/1891/2678 3330/1892/2677
f 3328/1890/2675 3329/1893/2676 3332/1894/2679 3331/1891/2678
f 3330/1892/2677 3331/1891/2678 3334/1895/2681 3333/1896/2680
f 3331/1891/2678 3332/1894/2679 3335/1897/2682 3334/1895/2681
f 136/1327/128 1442/1898/1254 3327/1889/2674 1046/1501/931
f 1442/1898/1254 1441/1899/1253 3328/1890/2675 3327/1889/2674
f 1441/1899/1253 1440/1900/1252 3329/1893/2676 3328/1890/2675
f 1440/1900/1252 204/218/196 1412/1122/1224 3329/1893/2676
f 3329/1893/2676 1412/1122/1224 1411/1123/1223 3332/1894/2679
f 3332/1894/2679 1411/1123/1223 1410/1122/1222 3335/1897/2682
f 3335/1897/2682 1410/1122/1222 206/221/198 1439/915/1251
f 3334/1895/2681 3335/1897/2682 1439/915/1251 1438/466/1250
f 3333/1896/2680 3334/1895/2681 1438/466/1250 1437/922/1249
f 1044/1901/929 3333/1896/2680 1437/922/1249 142/332/134
f 1045/1902/930 3330/1892/2677 3333/1896/2680 1044/1901/929
f 1046/1501/931 3327/1889/2674 3330/1892/2677 1045/1902/930
f 3336/1903/2683 3337/1130/2684 3340/1129/2687 3339/1904/2686
f 3337/1130/2684 3338/1905/2685 3341/1906/2688 3340/1129/2687
f 3339/1904/2686 3340/1129/2687 3343/1907/2690 3342/1908/2689
f 3340/1129/2687 3341/1906/2688 3344/1909/2691 3343/1907/2690
f 148/425/140 1431/495/1243 3336/1903/2683 1067/570/947
f 1431/495/1243 1432/1591/1244 3337/1130/2684 3336/1903/2683
f 1432/1591/1244 1433/1590/1245 3338/1905/2685 3337/1130/2684
f 1433/1590/1245 208/425/200 1418/1138/1230 3338/1905/2685
f 3338/1905/2685 1418/1138/1230 1417/1910/1229 3341/1906/2688
f 3341/1906/2688 1417/1910/1229 1416/1911/1228 3344/1909/2691
f 3344/1909/2691 1416/1911/1228 207/563/199 1428/804/1240
f 3343/1907/2690 3344/1909/2691 1428/804/1240 1429/606/1241
f 3342/1908/2689 3343/1907/2690 1429/606/1241 1430/803/1242
f 1065/568/945 3342/1908/2689 1430/803/1242 147/567/139
f 1066/556/946 3339/1904/2686 3342/1908/2689 1065/568/945
f 1067/570/947 3336/1903/2683 3339/1904/2686 1066/556/946
f 3345/1912/2692 3346/1913/2693 3349/1181/2696 3348/1914/2695
f 3346/1913/2693 3347/1915/2694 3350/1916/2697 3349/1181/2696
f 3348/1914/2695 3349/1181/2696 3352/1917/2699 3351/1918/2698
f 3349/1181/2696 3350/1916/2697 3353/1919/2700 3352/1917/2699
f 135/530/127 1445/1920/1257 3345/1912/2692 999/1392/888
f 1445/1920/1257 1444/1921/1256 3346/1913/2693 3345/1912/2692
f 1444/1921/1256 1443/1922/1255 3347/1915/2694 3346/1913/2693
f 1443/1922/1255 203/526/195 1404/1151/1216 3347/1915/2694
f 3347/1915/2694 1404/1151/1216 1405/1096/1217 3350/1916/2697
f 3350/1916/2697 1405/1096/1217 1406/1094/1218 3353/1919/2700
f 3353/1919/2700 1406/1094/1218 204/218/196 1440/1900/1252
f 3352/1917/2699 3353/1919/2700 1440/1900/1252 1441/1899/1253
f 3351/1918/2698 3352/1917/2699 1441/1899/1253 1442/1898/1254
f 1001/1923/890 3351/1918/2698 1442/1898/1254 136/1327/128
f 1000/907/889 3348/1914/2695 3351/1918/2698 1001/1923/890
f 999/1392/888 3345/1912/2692 3348/1914/2695 1000/907/889
f 3354/1924/2701 3355/1925/2702 3358/1926/2705 3357/1927/2704
f 3355/1925/2702 3356/1928/2703 3359/1929/2706 3358/1926/2705
f 3357/1927/2704 3358/1926/2705 3361/1930/2708 3360/1931/2707
f 3358/1926/2705 3359/1929/2706 3362/1932/2709 3361/1930/2708
f 133/1313/125 1425/1637/1237 3354/1924/2701 993/1361/882
f 1425/1637/1237 1426/1636/1238 3355/1925/2702 3354/1924/2701
f 1426/1636/1238 1427/1635/1239 3356/1928/2703 3355/1925/2702
f 1427/1635/1239 201/563/193 1401/1911/1213 3356/1928/2703
f 3356/1928/2703 1401/1911/1213 1402/1137/1214 3359/1929/2706
f 3359/1929/2706 1402/1137/1214 1403/1163/1215 3362/1932/2709
f 3362/1932/2709 1403/1163/1215 202/585/194 1434/1587/1246
f 3361/1930/2708 3362/1932/2709 1434/1587/1246 1435/1586/1247
f 3360/1931/2707 3361/1930/2708 1435/1586/1247 1436/1585/1248
f 995/1367/884 3360/1931/2707 1436/1585/1248 134/1368/126
f 994/536/883 3357/1927/2704 3360/1931/2707 995/1367/884
f 993/1361/882 3354/1924/2701 3357/1927/2704 994/536/883
f 3363/1933/2710 3364/1934/2711 3367/1935/2714 3366/1936/2713
f 3364/1934/2711 3365/1937/2712 3368/1938/2715 3367/1935/2714
f 3366/1936/2713 3367/1935/2714 3370/1939/2717 3369/1940/2716
f 3367/1935/2714 3368/1938/2715 3371/1941/2718 3370/1939/2717
f 141/312/133 1448/1174/1260 3363/1933/2710 1047/1942/932
f 1448/1174/1260 1447/1943/1259 3364/1934/2711 3363/1933/2710
f 1447/1943/1259 1446/1174/1258 3365/1937/2712 3364/1934/2711
f 1446/1174/1258 205/312/197 1413/1603/1225 3365/1937/2712
f 3365/1937/2712 1413/1603/1225 1414/528/1226 3368/1938/2715
f 3368/1938/2715 1414/528/1226 1415/529/1227 3371/1941/2718
f 3371/1941/2718 1415/529/1227 203/526/195 1443/1922/1255
f 3370/1939/2717 3371/1941/2718 1443/1922/1255 1444/1921/1256
f 3369/1940/2716 3370/1939/2717 1444/1921/1256 1445/1920/1257
f 1049/1944/934 3369/1940/2716 1445/1920/1257 135/530/127
f 1048/1945/933 3366/1936/2713 3369/1940/2716 1049/1944/934
f 1047/1942/932 3363/1933/2710 3366/1936/2713 1048/1945/933
f 3372/1179/2719 3373/1182/2720 3376/1946/2723 3375/1914/2722
f 3373/1182/2720 3374/1186/2721 3377/1947/2724 3376/1946/2723
f 3375/1914/2722 3376/1946/2723 3379/1948/2726 3378/1949/2725
f 3376/1946/2723 3377/1947/2724 3380/1950/2727 3379/1948/2726
f 142/332/134 1437/922/1249 3372/1179/2719 1031/413/916
f 1437/922/1249 1438/466/1250 3373/1182/2720 3372/1179/2719
f 1438/466/1250 1439/915/1251 3374/1186/2721 3373/1182/2720
f 1439/915/1251 206/221/198 1409/1884/1221 3374/1186/2721
f 3374/1186/2721 1409/1884/1221 1408/1150/1220 3377/1947/2724
f 3377/1947/2724 1408/1150/1220 1407/1097/1219 3380/1950/2727
f 3380/1950/2727 1407/1097/1219 205/312/197 1446/1174/1258
f 3379/1948/2726 3380/1950/2727 1446/1174/1258 1447/1943/1259
f 3378/1949/2725 3379/1948/2726 1447/1943/1259 1448/1174/1260
f 1029/912/914 3378/1949/2725 1448/1174/1260 141/312/133
f 1030/412/915 3375/1914/2722 3378/1949/2725 1029/912/914
f 1031/413/916 3372/1179/2719 3375/1914/2722 1030/412/915
f 3381/1951/2728 3382/1191/2729 3385/1190/2732 3384/1189/2731
f 3382/1191/2729 3383/1194/2730 3386/1189/2733 3385/1190/2732
f 3384/1189/2731 3385/1190/2732 3388/1952/2735 3387/1192/2734
f 3385/1190/2732 3386/1189/2733 3389/1953/2736 3388/1952/2735
f 211/448/203 1463/900/1275 3381/1951/2728 1452/1954/1264
f 1463/900/1275 1462/448/1274 3382/1191/2729 3381/1951/2728
f 1462/448/1274 1461/1197/1273 3383/1194/2730 3382/1191/2729
f 1461/1197/1273 213/448/205 1455/1954/1267 3383/1194/2730
f 3383/1194/2730 1455/1954/1267 1456/1955/1268 3386/1189/2733
f 3386/1189/2733 1456/1955/1268 1457/1198/1269 3389/1953/2736
f 3389/1953/2736 1457/1198/1269 214/951/206 1458/1956/1270
f 3388/1952/2735 3389/1953/2736 1458/1956/1270 1459/1957/1271
f 3387/1192/2734 3388/1952/2735 1459/1957/1271 1460/1958/1272
f 1454/1198/1266 3387/1192/2734 1460/1958/1272 212/951/204
f 1453/1959/1265 3384/1189/2731 3387/1192/2734 1454/1198/1266
f 1452/1954/1264 3381/1951/2728 3384/1189/2731 1453/1959/1265
f 3390/1201/2737 3391/1204/2738 3394/1960/2732 3393/1961/2740
f 3391/1204/2738 3392/1208/2739 3395/1202/2741 3394/1960/2732
f 3393/1961/2740 3394/1960/2732 3397/1962/2729 3396/1209/2742
f 3394/1960/2732 3395/1202/2741 3398/1963/2743 3397/1962/2729
f 209/972/201 1472/970/1283 3390/1201/2737 1449/1211/1261
f 1472/970/1283 1471/1964/1282 3391/1204/2738 3390/1201/2737
f 1471/1964/1282 1470/968/1281 3392/1208/2739 3391/1204/2738
f 1470/968/1281 215/1210/207 1464/1965/1276 3392/1208/2739
f 3392/1208/2739 1464/1965/1276 1465/1212/1277 3395/1202/2741
f 3395/1202/2741 1465/1212/1277 1466/1966/1278 3398/1963/2743
f 3398/1963/2743 1466/1966/1278 216/559/208 1467/543/1279
f 3397/1962/2729 3398/1963/2743 1467/543/1279 1468/1272/1274
f 3396/1209/2742 3397/1962/2729 1468/1272/1274 1469/543/1280
f 1451/1967/1263 3396/1209/2742 1469/543/1280 210/559/202
f 1450/1212/1262 3393/1961/2740 3396/1209/2742 1451/1967/1263
f 1449/1211/1261 3390/1201/2737 3393/1961/2740 1450/1212/1262
f 3399/1216/2744 3400/1968/2745 3403/1969/2748 3402/1970/2747
f 3400/1968/2745 3401/1223/2746 3404/1971/2749 3403/1969/2748
f 3402/1970/2747 3403/1969/2748 3406/1972/2751 3405/1973/2750
f 3403/1969/2748 3404/1971/2749 3407/1224/2752 3406/1972/2751
f 201/563/193 1487/1974/1298 3399/1216/2744 1401/1911/1213
f 1487/1974/1298 1486/1975/1297 3400/1968/2745 3399/1216/2744
f 1486/1975/1297 1485/1976/1296 3401/1223/2746 3400/1968/2745
f 1485/1976/1296 209/972/201 1449/1211/1261 3401/1223/2746
f 3401/1223/2746 1449/1211/1261 1450/1212/1262 3404/1971/2749
f 3404/1971/2749 1450/1212/1262 1451/1967/1263 3407/1224/2752
f 3407/1224/2752 1451/1967/1263 210/559/202 1484/1977/1295
f 3406/1972/2751 3407/1224/2752 1484/1977/1295 1483/875/1294
f 3405/1973/2750 3406/1972/2751 1483/875/1294 1482/873/1293
f 1403/1163/1215 3405/1973/2750 1482/873/1293 202/585/194
f 1402/1137/1214 3402/1970/2747 3405/1973/2750 1403/1163/1215
f 1401/1911/1213 3399/1216/2744 3402/1970/2747 1402/1137/1214
f 3408/1229/2753 3409/1233/2754 3412/1978/2757 3411/1230/2756
f 3409/1233/2754 3410/1979/2755 3413/1980/2758 3412/1978/2757
f 3411/1230/2756 3412/1978/2757 3415/1233/2760 3414/1981/2759
f 3412/1978/2757 3413/1980/2758 3416/1236/2761 3415/1233/2760
f 207/563/199 1490/1982/1301 3408/1229/2753 1422/1633/1234
f 1490/1982/1301 1489/1983/1300 3409/1233/2754 3408/1229/2753
f 1489/1983/1300 1488/1237/1299 3410/1979/2755 3409/1233/2754
f 1488/1237/1299 215/1210/207 1470/970/1281 3410/1979/2755
f 3410/1979/2755 1470/970/1281 1471/1808/1282 3413/1980/2758
f 3413/1980/2758 1471/1808/1282 1472/970/1283 3416/1236/2761
f 3416/1236/2761 1472/970/1283 209/972/201 1485/1976/1296
f 3415/1233/2760 3416/1236/2761 1485/1976/1296 1486/1975/1297
f 3414/1981/2759 3415/1233/2760 1486/1975/1297 1487/1974/1298
f 1424/1634/1236 3414/1981/2759 1487/1974/1298 201/563/193
f 1423/604/1235 3411/1230/2756 3414/1981/2759 1424/1634/1236
f 1422/1633/1234 3408/1229/2753 3411/1230/2756 1423/604/1235
f 3417/1984/2762 3418/1985/2763 3421/1986/2766 3420/1239/2765
f 3418/1985/2763 3419/1987/2764 3422/1222/2767 3421/1986/2766
f 3420/1239/2765 3421/1986/2766 3424/1988/2769 3423/1989/2768
f 3421/1986/2766 3422/1222/2767 3425/1990/2770 3424/1988/2769
f 208/425/200 1493/1226/1304 3417/1984/2762 1418/1138/1230
f 1493/1226/1304 1492/875/1303 3418/1985/2763 3417/1984/2762
f 1492/875/1303 1491/1977/1302 3419/1987/2764 3418/1985/2763
f 1491/1977/1302 216/559/208 1466/1991/1278 3419/1987/2764
f 3419/1987/2764 1466/1991/1278 1465/1992/1277 3422/1222/2767
f 3422/1222/2767 1465/1992/1277 1464/1243/1276 3425/1990/2770
f 3425/1990/2770 1464/1243/1276 215/1210/207 1488/1237/1299
f 3424/1988/2769 3425/1990/2770 1488/1237/1299 1489/1983/1300
f 3423/1989/2768 3424/1988/2769 1489/1983/1300 1490/1982/1301
f 1416/1911/1228 3423/1989/2768 1490/1982/1301 207/563/199
f 1417/1910/1229 3420/1239/2765 3423/1989/2768 1416/1911/1228
f 1418/1138/1230 3417/1984/2762 3420/1239/2765 1417/1910/1229
f 3426/1245/2771 3427/1993/2772 3430/1247/2774 3429/1246/2756
f 3427/1993/2772 3428/1251/2773 3431/1994/2775 3430/1247/2774
f 3429/1246/2756 3430/1247/2774 3433/1993/2777 3432/1249/2776
f 3430/1247/2774 3431/1994/2775 3434/1252/2778 3433/1993/2777
f 204/218/196 1496/1995/1307 3426/1245/2771 1412/1122/1224
f 1496/1995/1307 1495/1103/1306 3427/1993/2772 3426/1245/2771
f 1495/1103/1306 1494/1102/1305 3428/1251/2773 3427/1993/2772
f 1494/1102/1305 212/951/204 1460/1871/1272 3428/1251/2773
f 3428/1251/2773 1460/1871/1272 1459/1054/1271 3431/1994/2775
f 3431/1994/2775 1459/1054/1271 1458/1053/1270 3434/1252/2778
f 3434/1252/2778 1458/1053/1270 214/951/206 1479/1102/1290
f 3433/1993/2777 3434/1252/2778 1479/1102/1290 1480/1254/1291
f 3432/1249/2776 3433/1993/2777 1480/1254/1291 1481/1253/1292
f 1410/1122/1222 3432/1249/2776 1481/1253/1292 206/221/198
f 1411/1123/1223 3429/1246/2756 3432/1249/2776 1410/1122/1222
f 1412/1122/1224 3426/1245/2771 3429/1246/2756 1411/1123/1223
f 3435/1089/2779 3436/1257/2780 3439/1256/2783 3438/1996/2782
f 3436/1257/2780 3437/1997/2781 3440/1998/2784 3439/1256/2783
f 3438/1996/2782 3439/1256/2783 3442/1088/2786 3441/1999/2785
f 3439/1256/2783 3440/1998/2784 3443/1092/2787 3442/1088/2786
f 203/526/195 1473/510/1284 3435/1089/2779 1404/1151/1216
f 1473/510/1284 1474/463/1285 3436/1257/2780 3435/1089/2779
f 1474/463/1285 1475/462/1286 3437/1997/2781 3436/1257/2780
f 1475/462/1286 211/448/203 1452/1954/1264 3437/1997/2781
f 3437/1997/2781 1452/1954/1264 1453/1959/1265 3440/1998/2784
f 3440/1998/2784 1453/1959/1265 1454/1198/1266 3443/1092/2787
f 3443/1092/2787 1454/1198/1266 212/951/204 1494/1102/1305
f 3442/1088/2786 3443/1092/2787 1494/1102/1305 1495/1103/1306
f 3441/1999/2785 3442/1088/2786 1495/1103/1306 1496/1995/1307
f 1406/1094/1218 3441/1999/2785 1496/1995/1307 204/218/196
f 1405/1096/1217 3438/1996/2782 3441/1999/2785 1406/1094/1218
f 1404/1151/1216 3435/1089/2779 3438/1996/2782 1405/1096/1217
f 3444/517/2788 3445/1602/2789 3448/519/2792 3447/1599/2791
f 3445/1602/2789 3446/1262/2790 3449/1601/2793 3448/519/2792
f 3447/1599/2791 3448/519/2792 3451/1602/2795 3450/517/2794
f 3448/519/2792 3449/1601/2793 3452/2000/2796 3451/1602/2795
f 205/312/197 1526/313/1337 3444/517/2788 1413/1603/1225
f 1526/313/1337 1525/314/1336 3445/1602/2789 3444/517/2788
f 1525/314/1336 1524/1482/1335 3446/1262/2790 3445/1602/2789
f 1524/1482/1335 217/316/209 1497/316/1308 3446/1262/2790
f 3446/1262/2790 1497/316/1308 1498/316/1309 3449/1601/2793
f 3449/1601/2793 1498/316/1309 1499/316/1310 3452/2000/2796
f 3452/2000/2796 1499/316/1310 218/316/210 1523/315/1334
f 3451/1602/2795 3452/2000/2796 1523/315/1334 1522/533/1333
f 3450/517/2794 3451/1602/2795 1522/533/1333 1521/313/1332
f 1415/529/1227 3450/517/2794 1521/313/1332 203/526/195
f 1414/528/1226 3447/1599/2791 3450/517/2794 1415/529/1227
f 1413/1603/1225 3444/517/2788 3447/1599/2791 1414/528/1226
f 3453/515/2797 3454/515/2798 3457/515/544 3456/515/2800
f 3454/515/2798 3455/316/2799 3458/515/2801 3457/515/544
f 3456/515/2800 3457/515/544 3460/515/2803 3459/316/2802
f 3457/515/544 3458/515/2801 3461/316/2804 3460/515/2803
f 217/316/209 1514/316/1325 3453/515/2797 1497/316/1308
f 1514/316/1325 1513/316/1324 3454/515/2798 3453/515/2797
f 1513/316/1324 1512/316/1323 3455/316/2799 3454/515/2798
f 1512/316/1323 221/316/213 1503/316/1314 3455/316/2799
f 3455/316/2799 1503/316/1314 1504/316/1315 3458/515/2801
f 3458/515/2801 1504/316/1315 1505/316/1316 3461/316/2804
f 3461/316/2804 1505/316/1316 222/316/214 1511/316/1322
f 3460/515/2803 3461/316/2804 1511/316/1322 1510/316/1321
f 3459/316/2802 3460/515/2803 1510/316/1321 1509/316/1320
f 1499/316/1310 3459/316/2802 1509/316/1320 218/316/210
f 1498/316/1309 3456/515/2800 3459/316/2802 1499/316/1310
f 1497/316/1308 3453/515/2797 3456/515/2800 1498/316/1309
f 3462/650/2805 3463/650/2806 3466/649/544 3465/650/2800
f 3463/650/2806 3464/650/2807 3467/648/2801 3466/649/544
f 3465/650/2800 3466/649/544 3469/648/2809 3468/650/2808
f 3466/649/544 3467/648/2801 3470/666/2810 3469/648/2809
f 220/434/212 1515/650/1326 3462/650/2805 1502/650/1313
f 1515/650/1326 1516/648/1327 3463/650/2806 3462/650/2805
f 1516/648/1327 1517/648/1328 3464/650/2807 3463/650/2806
f 1517/648/1328 224/434/216 1508/650/1319 3464/650/2807
f 3464/650/2807 1508/650/1319 1507/648/1318 3467/648/2801
f 3467/648/2801 1507/648/1318 1506/648/1317 3470/666/2810
f 3470/666/2810 1506/648/1317 223/1669/215 1518/666/1329
f 3469/648/2809 3470/666/2810 1518/666/1329 1519/650/1330
f 3468/650/2808 3469/648/2809 1519/650/1330 1520/650/1331
f 1500/648/1311 3468/650/2808 1520/650/1331 219/434/211
f 1501/650/1312 3465/650/2800 3468/650/2808 1500/648/1311
f 1502/650/1313 3462/650/2805 3465/650/2800 1501/650/1312
f 3471/1268/2811 3472/720/2812 3475/724/2815 3474/1268/2814
f 3472/720/2812 3473/1270/2813 3476/1269/2816 3475/724/2815
f 3474/1268/2814 3475/724/2815 3478/724/2818 3477/1268/2817
f 3475/724/2815 3476/1269/2816 3479/1271/2819 3478/724/2818
f 216/559/208 1535/1268/1346 3471/1268/2811 1467/1608/1279
f 1535/1268/1346 1534/720/1345 3472/720/2812 3471/1268/2811
f 1534/720/1345 1533/1271/1344 3473/1270/2813 3472/720/2812
f 1533/1271/1344 223/1669/215 1506/650/1317 3473/1270/2813
f 3473/1270/2813 1506/650/1317 1507/648/1318 3476/1269/2816
f 3476/1269/2816 1507/648/1318 1508/650/1319 3479/1271/2819
f 3479/1271/2819 1508/650/1319 224/434/216 1532/1271/1343
f 3478/724/2818 3479/1271/2819 1532/1271/1343 1531/720/1342
f 3477/1268/2817 3478/724/2818 1531/720/1342 1530/1268/1341
f 1469/559/1280 3477/1268/2817 1530/1268/1341 210/559/202
f 1468/559/1274 3474/1268/2814 3477/1268/2817 1469/559/1280
f 1467/1608/1279 3471/1268/2811 3474/1268/2814 1468/559/1274
f 3480/1275/2820 3481/513/2821 3484/1596/2815 3483/1274/2814
f 3481/513/2821 3482/1782/2822 3485/1782/2823 3484/1596/2815
f 3483/1274/2814 3484/1596/2815 3487/1596/2825 3486/1275/2824
f 3484/1596/2815 3485/1782/2823 3488/902/2826 3487/1596/2825
f 211/1888/203 1527/1597/1338 3480/1275/2820 1463/1197/1275
f 1527/1597/1338 1528/513/1339 3481/513/2821 3480/1275/2820
f 1528/513/1339 1529/902/1340 3482/1782/2822 3481/513/2821
f 1529/902/1340 222/316/214 1505/316/1316 3482/1782/2822
f 3482/1782/2822 1505/316/1316 1504/316/1315 3485/1782/2823
f 3485/1782/2823 1504/316/1315 1503/515/1314 3488/902/2826
f 3488/902/2826 1503/515/1314 221/316/213 1538/902/1349
f 3487/1596/2825 3488/902/2826 1538/902/1349 1537/513/1348
f 3486/1275/2824 3487/1596/2825 1537/513/1348 1536/1274/1347
f 1461/1197/1273 3486/1275/2824 1536/1274/1347 213/448/205
f 1462/448/1274 3483/1274/2814 3486/1275/2824 1461/1197/1273
f 1463/1197/1275 3480/1275/2820 3483/1274/2814 1462/448/1274
f 3489/1692/2827 3490/1281/2828 3493/869/2831 3492/1279/2830
f 3490/1281/2828 3491/715/2829 3494/1282/2832 3493/869/2831
f 3492/1279/2830 3493/869/2831 3496/1695/2834 3495/1696/2833
f 3493/869/2831 3494/1282/2832 3497/2001/2835 3496/1695/2834
f 210/559/202 1530/1268/1341 3489/1692/2827 1484/561/1295
f 1530/1268/1341 1531/720/1342 3490/1281/2828 3489/1692/2827
f 1531/720/1342 1532/1271/1343 3491/715/2829 3490/1281/2828
f 1532/1271/1343 224/434/216 1517/650/1328 3491/715/2829
f 3491/715/2829 1517/650/1328 1516/648/1327 3494/1282/2832
f 3494/1282/2832 1516/648/1327 1515/650/1326 3497/2001/2835
f 3497/2001/2835 1515/650/1326 220/434/212 1541/878/1352
f 3496/1695/2834 3497/2001/2835 1541/878/1352 1540/706/1351
f 3495/1696/2833 3496/1695/2834 1540/706/1351 1539/874/1350
f 1482/873/1293 3495/1696/2833 1539/874/1350 202/585/194
f 1483/2002/1294 3492/1279/2830 3495/1696/2833 1482/873/1293
f 1484/561/1295 3489/1692/2827 3492/1279/2830 1483/2002/1294
f 3498/1826/2836 3499/1105/2837 3502/2003/2840 3501/992/2839
f 3499/1105/2837 3500/2004/2838 3503/1106/2841 3502/2003/2840
f 3501/992/2839 3502/2003/2840 3505/504/2843 3504/501/2842
f 3502/2003/2840 3503/1106/2841 3506/1285/2844 3505/504/2843
f 213/448/205 1536/1274/1347 3498/1826/2836 1476/913/1287
f 1536/1274/1347 1537/513/1348 3499/1105/2837 3498/1826/2836
f 1537/513/1348 1538/902/1349 3500/2004/2838 3499/1105/2837
f 1538/902/1349 221/316/213 1512/1109/1323 3500/2004/2838
f 3500/2004/2838 1512/1109/1323 1513/316/1324 3503/1106/2841
f 3503/1106/2841 1513/316/1324 1514/1108/1325 3506/1285/2844
f 3506/1285/2844 1514/1108/1325 217/316/209 1524/1482/1335
f 3505/504/2843 3506/1285/2844 1524/1482/1335 1525/314/1336
f 3504/501/2842 3505/504/2843 1525/314/1336 1526/313/1337
f 1478/464/1289 3504/501/2842 1526/313/1337 205/312/197
f 1477/1828/1288 3501/992/2839 3504/501/2842 1478/464/1289
f 1476/913/1287 3498/1826/2836 3501/992/2839 1477/1828/1288
f 3507/867/2845 3508/713/2846 3511/1280/2849 3510/1287/2848
f 3508/713/2846 3509/872/2847 3512/1282/2850 3511/1280/2849
f 3510/1287/2848 3511/1280/2849 3514/2005/2852 3513/708/2851
f 3511/1280/2849 3512/1282/2850 3515/1291/2853 3514/2005/2852
f 208/425/200 1544/427/1355 3507/867/2845 1493/1226/1304
f 1544/427/1355 1543/435/1354 3508/713/2846 3507/867/2845
f 1543/435/1354 1542/433/1353 3509/872/2847 3508/713/2846
f 1542/433/1353 219/434/211 1520/650/1331 3509/872/2847
f 3509/872/2847 1520/650/1331 1519/650/1330 3512/1282/2850
f 3512/1282/2850 1519/650/1330 1518/666/1329 3515/1291/2853
f 3515/1291/2853 1518/666/1329 223/1669/215 1533/1271/1344
f 3514/2005/2852 3515/1291/2853 1533/1271/1344 1534/720/1345
f 3513/708/2851 3514/2005/2852 1534/720/1345 1535/1268/1346
f 1491/561/1302 3513/708/2851 1535/1268/1346 216/559/208
f 1492/572/1303 3510/1287/2848 3513/708/2851 1491/561/1302
f 1493/1226/1304 3507/867/2845 3510/1287/2848 1492/572/1303
f 3516/1292/2854 3517/1813/2855 3520/976/2858 3519/2006/2857
f 3517/1813/2855 3518/981/2856 3521/1295/2793 3520/976/2858
f 3519/2006/2857 3520/976/2858 3523/2007/2860 3522/2008/2859
f 3520/976/2858 3521/1295/2793 3524/2009/2861 3523/2007/2860
f 202/585/194 1539/874/1350 3516/1292/2854 1421/1588/1233
f 1539/874/1350 1540/706/1351 3517/1813/2855 3516/1292/2854
f 1540/706/1351 1541/878/1352 3518/981/2856 3517/1813/2855
f 1541/878/1352 220/434/212 1502/650/1313 3518/981/2856
f 3518/981/2856 1502/650/1313 1501/650/1312 3521/1295/2793
f 3521/1295/2793 1501/650/1312 1500/648/1311 3524/2009/2861
f 3524/2009/2861 1500/648/1311 219/434/211 1542/433/1353
f 3523/2007/2860 3524/2009/2861 1542/433/1353 1543/435/1354
f 3522/2008/2859 3523/2007/2860 1543/435/1354 1544/427/1355
f 1419/496/1231 3522/2008/2859 1544/427/1355 208/425/200
f 1420/1589/1232 3519/2006/2857 3522/2008/2859 1419/496/1231
f 1421/1588/1233 3516/1292/2854 3519/2006/2857 1420/1589/1232