# Blender 4.2.2 LTS
# www.blender.org
o Human_1
v -15.336522 11.259009 10.387236
v -15.308536 9.663678 10.279715
v -15.842711 11.259009 9.524813
v -15.735190 9.663678 9.552799
v -14.474099 11.259009 9.881046
v -14.581620 9.663678 9.853060
v -14.980289 11.259009 9.018623
v -15.008275 9.663678 9.126144
v -14.938388 10.092342 8.857646
v -16.003689 10.092342 9.482912
v -15.378423 10.092342 10.548213
v -14.313122 10.092342 9.922947
v -14.983253 9.255662 8.972357
v -15.889561 9.255662 9.504304
v -15.338187 9.255662 10.443711
v -14.431878 9.255662 9.911764
v -13.918839 7.653775 10.814842
v -14.370372 9.069081 8.620384
v -13.824492 9.069081 9.550430
v -14.802915 7.653775 11.333740
v -14.983253 4.902471 8.972356
v -15.889561 4.902470 9.504303
v -15.338187 4.902470 10.443710
v -14.431878 4.902471 9.911763
v -14.687706 9.102105 11.551973
v -13.781397 9.102105 11.020026
v -14.802915 6.448806 11.333740
v -13.918839 6.448806 10.814842
v -14.874927 5.005783 11.232994
v -13.968617 5.005783 10.701047
v -15.608605 9.102105 7.906907
v -16.514914 9.102105 8.438854
v -15.497610 6.448806 8.124999
v -16.381685 6.448806 8.643896
v -15.425797 5.005784 8.218367
v -16.332106 5.005784 8.750314
v -16.542633 9.069081 9.895366
v -15.996753 9.069081 10.825413
v -16.861288 9.010110 9.207725
v -16.668997 6.448806 9.969534
v -16.123117 6.448806 10.899581
v -15.535833 9.010110 11.465978
v -16.542633 5.638964 9.895365
v -15.996753 5.638964 10.825412
v -15.555660 6.448806 11.576928
v -15.535833 5.710709 11.465977
v -16.965553 6.448806 9.174811
v -16.861288 5.710710 9.207724
v -13.709100 6.448806 9.482702
v -14.254979 6.448806 8.552655
v -13.824492 5.638964 9.550429
v -14.370372 5.638965 8.620383
v -13.383399 6.448806 10.301946
v -13.484451 9.010110 10.261943
v -13.484451 5.710709 10.261942
v -14.809905 9.010110 8.003690
v -14.793293 6.448806 7.899828
v -14.809905 5.710710 8.003689
v -15.497610 7.653776 8.124999
v -16.381685 7.653776 8.643896
v -16.123117 7.653775 10.899581
v -16.668997 7.653775 9.969534
v -15.555660 7.653775 11.576928
v -16.965553 7.653776 9.174811
v -13.709100 7.653775 9.482702
v -14.254979 7.653776 8.552655
v -13.383399 7.653775 10.301946
v -14.793293 7.653776 7.899828
v -13.718966 8.479370 11.126394
v -16.574074 8.479370 8.338059
v -16.668997 8.479371 9.969534
v -16.965553 8.479371 9.174811
v -13.709100 8.479371 9.482702
v -13.383399 8.479371 10.301946
v -14.625275 8.479370 11.658341
v -15.667766 8.479370 7.806110
v -16.123117 8.479370 10.899581
v -15.555660 8.479371 11.576928
v -14.254979 8.479370 8.552655
v -14.793293 8.479371 7.899828
v -16.835846 9.010111 6.293220
v -17.317585 9.010110 6.575970
v -17.317585 8.656283 6.575970
v -16.835846 8.656284 6.293220
v -13.426133 9.010110 13.206061
v -12.944393 9.010110 12.923310
v -12.944393 8.656283 12.923310
v -13.426132 8.656283 13.206061
v -15.202165 1.247288 8.892694
v -15.938005 1.053103 9.377290
v -15.250911 1.053105 10.547932
v -14.467784 1.247288 10.143901
v -14.855510 1.053103 11.221599
v -14.120941 1.247288 10.734837
v -15.530835 1.247288 8.332720
v -16.312689 1.053104 8.738918
v -15.323538 -0.031687 8.869823
v -15.943881 -0.096738 9.328036
v -15.209500 -0.096739 10.579243
v -14.504719 -0.031688 10.264894
v -14.862659 -0.096738 11.170177
v -14.244587 -0.031687 10.708095
v -15.570041 -0.031687 8.449841
v -16.272552 -0.096739 8.768062
v -15.414484 0.358621 11.394752
v -15.674616 0.358621 10.951550
v -16.739939 0.358621 9.136498
v -16.493435 0.358620 9.556479
v -15.414484 -0.031687 11.394752
v -15.674616 -0.031687 10.951550
v -16.739939 -0.031687 9.136498
v -16.493435 -0.031687 9.556479
v -14.474099 11.259009 9.881046
v -14.581620 9.663678 9.853060
v -14.980289 11.259009 9.018623
v -15.008275 9.663678 9.126144
v -15.336522 11.259009 10.387236
v -15.308536 9.663678 10.279715
v -15.842711 11.259009 9.524813
v -15.735190 9.663678 9.552799
v -16.003689 10.092342 9.482912
v -14.938388 10.092342 8.857646
v -14.313122 10.092342 9.922947
v -15.378423 10.092342 10.548213
v -15.881661 9.255662 9.499667
v -14.975353 9.255662 8.967720
v -14.423979 9.255662 9.907128
v -15.330288 9.255662 10.439076
v -14.791943 7.653775 11.327301
v -16.487776 9.069081 9.863169
v -15.941896 9.069081 10.793216
v -13.907867 7.653775 10.808403
v -15.881661 4.902470 9.499666
v -14.975353 4.902471 8.967719
v -14.423979 4.902470 9.907127
v -15.330287 4.902470 10.439075
v -13.773498 9.102105 11.015388
v -14.679807 9.102105 11.547337
v -13.907867 6.448806 10.808403
v -14.791943 6.448806 11.327301
v -13.960718 5.005783 10.696411
v -14.867027 5.005783 11.228357
v -16.507015 9.102105 8.434216
v -15.600706 9.102105 7.902269
v -16.370714 6.448806 8.637457
v -15.486639 6.448806 8.118559
v -16.324205 5.005784 8.745678
v -15.417897 5.005784 8.213731
v -14.315516 9.069081 8.588186
v -13.769635 9.069081 9.518233
v -14.760534 9.010110 7.974711
v -14.189151 6.448806 8.514018
v -13.643271 6.448806 9.444065
v -13.435080 9.010110 10.232965
v -14.315515 5.638965 8.588185
v -13.769635 5.638964 9.518232
v -13.328543 6.448806 10.269748
v -13.435080 5.710709 10.232964
v -14.738436 6.448806 7.867630
v -14.760534 5.710710 7.974711
v -16.057289 6.448806 10.860944
v -16.603168 6.448806 9.930897
v -15.941896 5.638964 10.793215
v -16.487776 5.638964 9.863168
v -15.500803 6.448806 11.544730
v -15.486463 9.010110 11.436999
v -15.486463 5.710709 11.436998
v -16.811916 9.010110 9.178746
v -16.910696 6.448806 9.142613
v -16.811916 5.710710 9.178745
v -16.370714 7.653776 8.637457
v -15.486639 7.653776 8.118559
v -13.643271 7.653776 9.444065
v -14.189151 7.653776 8.514018
v -13.328543 7.653775 10.269748
v -14.738436 7.653776 7.867630
v -16.057289 7.653775 10.860944
v -16.603168 7.653775 9.930897
v -15.500803 7.653775 11.544730
v -16.910696 7.653776 9.142613
v -14.617374 8.479370 11.653705
v -15.659866 8.479370 7.801475
v -14.189151 8.479371 8.514018
v -14.738436 8.479370 7.867630
v -16.057289 8.479371 10.860944
v -15.500803 8.479370 11.544730
v -13.711066 8.479370 11.121759
v -16.566175 8.479370 8.333422
v -13.643271 8.479370 9.444065
v -13.328543 8.479370 10.269748
v -16.603168 8.479370 9.930897
v -16.910696 8.479370 9.142613
v -17.317585 9.010110 6.575971
v -16.835846 9.010111 6.293219
v -16.835846 8.656284 6.293219
v -17.317585 8.656283 6.575970
v -12.944393 9.010110 12.923310
v -13.426133 9.010110 13.206061
v -13.426132 8.656283 13.206061
v -12.944393 8.656283 12.923310
v -15.844484 1.247288 9.269696
v -15.062629 1.053104 8.863498
v -14.375534 1.053105 10.034141
v -15.110104 1.247289 10.520903
v -13.980134 1.053104 10.707807
v -14.763261 1.247288 11.111837
v -16.173155 1.247289 8.709722
v -15.437313 1.053104 8.225126
v -15.805278 -0.031687 9.152575
v -15.102767 -0.096739 8.834354
v -14.368386 -0.096738 10.085561
v -14.986458 -0.031687 10.547645
v -14.021544 -0.096739 10.676497
v -14.726326 -0.031687 10.990846
v -16.051781 -0.031688 8.732593
v -15.431437 -0.096739 8.274380
v -13.556429 0.358621 10.304189
v -13.816561 0.358621 9.860988
v -14.881884 0.358621 8.045936
v -14.635381 0.358620 8.465918
v -13.556429 -0.031687 10.304189
v -13.816561 -0.031687 9.860988
v -14.881884 -0.031687 8.045936
v -14.635381 -0.031687 8.465917
v -15.704255 11.331944 9.358980
v -15.466962 11.368577 9.177224
v -15.192579 11.331944 9.058659
v -15.267673 10.092342 8.849500
v -15.588275 10.092342 8.970535
v -15.850259 10.092342 9.191442
v -15.946363 11.052958 9.497833
v -16.023350 10.737405 9.477795
v -16.037611 10.391725 9.474082
v -15.502355 11.331944 10.248779
v -15.684111 11.368577 10.011486
v -15.802676 11.331944 9.737104
v -16.011835 10.092342 9.812197
v -15.890800 10.092342 10.132799
v -15.669892 10.092342 10.394783
v -15.363502 11.052958 10.490888
v -15.383540 10.737405 10.567874
v -15.387253 10.391725 10.582135
v -14.612556 11.331944 10.046879
v -14.849849 11.368577 10.228635
v -15.124231 11.331944 10.347200
v -15.049138 10.092342 10.556359
v -14.728536 10.092342 10.435324
v -14.466552 10.092342 10.214417
v -14.370447 11.052958 9.908026
v -14.293461 10.737405 9.928064
v -14.279200 10.391725 9.931777
v -14.814456 11.331944 9.157080
v -14.632700 11.368577 9.394373
v -14.514134 11.331944 9.668756
v -14.929558 10.391725 8.823724
v -14.933270 10.737405 8.837985
v -14.953309 11.052958 8.914971
v -14.304976 10.092342 9.593662
v -14.426011 10.092342 9.273060
v -14.646918 10.092342 9.011076
v -15.232965 9.663678 9.120584
v -15.451730 9.663678 9.203176
v -15.630497 9.663678 9.353912
v -15.740749 9.663678 9.777489
v -15.658159 9.663678 9.996254
v -15.507422 9.663678 10.175021
v -15.083846 9.663678 10.285274
v -14.865081 9.663678 10.202682
v -14.686314 9.663678 10.051947
v -14.576061 9.663678 9.628370
v -14.658650 9.663678 9.409605
v -14.809388 9.663678 9.230838
v -14.954222 9.898145 8.918478
v -14.973331 9.788759 8.991896
v -14.992441 9.724000 9.065312
v -15.796022 9.724000 9.536965
v -15.869439 9.788759 9.517856
v -15.942857 9.898145 9.498746
v -15.324369 9.724000 10.340547
v -15.343479 9.788759 10.413963
v -15.362589 9.898145 10.487381
v -14.520788 9.724000 9.868894
v -14.447371 9.788759 9.888003
v -14.373954 9.898145 9.907113
v -15.269177 9.272129 9.010021
v -15.505227 9.276634 9.113893
v -15.712313 9.272129 9.270114
v -15.842761 9.272129 9.800400
v -15.734771 9.276634 10.041992
v -15.575945 9.272129 10.254990
v -15.046515 9.272129 10.404471
v -14.808940 9.276634 10.300197
v -14.603380 9.272129 10.144379
v -14.482628 9.272129 9.613280
v -14.591680 9.276634 9.371068
v -14.749444 9.272129 9.158689
v -14.617598 9.576927 9.843949
v -14.617720 9.470157 9.845695
v -14.569081 9.359004 9.863406
v -15.010020 9.359004 9.112153
v -15.019109 9.470157 9.161827
v -15.017818 9.576927 9.162069
v -15.699273 9.576927 9.562040
v -15.699568 9.470157 9.561213
v -15.749392 9.359004 9.546118
v -15.308452 9.359004 10.297371
v -15.298179 9.470157 10.245083
v -15.299051 9.576927 10.243921
v -16.018885 9.210570 9.270428
v -16.149076 9.185347 9.044909
v -16.301565 9.157423 8.788809
v -15.550613 5.284837 10.565344
v -15.728098 5.452326 10.668246
v -15.880245 5.548374 10.757093
v -15.192043 9.210570 10.679166
v -15.052804 9.185347 10.912692
v -14.897003 9.157423 11.181842
v -14.476913 9.138150 8.682813
v -14.616891 9.179351 8.764245
v -14.781917 9.209821 8.859071
v -15.550613 9.209821 10.565345
v -15.728098 9.179351 10.668247
v -15.880245 9.138150 10.757094
v -14.234006 9.209821 9.792578
v -14.070422 9.179351 9.695294
v -13.930960 9.138150 9.612986
v -13.930960 5.548374 9.612985
v -14.070422 5.452326 9.695293
v -14.234006 5.284837 9.792577
v -16.800379 5.669603 9.128071
v -16.684362 5.585865 9.020243
v -16.526796 5.412768 8.899819
v -15.158916 4.760200 9.197879
v -15.365563 4.721275 9.351846
v -15.602051 4.760200 9.457972
v -15.742399 5.274960 9.741492
v -15.607645 5.373305 9.967376
v -15.475582 5.274960 10.196082
v -15.159616 4.760200 10.211775
v -14.952201 4.721274 10.056114
v -14.716481 4.760199 9.951682
v -14.582990 5.274959 9.672186
v -14.718805 5.373305 9.445683
v -14.849806 5.274961 9.217596
v -13.440353 6.448805 10.450206
v -13.558385 6.448806 10.578450
v -13.722784 6.448806 10.696667
v -13.786581 5.412768 10.557021
v -13.641860 5.585864 10.442592
v -13.537477 5.669603 10.339396
v -16.098524 5.284837 9.631837
v -16.274567 5.452326 9.737197
v -16.426199 5.548374 9.826921
v -15.435534 5.669603 11.453437
v -15.283867 5.585864 11.406348
v -15.101231 5.412768 11.328638
v -14.423698 9.155446 11.465598
v -14.193286 9.169529 11.349123
v -13.980564 9.155446 11.205506
v -14.582532 6.448805 11.204390
v -14.356762 6.448806 11.071877
v -14.133050 6.448806 10.940572
v -14.802914 7.369577 11.333740
v -14.802915 7.060870 11.333740
v -14.802915 6.747374 11.333740
v -13.582295 8.662101 11.147228
v -13.551006 8.824449 11.144123
v -13.603904 8.972715 11.110414
v -14.601643 4.888298 11.162425
v -14.369066 4.856155 11.049635
v -14.158508 4.888298 10.902332
v -13.919473 6.174225 10.813373
v -13.923914 5.890038 10.803089
v -13.936573 5.545142 10.773911
v -14.828868 5.545142 11.297633
v -14.810371 5.890038 11.323385
v -14.803846 6.174225 11.332445
v -14.004411 9.157423 10.657946
v -14.163963 9.185347 10.390998
v -14.299451 9.210570 10.155270
v -14.476913 5.548375 8.682812
v -14.616891 5.452326 8.764244
v -14.781917 5.284838 8.859070
v -13.971258 4.797287 10.484529
v -14.056124 4.731916 10.283525
v -14.201499 4.761529 10.092255
v -15.064575 4.797287 11.126239
v -15.199215 4.731916 10.954448
v -15.294816 4.761530 10.733964
v -15.388504 6.448805 11.593650
v -15.206988 6.448806 11.546078
v -15.011621 6.448805 11.453135
v -15.867376 9.155446 7.990836
v -16.096405 9.169529 8.106669
v -16.310511 9.155446 8.250928
v -15.711822 6.448805 8.250728
v -15.935534 6.448806 8.382032
v -16.161303 6.448806 8.514544
v -15.497610 7.369577 8.124999
v -15.497610 7.060871 8.124999
v -15.497610 6.747375 8.124999
v -16.711624 8.662101 8.320069
v -16.743437 8.824449 8.323469
v -16.691147 8.972715 8.354955
v -15.692064 4.888299 8.289525
v -15.922788 4.856155 8.402470
v -16.135199 4.888299 8.549617
v -15.471695 5.545143 8.158437
v -15.490160 5.890038 8.134584
v -15.496679 6.174225 8.126196
v -16.381052 6.174224 8.645268
v -16.376617 5.890038 8.654881
v -16.363989 5.545143 8.682158
v -15.034021 9.080027 11.443148
v -15.264582 9.062518 11.439206
v -15.433123 9.037620 11.457545
v -16.336302 4.797287 8.959524
v -16.257372 4.731916 9.151607
v -16.116894 4.761529 9.333344
v -15.126292 9.210570 8.746531
v -15.260237 9.185347 8.523215
v -15.408973 9.157423 8.264913
v -15.242986 4.797287 8.317815
v -15.114280 4.731917 8.480682
v -15.023577 4.761530 8.691634
v -15.212148 5.412768 8.128202
v -15.042356 5.585865 8.056487
v -14.902323 5.669603 8.014030
v -16.408360 9.069081 10.124134
v -16.271397 9.069081 10.357487
v -16.133581 9.069081 10.592292
v -16.669567 9.067819 9.676002
v -16.773289 9.058980 9.477593
v -16.838024 9.037178 9.313793
v -16.534723 6.448805 10.198301
v -16.397760 6.448806 10.431655
v -16.259945 6.448806 10.666459
v -15.863032 9.067819 11.050141
v -15.735660 9.058980 11.245460
v -15.619907 9.037179 11.389168
v -16.123117 7.369577 10.899581
v -16.123117 7.060870 10.899581
v -16.123117 6.747374 10.899581
v -16.667023 8.654441 9.968375
v -16.653200 8.818454 9.960262
v -16.615686 8.960354 9.938244
v -16.408360 5.638965 10.124133
v -16.271397 5.638964 10.357486
v -16.133581 5.638965 10.592291
v -16.667023 6.182398 9.968374
v -16.653200 5.955429 9.960261
v -16.615686 5.772687 9.938244
v -16.069807 5.772687 10.868290
v -16.107321 5.955428 10.890308
v -16.121141 6.182398 10.898420
v -15.555660 7.369577 11.576928
v -15.555660 7.060870 11.576928
v -15.555660 6.747374 11.576928
v -15.544934 5.803092 11.516904
v -15.552263 5.964729 11.557921
v -15.555236 6.183561 11.574552
v -15.619907 5.677777 11.389167
v -15.735660 5.651254 11.245460
v -15.863032 5.640501 11.050140
v -15.708768 6.448805 11.483413
v -15.851431 6.448805 11.326284
v -15.988072 6.448805 11.125140
v -16.963322 8.653485 9.175516
v -16.947693 8.810810 9.180449
v -16.909147 8.935361 9.192617
v -16.963322 6.183561 9.175515
v -16.947693 5.964729 9.180449
v -16.909147 5.803092 9.192616
v -16.962669 6.448805 9.347068
v -16.900005 6.448806 9.539768
v -16.795975 6.448805 9.748671
v -16.838024 5.677779 9.313792
v -16.773289 5.651254 9.477592
v -16.669567 5.640501 9.676001
v -16.098524 9.209821 9.631838
v -16.274567 9.179351 9.737198
v -16.426199 9.138150 9.826922
v -16.592422 9.080027 8.788011
v -16.703194 9.062518 8.988161
v -16.802732 9.037620 9.124062
v -16.896030 6.448805 9.025190
v -16.764650 6.448805 8.892201
v -16.587755 6.448805 8.767787
v -13.961320 9.069081 9.317309
v -14.099135 9.069081 9.082504
v -14.236099 9.069081 8.849152
v -13.845927 6.448805 9.249580
v -13.983743 6.448806 9.014776
v -14.120707 6.448806 8.781424
v -13.710902 8.654441 9.483761
v -13.723524 8.818454 9.491168
v -13.757781 8.960354 9.511275
v -14.254979 7.369577 8.552655
v -14.254979 7.060871 8.552655
v -14.254979 6.747375 8.552655
v -13.961320 5.638966 9.317308
v -14.099135 5.638965 9.082503
v -14.236099 5.638966 8.849151
v -13.710902 6.182398 9.483760
v -13.723523 5.955428 9.491167
v -13.757781 5.772687 9.511274
v -14.303660 5.772687 8.581227
v -14.269403 5.955429 8.561121
v -14.256783 6.182398 8.553713
v -13.385563 8.653485 10.301089
v -13.400709 8.810810 10.295094
v -13.438067 8.935361 10.280305
v -13.385563 6.183560 10.301088
v -13.400709 5.964729 10.295093
v -13.438067 5.803093 10.280304
v -13.513041 9.037178 10.152568
v -13.584105 9.058980 9.982631
v -13.693359 9.067819 9.776678
v -13.396742 6.448805 10.126397
v -13.467633 6.448806 9.927143
v -13.577832 6.448805 9.710480
v -13.513041 5.677778 10.152567
v -13.584105 5.651254 9.982630
v -13.693359 5.640501 9.776676
v -14.793293 7.369577 7.899828
v -14.793293 7.060871 7.899828
v -14.793293 6.747375 7.899828
v -14.802279 5.803093 7.956017
v -14.796139 5.964729 7.917620
v -14.793649 6.183560 7.902052
v -14.499894 9.067819 8.402538
v -14.621734 9.058980 8.214764
v -14.731157 9.037179 8.077192
v -14.731157 5.677777 8.077191
v -14.621734 5.651255 8.214763
v -14.499894 5.640501 8.402537
v -14.385736 6.448806 8.334009
v -14.516208 6.448806 8.140627
v -14.650644 6.448805 7.990051
v -13.535066 9.037620 10.343504
v -13.622575 9.062518 10.475451
v -13.719373 9.080027 10.671530
v -15.298917 6.448805 8.011319
v -15.116047 6.448806 7.924572
v -14.947879 6.448805 7.881746
v -15.277773 9.080027 8.016394
v -15.061187 9.062518 8.024405
v -14.904676 9.037620 8.010019
v -14.739246 8.293397 11.450327
v -14.784656 8.108344 11.367201
v -14.800632 7.898566 11.337923
v -13.918839 6.747374 10.814842
v -13.918839 7.060870 10.814843
v -13.918839 7.369577 10.814843
v -15.558558 8.293397 8.010444
v -15.515085 8.108344 8.092120
v -15.499795 7.898567 8.120889
v -16.381685 6.747375 8.643897
v -16.381685 7.060871 8.643896
v -16.381685 7.369577 8.643896
v -16.123117 8.300614 10.899581
v -16.123117 8.110801 10.899581
v -16.123117 7.898873 10.899581
v -16.668997 6.747374 9.969534
v -16.668997 7.060870 9.969534
v -16.668997 7.369577 9.969534
v -15.555660 8.300614 11.576928
v -15.555660 8.110801 11.576928
v -15.555660 7.898873 11.576928
v -16.965553 6.747375 9.174811
v -16.965553 7.060871 9.174811
v -16.965553 7.369577 9.174811
v -13.709100 6.747374 9.482702
v -13.709099 7.060870 9.482702
v -13.709100 7.369577 9.482702
v -14.254979 8.300614 8.552655
v -14.254979 8.110801 8.552655
v -14.254979 7.898873 8.552655
v -13.383399 6.747374 10.301946
v -13.383399 7.060870 10.301946
v -13.383399 7.369577 10.301946
v -14.793293 8.300614 7.899828
v -14.793293 8.110801 7.899828
v -14.793293 7.898873 7.899828
v -15.298917 7.653776 8.011319
v -15.116047 7.653776 7.924572
v -14.947879 7.653775 7.881746
v -14.385736 7.653776 8.334009
v -14.516208 7.653776 8.140627
v -14.650644 7.653776 7.990051
v -13.845927 7.653776 9.249580
v -13.983743 7.653776 9.014776
v -14.120707 7.653776 8.781424
v -13.577832 7.653775 9.710480
v -13.467633 7.653775 9.927143
v -13.396742 7.653774 10.126397
v -16.587755 7.653776 8.767787
v -16.764650 7.653776 8.892201
v -16.896030 7.653776 9.025190
v -15.988072 7.653775 11.125140
v -15.851431 7.653775 11.326284
v -15.708768 7.653775 11.483413
v -16.795975 7.653775 9.748671
v -16.900005 7.653775 9.539768
v -16.962669 7.653775 9.347068
v -16.534723 7.653775 10.198301
v -16.397760 7.653775 10.431655
v -16.259945 7.653775 10.666459
v -15.711822 7.653776 8.250728
v -15.935534 7.653776 8.382032
v -16.161303 7.653776 8.514544
v -15.011621 7.653775 11.453135
v -15.206988 7.653775 11.546078
v -15.388504 7.653774 11.593649
v -14.582532 7.653775 11.204390
v -14.356762 7.653775 11.071877
v -14.133050 7.653775 10.940572
v -13.722784 7.653775 10.696667
v -13.558385 7.653775 10.578450
v -13.440353 7.653775 10.450206
v -13.916259 7.898566 10.818851
v -13.898197 8.108344 10.846905
v -13.846951 8.293397 10.926606
v -16.384169 7.898567 8.639961
v -16.401543 8.108344 8.612415
v -16.450853 8.293397 8.534165
v -16.668997 7.898873 9.969534
v -16.668997 8.110801 9.969534
v -16.668997 8.300614 9.969534
v -16.965553 7.898873 9.174811
v -16.965553 8.110801 9.174811
v -16.965553 8.300614 9.174811
v -13.709100 7.898873 9.482702
v -13.709099 8.110801 9.482702
v -13.709100 8.300614 9.482702
v -13.383399 7.898873 10.301946
v -13.383399 8.110801 10.301946
v -13.383399 8.300614 10.301946
v -14.697221 8.972715 11.752123
v -14.694098 8.824449 11.815047
v -14.675612 8.662101 11.788938
v -15.597830 8.972715 7.713245
v -15.600346 8.824449 7.652544
v -15.618306 8.662101 7.678360
v -16.069807 8.960354 10.868291
v -16.107321 8.818454 10.890309
v -16.121141 8.654441 10.898421
v -15.544934 8.935361 11.516905
v -15.552264 8.810810 11.557922
v -15.555236 8.653485 11.574553
v -14.303660 8.960354 8.581228
v -14.269403 8.818454 8.561122
v -14.256783 8.654441 8.553714
v -14.802279 8.935361 7.956017
v -14.796138 8.810810 7.917620
v -14.793649 8.653485 7.902052
v -13.641129 8.479370 10.802696
v -13.534399 8.479370 10.608549
v -13.437355 8.479370 10.453968
v -14.346289 8.405656 11.597486
v -14.111777 8.386000 11.487993
v -13.903154 8.405657 11.337394
v -15.940731 8.405656 7.865858
v -16.173643 8.386000 7.975075
v -16.383865 8.405657 8.125950
v -16.534723 8.479371 10.198301
v -16.397760 8.479370 10.431655
v -16.259945 8.479371 10.666459
v -15.988072 8.479370 11.125140
v -15.851431 8.479370 11.326284
v -15.708768 8.479371 11.483413
v -16.666704 8.479370 8.663797
v -16.787853 8.479370 8.862683
v -16.898932 8.479370 9.021501
v -13.845927 8.479371 9.249580
v -13.983743 8.479370 9.014776
v -14.120707 8.479371 8.781424
v -14.385736 8.479370 8.334009
v -14.516208 8.479370 8.140627
v -14.650644 8.479371 7.990051
v -15.350096 8.479370 7.891030
v -15.130177 8.479371 7.889729
v -14.949646 8.479370 7.877390
v -13.577832 8.479370 9.710480
v -13.467633 8.479371 9.927143
v -13.396742 8.479370 10.126397
v -16.795975 8.479370 9.748671
v -16.900005 8.479371 9.539768
v -16.962669 8.479370 9.347068
v -14.957737 8.479370 11.575463
v -15.192075 8.479371 11.581502
v -15.386641 8.479370 11.598078
v -16.989361 9.035917 6.256067
v -17.160173 9.048880 6.292402
v -17.275177 9.035915 6.423823
v -17.408272 8.728234 6.501943
v -17.453827 8.833197 6.464758
v -17.408272 8.938159 6.501944
v -16.856264 8.938161 6.177948
v -16.866520 8.833198 6.120047
v -16.856264 8.728235 6.177948
v -16.989361 8.630479 6.256067
v -17.160173 8.617517 6.292402
v -17.275177 8.630478 6.423823
v -16.024265 8.555882 7.389576
v -16.351009 8.595128 6.936208
v -16.639418 8.627680 6.539632
v -16.638657 9.037620 6.540929
v -16.344915 9.062518 6.946590
v -16.003027 9.080027 7.425760
v -16.758877 8.555882 7.820747
v -16.993387 8.595128 7.313243
v -17.198311 8.627680 6.867668
v -17.197550 9.037620 6.868965
v -16.987293 9.062518 7.323627
v -16.737638 9.080027 7.856933
v -13.271277 9.035916 13.245497
v -13.099791 9.048879 13.210310
v -12.985460 9.035915 13.077741
v -12.852365 8.728234 12.999621
v -12.806138 8.833197 13.037953
v -12.852365 8.938160 12.999621
v -13.404373 8.938160 13.323617
v -13.393444 8.833197 13.382667
v -13.404373 8.728234 13.323616
v -13.271277 8.630478 13.245497
v -13.099791 8.617517 13.210310
v -12.985461 8.630478 13.077741
v -14.279531 9.080027 12.044950
v -13.927987 9.062518 12.535942
v -13.627275 9.037620 12.951845
v -13.068383 9.037620 12.623810
v -13.285609 9.062518 12.158906
v -13.544920 9.080027 11.613781
v -13.067579 8.627680 12.625179
v -13.279179 8.595128 12.169864
v -13.522508 8.555882 11.651965
v -14.257118 8.555882 12.083137
v -13.921556 8.595128 12.546899
v -13.626472 8.627680 12.953216
v -15.302472 1.244688 9.058640
v -15.469711 1.226482 9.200461
v -15.681417 1.175503 9.310616
v -15.069625 1.175503 10.352960
v -14.870574 1.226482 10.221246
v -14.664159 1.244688 10.146171
v -14.596895 1.175502 11.158377
v -14.384850 1.226482 11.048801
v -14.218665 1.244688 10.905184
v -14.109197 1.247290 10.547936
v -14.173927 1.247288 10.368681
v -14.298876 1.247289 10.224769
v -15.039627 1.254216 11.113598
v -15.166876 1.308674 10.951480
v -15.246381 1.254216 10.761339
v -15.724626 1.244688 8.339393
v -15.929987 1.226482 8.416264
v -16.129379 1.175503 8.547397
v -16.313103 1.254216 8.943905
v -16.239014 1.308674 9.124819
v -16.117180 1.254216 9.277709
v -15.366044 1.247289 8.406573
v -15.246065 1.247288 8.542019
v -15.186303 1.247290 8.712810
v -15.122851 4.007604 8.921429
v -15.179334 3.033071 8.900953
v -15.199310 2.071996 8.893727
v -15.529471 2.073325 8.331213
v -15.519924 3.043712 8.320669
v -15.492893 4.044691 8.290967
v -16.232775 4.042428 8.724525
v -16.204464 3.025618 8.716805
v -16.226053 2.010405 8.720581
v -15.878883 2.009074 9.312077
v -15.858942 3.014976 9.305489
v -15.862116 4.005342 9.356037
v -14.065519 4.044690 10.722867
v -14.104964 3.043713 10.731418
v -14.118944 2.073326 10.734409
v -14.467311 2.071995 10.140877
v -14.464000 3.033070 10.119709
v -14.454673 4.007603 10.059843
v -15.164364 2.009074 10.529444
v -15.148675 3.014976 10.515612
v -15.194571 4.005341 10.493372
v -14.798047 2.010404 11.153560
v -14.784437 3.025618 11.136185
v -14.804767 4.042428 11.157504
v -15.405497 -0.061545 8.961124
v -15.553194 -0.085595 9.082606
v -15.743073 -0.095346 9.208158
v -15.006884 -0.095346 10.462445
v -14.804350 -0.085595 10.358457
v -14.625435 -0.061546 10.290160
v -14.661898 -0.095346 11.050218
v -14.472361 -0.085595 10.924086
v -14.325502 -0.061545 10.801172
v -14.262350 -0.060153 10.597347
v -14.321869 -0.074451 10.455513
v -14.416686 -0.060152 10.334396
v -14.941239 -0.169921 11.036294
v -15.036079 -0.194316 10.874710
v -15.130919 -0.169922 10.713126
v -15.689714 -0.061546 8.476885
v -15.867789 -0.085596 8.546612
v -16.069983 -0.095345 8.651181
v -16.198088 -0.169921 8.894931
v -16.108215 -0.194316 9.048049
v -16.018345 -0.169922 9.201167
v -15.484780 -0.060153 8.514623
v -15.394007 -0.074451 8.628852
v -15.338530 -0.060152 8.763798
v -15.278777 0.531944 10.475718
v -15.280777 0.228455 10.462009
v -15.259055 0.029291 10.495338
v -14.813562 0.029291 11.254352
v -14.795053 0.228455 11.289565
v -14.806047 0.531944 11.281136
v -14.187833 0.061605 10.720369
v -14.142121 0.274852 10.730255
v -14.123589 0.654283 10.734263
v -15.890568 0.531944 9.433375
v -15.879914 0.228455 9.441225
v -15.897369 0.029291 9.407806
v -15.267827 0.061606 8.880322
v -15.222956 0.274852 8.888777
v -15.204763 0.654283 8.892204
v -15.552045 0.061605 8.396082
v -15.537551 0.274852 8.352782
v -15.531674 0.654283 8.335228
v -16.319523 0.029291 8.688560
v -16.340189 0.228455 8.657027
v -16.338531 0.531943 8.670156
v -14.487765 0.061605 10.209356
v -14.474111 0.274852 10.164626
v -14.468575 0.654283 10.146492
v -15.489129 0.387087 11.317391
v -15.577222 0.401385 11.192327
v -15.643465 0.387086 11.054440
v -16.711559 0.387085 9.234667
v -16.649359 0.401384 9.365665
v -16.565310 0.387086 9.483841
v -15.489129 -0.060152 11.317391
v -15.577222 -0.074451 11.192327
v -15.643465 -0.060153 11.054440
v -16.711559 -0.060153 9.234667
v -16.649359 -0.074451 9.365665
v -16.565310 -0.060152 9.483841
v -15.715336 0.279251 10.931991
v -15.735790 0.163467 10.922166
v -15.715336 0.047682 10.931991
v -15.417259 0.047683 11.439840
v -15.418653 0.163467 11.462488
v -15.417259 0.279251 11.439840
v -16.497206 0.279250 9.599874
v -16.499098 0.163467 9.621673
v -16.497206 0.047682 9.599875
v -16.779665 0.047682 9.118633
v -16.799620 0.163467 9.109659
v -16.779663 0.279250 9.118633
v -15.415737 0.648625 10.681857
v -15.542715 0.477517 10.785872
v -15.631536 0.396603 10.879935
v -15.330954 0.396604 11.392056
v -15.205523 0.477517 11.360366
v -15.052800 0.648625 11.300213
v -15.390681 -0.095346 10.687711
v -15.534933 -0.085594 10.787264
v -15.630564 -0.061546 10.880109
v -16.126869 -0.095346 9.433424
v -16.283777 -0.085595 9.511414
v -16.410625 -0.061546 9.551073
v -16.694843 -0.061545 9.066833
v -16.598373 -0.085594 8.975420
v -16.453781 -0.095346 8.876447
v -15.045695 -0.095346 11.275483
v -15.202944 -0.085595 11.352892
v -15.330631 -0.061546 11.391121
v -16.134445 0.648624 9.457353
v -16.286493 0.477517 9.518655
v -16.410965 0.396603 9.551978
v -16.695801 0.396602 9.066689
v -16.606020 0.477516 8.974260
v -16.478367 0.648625 8.871394
v -15.192579 11.331944 9.058659
v -15.466962 11.368577 9.177224
v -15.704255 11.331944 9.358980
v -15.850259 10.092342 9.191442
v -15.588275 10.092342 8.970535
v -15.267673 10.092342 8.849500
v -14.953309 11.052958 8.914971
v -14.933270 10.737405 8.837985
v -14.929558 10.391725 8.823724
v -14.514134 11.331944 9.668756
v -14.632700 11.368577 9.394373
v -14.814456 11.331944 9.157080
v -14.646918 10.092342 9.011076
v -14.426011 10.092342 9.273060
v -14.304976 10.092342 9.593662
v -14.370447 11.052958 9.908026
v -14.293461 10.737405 9.928064
v -14.279200 10.391725 9.931777
v -15.124231 11.331944 10.347200
v -14.849849 11.368577 10.228635
v -14.612556 11.331944 10.046879
v -14.466552 10.092342 10.214417
v -14.728536 10.092342 10.435324
v -15.049138 10.092342 10.556359
v -15.363502 11.052958 10.490888
v -15.383540 10.737405 10.567874
v -15.387253 10.391725 10.582135
v -15.802676 11.331944 9.737104
v -15.684111 11.368577 10.011486
v -15.502355 11.331944 10.248779
v -16.037611 10.391725 9.474082
v -16.023350 10.737405 9.477795
v -15.946363 11.052958 9.497833
v -15.669892 10.092342 10.394783
v -15.890800 10.092342 10.132799
v -16.011835 10.092342 9.812197
v -15.630497 9.663678 9.353912
v -15.451730 9.663678 9.203175
v -15.232965 9.663678 9.120584
v -14.809388 9.663678 9.230838
v -14.658651 9.663678 9.409605
v -14.576061 9.663678 9.628370
v -14.686314 9.663678 10.051947
v -14.865081 9.663678 10.202682
v -15.083846 9.663678 10.285274
v -15.507422 9.663678 10.175021
v -15.658160 9.663678 9.996254
v -15.740749 9.663678 9.777489
v -15.942857 9.898145 9.498746
v -15.869439 9.788759 9.517856
v -15.796021 9.724000 9.536965
v -14.992441 9.724000 9.065313
v -14.973331 9.788759 8.991896
v -14.954222 9.898145 8.918478
v -14.520789 9.724000 9.868894
v -14.447371 9.788759 9.888003
v -14.373954 9.898145 9.907113
v -15.324369 9.724000 10.340546
v -15.343479 9.788759 10.413963
v -15.362589 9.898145 10.487381
v -15.709374 9.272129 9.268390
v -15.503600 9.276635 9.112938
v -15.266240 9.272129 9.008298
v -14.739650 9.272129 9.152942
v -14.581367 9.276635 9.365015
v -14.472833 9.272129 9.607532
v -14.600443 9.272129 10.142654
v -14.807313 9.276635 10.299242
v -15.043577 9.272129 10.402747
v -15.566151 9.272129 10.249241
v -15.724458 9.276635 10.035939
v -15.832967 9.272129 9.794651
v -15.298950 9.576927 10.243861
v -15.297365 9.470157 10.244605
v -15.305616 9.359004 10.295707
v -15.746555 9.359004 9.544454
v -15.698753 9.470157 9.560737
v -15.699171 9.576927 9.561981
v -15.017717 9.576927 9.162010
v -15.018294 9.470157 9.161350
v -15.007184 9.359004 9.110489
v -14.566245 9.359004 9.861742
v -14.616906 9.470157 9.845219
v -14.617496 9.576927 9.843890
v -15.116498 9.210570 8.740783
v -15.249924 9.185347 8.517161
v -15.399179 9.157423 8.259164
v -14.214213 5.284837 9.780959
v -14.037837 5.452327 9.676168
v -13.886086 5.548374 9.586647
v -14.289656 9.210570 10.149521
v -14.153650 9.185347 10.384945
v -13.994617 9.157423 10.652197
v -16.381325 9.138150 9.800585
v -16.241982 9.179351 9.718072
v -16.078732 9.209821 9.620220
v -14.214213 9.209821 9.780960
v -14.037837 9.179351 9.676169
v -13.886086 9.138150 9.586647
v -15.530821 9.209821 10.553727
v -15.695513 9.179351 10.649122
v -15.835372 9.138150 10.730757
v -15.835372 5.548374 10.730756
v -15.695513 5.452326 10.649121
v -15.530821 5.284837 10.553726
v -14.859775 5.669603 7.989057
v -15.010482 5.585865 8.037779
v -15.192444 5.412769 8.116637
v -15.599113 4.760200 9.456247
v -15.363935 4.721274 9.350891
v -15.155979 4.760200 9.196155
v -14.840012 5.274960 9.211847
v -14.708492 5.373304 9.439630
v -14.573195 5.274960 9.666437
v -14.713543 4.760200 9.949958
v -14.950574 4.721274 10.055160
v -15.156678 4.760199 10.210051
v -15.465788 5.274960 10.190333
v -15.597332 5.373305 9.961323
v -15.732604 5.274960 9.735744
v -15.343590 6.448805 11.567286
v -15.174074 6.448806 11.526759
v -14.990707 6.448806 11.440860
v -15.081527 5.412769 11.317074
v -15.251993 5.585864 11.387640
v -15.392985 5.669603 11.428464
v -14.762124 5.284838 8.847452
v -14.584306 5.452326 8.745118
v -14.432040 5.548375 8.656474
v -13.494928 5.669603 10.314423
v -13.609986 5.585864 10.423883
v -13.766878 5.412768 10.545456
v -13.977627 9.155446 11.203782
v -14.191658 9.169529 11.348168
v -14.420761 9.155446 11.463874
v -14.128250 6.448805 10.937754
v -14.354019 6.448806 11.070267
v -14.577732 6.448806 11.201572
v -13.907867 7.369577 10.808403
v -13.907867 7.060870 10.808403
v -13.907867 6.747374 10.808403
v -14.665818 8.662101 11.783189
v -14.683784 8.824449 11.808994
v -14.687427 8.972715 11.746373
v -14.155571 4.888298 10.900608
v -14.367439 4.856154 11.048679
v -14.598705 4.888298 11.160701
v -14.792916 6.174224 11.326030
v -14.799729 5.890038 11.317139
v -14.819032 5.545142 11.291861
v -13.926737 5.545142 10.768139
v -13.913272 5.890038 10.796843
v -13.908543 6.174224 10.806957
v -14.887209 9.157423 11.176093
v -15.042491 9.185347 10.906639
v -15.182248 9.210570 10.673417
v -16.381325 5.548374 9.800584
v -16.241982 5.452327 9.718071
v -16.078732 5.284837 9.620219
v -15.054780 4.797287 11.120491
v -15.188902 4.731916 10.948395
v -15.285022 4.761529 10.728215
v -13.961463 4.797287 10.478781
v -14.045811 4.731917 10.277472
v -14.191704 4.761529 10.086506
v -13.395439 6.448805 10.423843
v -13.525471 6.448806 10.559132
v -13.701870 6.448805 10.684392
v -16.307573 9.155446 8.249204
v -16.094778 9.169529 8.105715
v -15.864439 9.155446 7.989110
v -16.156504 6.448805 8.511728
v -15.932791 6.448806 8.380423
v -15.707022 6.448806 8.247910
v -16.370714 7.369577 8.637457
v -16.370714 7.060871 8.637457
v -16.370714 6.747375 8.637457
v -15.608512 8.662101 7.672609
v -15.590033 8.824449 7.646492
v -15.588036 8.972715 7.707497
v -16.132261 4.888299 8.547893
v -15.921161 4.856154 8.401515
v -15.689127 4.888299 8.287801
v -16.354155 5.545143 8.676386
v -16.365976 5.890038 8.648634
v -16.370123 6.174224 8.638853
v -15.485748 6.174224 8.119781
v -15.479518 5.890038 8.128338
v -15.461859 5.545143 8.152664
v -13.699669 9.080027 10.659966
v -13.590701 9.062518 10.456742
v -13.492517 9.037620 10.318530
v -15.233191 4.797287 8.312066
v -15.103967 4.731916 8.474629
v -15.013782 4.761529 8.685885
v -16.009090 9.210570 9.264679
v -16.138763 9.185347 9.038856
v -16.291771 9.157423 8.783060
v -16.326508 4.797287 8.953775
v -16.247059 4.731917 9.145553
v -16.107100 4.761529 9.327595
v -16.507093 5.412768 8.888255
v -16.652489 5.585865 9.001535
v -16.757832 5.669603 9.103098
v -14.181243 9.069081 8.816954
v -14.044279 9.069081 9.050307
v -13.906463 9.069081 9.285111
v -14.445155 9.067819 8.370410
v -14.567816 9.058980 8.183118
v -14.679268 9.037178 8.046737
v -14.054878 6.448805 8.742786
v -13.917914 6.448806 8.976139
v -13.780099 6.448806 9.210944
v -13.638620 9.067819 9.744549
v -13.530188 9.058980 9.950985
v -13.461151 9.037179 10.122112
v -13.643271 7.369577 9.444065
v -13.643270 7.060871 9.444065
v -13.643271 6.747375 9.444065
v -14.191126 8.654441 8.515178
v -14.204947 8.818454 8.523290
v -14.242461 8.960354 8.545308
v -14.181243 5.638966 8.816953
v -14.044279 5.638965 9.050306
v -13.906463 5.638966 9.285110
v -14.191125 6.182398 8.515177
v -14.204947 5.955430 8.523289
v -14.242461 5.772687 8.545307
v -13.696581 5.772686 9.475354
v -13.659066 5.955429 9.453335
v -13.645246 6.182398 9.445223
v -13.328543 7.369577 10.269748
v -13.328543 7.060870 10.269748
v -13.328543 6.747374 10.269748
v -13.386178 5.803092 10.249847
v -13.346792 5.964728 10.263446
v -13.330824 6.183560 10.268959
v -13.461151 5.677777 10.122111
v -13.530188 5.651254 9.950984
v -13.638620 5.640501 9.744548
v -13.335543 6.448806 10.090477
v -13.403177 6.448806 9.889311
v -13.512176 6.448806 9.671943
v -14.738909 8.653485 7.869925
v -14.742221 8.810810 7.885973
v -14.750391 8.935361 7.925560
v -14.738909 6.183560 7.869925
v -14.742221 5.964728 7.885973
v -14.750391 5.803092 7.925560
v -14.589445 6.448805 7.954132
v -14.451751 6.448806 8.102795
v -14.320078 6.448805 8.295473
v -14.679268 5.677779 8.046736
v -14.567817 5.651255 8.183117
v -14.445155 5.640501 8.370409
v -14.762124 9.209821 8.847453
v -14.584306 9.179351 8.745119
v -14.432040 9.138150 8.656475
v -15.258069 9.080027 8.004827
v -15.029313 9.062518 8.005696
v -14.862128 9.037620 7.985045
v -14.902966 6.448806 7.855384
v -15.083133 6.448806 7.905253
v -15.278003 6.448806 7.999043
v -16.078724 9.069081 10.560094
v -16.216539 9.069081 10.325290
v -16.353504 9.069081 10.091936
v -16.194117 6.448805 10.627822
v -16.331932 6.448806 10.393018
v -16.468895 6.448806 10.159664
v -16.055485 8.654441 10.859885
v -16.042864 8.818454 10.852477
v -16.008608 8.960354 10.832371
v -16.603168 7.369577 9.930897
v -16.603168 7.060870 9.930897
v -16.603168 6.747374 9.930897
v -16.078724 5.638965 10.560093
v -16.216539 5.638964 10.325289
v -16.353504 5.638965 10.091935
v -16.055485 6.182398 10.859884
v -16.042864 5.955428 10.852476
v -16.008608 5.772686 10.832370
v -16.554487 5.772686 9.902323
v -16.588745 5.955428 9.922430
v -16.601364 6.182398 9.929837
v -15.500496 8.653485 11.542424
v -15.498346 8.810810 11.526277
v -15.493045 8.935361 11.486449
v -15.500496 6.183561 11.542422
v -15.498346 5.964728 11.526276
v -15.493045 5.803093 11.486448
v -15.568018 9.037178 11.358712
v -15.681743 9.058980 11.213814
v -15.808293 9.067819 11.018012
v -15.647569 6.448805 11.447493
v -15.786974 6.448806 11.288452
v -15.922416 6.448805 11.086604
v -15.568018 5.677778 11.358711
v -15.681743 5.651254 11.213813
v -15.808293 5.640500 11.018011
v -16.910696 7.369577 9.142614
v -16.910696 7.060871 9.142613
v -16.910696 6.747375 9.142614
v -16.857258 5.803093 9.162161
v -16.893776 5.964728 9.148803
v -16.908581 6.183561 9.143387
v -16.614828 9.067819 9.643873
v -16.719372 9.058980 9.445947
v -16.786135 9.037179 9.283337
v -16.786135 5.677777 9.283336
v -16.719372 5.651255 9.445946
v -16.614828 5.640501 9.643872
v -16.730318 6.448806 9.710134
v -16.835548 6.448806 9.501936
v -16.901470 6.448805 9.311148
v -15.390574 9.037620 11.432572
v -15.232707 9.062518 11.420499
v -15.014318 9.080027 11.431581
v -16.566841 6.448805 8.755511
v -16.731735 6.448806 8.872882
v -16.851116 6.448805 8.998829
v -16.572718 9.080027 8.776446
v -16.671320 9.062518 8.969453
v -16.760185 9.037620 9.099088
v -13.837116 8.293397 10.920833
v -13.887555 8.108344 10.840658
v -13.905328 7.898566 10.812435
v -14.791943 6.747374 11.327301
v -14.791943 7.060870 11.327301
v -14.791943 7.369577 11.327301
v -16.441017 8.293397 8.528392
v -16.390902 8.108344 8.606170
v -16.373238 7.898567 8.633546
v -15.486639 6.747375 8.118560
v -15.486639 7.060871 8.118559
v -15.486639 7.369577 8.118560
v -13.643271 8.300614 9.444065
v -13.643271 8.110801 9.444065
v -13.643271 7.898873 9.444065
v -14.189151 6.747375 8.514018
v -14.189151 7.060871 8.514018
v -14.189151 7.369577 8.514018
v -13.328543 8.300614 10.269748
v -13.328543 8.110801 10.269748
v -13.328543 7.898873 10.269748
v -14.738436 6.747375 7.867631
v -14.738436 7.060871 7.867630
v -14.738436 7.369577 7.867630
v -16.057289 6.747374 10.860944
v -16.057289 7.060870 10.860944
v -16.057289 7.369577 10.860944
v -16.603168 8.300614 9.930897
v -16.603168 8.110801 9.930897
v -16.603168 7.898873 9.930897
v -15.500803 6.747374 11.544730
v -15.500803 7.060870 11.544730
v -15.500803 7.369577 11.544730
v -16.910696 8.300614 9.142614
v -16.910696 8.110801 9.142613
v -16.910696 7.898873 9.142614
v -16.566841 7.653775 8.755511
v -16.731735 7.653775 8.872882
v -16.851116 7.653775 8.998829
v -16.730318 7.653775 9.710134
v -16.835548 7.653775 9.501936
v -16.901470 7.653776 9.311148
v -16.194117 7.653775 10.627822
v -16.331932 7.653775 10.393018
v -16.468895 7.653775 10.159664
v -15.922416 7.653774 11.086604
v -15.786974 7.653774 11.288452
v -15.647569 7.653774 11.447493
v -15.278003 7.653776 7.999043
v -15.083133 7.653776 7.905253
v -14.902966 7.653776 7.855384
v -13.512176 7.653775 9.671943
v -13.403176 7.653775 9.889311
v -13.335543 7.653775 10.090477
v -14.320078 7.653775 8.295472
v -14.451751 7.653775 8.102795
v -14.589445 7.653775 7.954132
v -14.054878 7.653776 8.742786
v -13.917914 7.653776 8.976139
v -13.780099 7.653776 9.210944
v -16.156504 7.653776 8.511728
v -15.932791 7.653776 8.380423
v -15.707022 7.653776 8.247910
v -13.701870 7.653774 10.684392
v -13.525471 7.653774 10.559132
v -13.395439 7.653774 10.423843
v -14.128250 7.653775 10.937754
v -14.354019 7.653775 11.070267
v -14.577732 7.653775 11.201572
v -14.990707 7.653775 11.440860
v -15.174074 7.653775 11.526759
v -15.343590 7.653775 11.567286
v -14.789701 7.898566 11.331508
v -14.774013 8.108344 11.360954
v -14.729411 8.293397 11.444554
v -15.488864 7.898567 8.114473
v -15.504443 8.108344 8.085874
v -15.548722 8.293397 8.004671
v -14.189151 7.898873 8.514018
v -14.189151 8.110801 8.514018
v -14.189151 8.300614 8.514018
v -14.738436 7.898873 7.867630
v -14.738436 8.110801 7.867631
v -14.738436 8.300614 7.867630
v -16.057289 7.898873 10.860944
v -16.057289 8.110801 10.860944
v -16.057289 8.300614 10.860944
v -15.500803 7.898873 11.544730
v -15.500803 8.110801 11.544730
v -15.500803 8.300614 11.544730
v -13.594110 8.972715 11.104665
v -13.540693 8.824449 11.138070
v -13.572501 8.662101 11.141479
v -16.681353 8.972715 8.349206
v -16.733124 8.824449 8.317416
v -16.701828 8.662101 8.314320
v -13.696581 8.960354 9.475355
v -13.659066 8.818454 9.453336
v -13.645246 8.654441 9.445224
v -13.386178 8.935361 10.249848
v -13.346792 8.810810 10.263447
v -13.330824 8.653485 10.268960
v -16.554487 8.960354 9.902324
v -16.588745 8.818454 9.922431
v -16.601364 8.654441 9.929838
v -16.857258 8.935361 9.162162
v -16.893776 8.810810 9.148804
v -16.908581 8.653485 9.143388
v -14.937943 8.479370 11.563847
v -15.159490 8.479370 11.562376
v -15.341767 8.479370 11.571740
v -13.900217 8.405656 11.335670
v -14.110150 8.386000 11.487038
v -14.343351 8.405657 11.595762
v -16.380928 8.405656 8.124226
v -16.172014 8.386000 7.974120
v -15.937794 8.405657 7.864133
v -14.054878 8.479371 8.742786
v -13.917914 8.479370 8.976139
v -13.780099 8.479370 9.210944
v -13.512176 8.479371 9.671943
v -13.403176 8.479370 9.889311
v -13.335543 8.479371 10.090477
v -15.330303 8.479370 7.879414
v -15.097591 8.479370 7.870605
v -14.904773 8.479370 7.851054
v -16.194117 8.479371 10.627822
v -16.331932 8.479370 10.393018
v -16.468895 8.479370 10.159664
v -16.730318 8.479371 9.710134
v -16.835548 8.479370 9.501936
v -16.901470 8.479371 9.311148
v -16.646912 8.479371 8.652181
v -16.755268 8.479371 8.843557
v -16.854057 8.479370 8.995163
v -15.922416 8.479370 11.086604
v -15.786974 8.479371 11.288452
v -15.647569 8.479370 11.447493
v -14.320078 8.479370 8.295473
v -14.451751 8.479371 8.102795
v -14.589445 8.479370 7.954132
v -13.621336 8.479371 10.791080
v -13.501814 8.479371 10.589423
v -13.392482 8.479370 10.427630
v -17.275177 9.035915 6.423823
v -17.160173 9.048880 6.292402
v -16.989361 9.035916 6.256067
v -16.856264 8.728235 6.177948
v -16.866520 8.833198 6.120047
v -16.856264 8.938161 6.177948
v -17.408272 8.938159 6.501944
v -17.453827 8.833197 6.464758
v -17.408272 8.728234 6.501944
v -17.275177 8.630478 6.423823
v -17.160173 8.617517 6.292402
v -16.989361 8.630479 6.256067
v -16.756041 8.555882 7.819084
v -16.992573 8.595128 7.312767
v -17.198210 8.627680 6.867608
v -17.197449 9.037620 6.868906
v -16.986479 9.062518 7.323150
v -16.734802 9.080027 7.855268
v -16.021429 8.555882 7.387912
v -16.350195 8.595128 6.935730
v -16.639317 8.627680 6.539572
v -16.638556 9.037620 6.540871
v -16.344101 9.062518 6.946114
v -16.000191 9.080027 7.424097
v -12.985461 9.035915 13.077741
v -13.099791 9.048879 13.210310
v -13.271277 9.035915 13.245497
v -13.404373 8.728234 13.323616
v -13.393443 8.833197 13.382667
v -13.404373 8.938160 13.323616
v -12.852365 8.938160 12.999621
v -12.806137 8.833197 13.037953
v -12.852365 8.728234 12.999621
v -12.985461 8.630478 13.077741
v -13.099791 8.617517 13.210310
v -13.271276 8.630478 13.245498
v -13.542084 9.080027 11.612116
v -13.284796 9.062518 12.158429
v -13.068281 9.037620 12.623751
v -13.627174 9.037620 12.951785
v -13.927173 9.062518 12.535464
v -14.276695 9.080027 12.043287
v -13.626370 8.627680 12.953156
v -13.920742 8.595128 12.546422
v -14.254283 8.555882 12.081470
v -13.519672 8.555882 11.650301
v -13.278364 8.595128 12.169386
v -13.067478 8.627680 12.625120
v -15.650693 1.244687 9.263023
v -15.445333 1.226481 9.186152
v -15.245940 1.175503 9.055019
v -14.634150 1.175503 10.097363
v -14.846195 1.226482 10.206937
v -15.012380 1.244689 10.350555
v -14.161420 1.175503 10.902779
v -14.360471 1.226481 11.034492
v -14.566886 1.244688 11.109568
v -14.932169 1.247289 11.030970
v -15.057117 1.247288 10.887058
v -15.121848 1.247289 10.707802
v -13.984663 1.254216 10.494400
v -14.064169 1.308674 10.304259
v -14.191418 1.254217 10.142141
v -16.072847 1.244689 8.543777
v -15.905608 1.226482 8.401955
v -15.693903 1.175503 8.291800
v -15.258139 1.254217 8.324707
v -15.136306 1.308674 8.477597
v -15.062217 1.254215 8.658510
v -16.189016 1.247289 8.889606
v -16.129253 1.247288 9.060396
v -16.009274 1.247289 9.195843
v -15.858065 4.007603 9.352953
v -15.848404 3.033071 9.293656
v -15.844974 2.071995 9.272691
v -16.175135 2.073325 8.710177
v -16.188995 3.043713 8.713372
v -16.228107 4.044691 8.722492
v -15.488842 4.042428 8.287884
v -15.509386 3.025618 8.308838
v -15.495562 2.010405 8.291828
v -15.148391 2.009075 8.883323
v -15.163865 3.014975 8.897521
v -15.118184 4.005342 8.919394
v -14.800733 4.044690 11.154391
v -14.774035 3.043712 11.124121
v -14.764607 2.073325 11.113373
v -15.112974 2.071995 10.519841
v -15.133070 3.033071 10.512411
v -15.189886 4.007603 10.491367
v -14.433872 2.009075 10.100690
v -14.453598 3.014975 10.107645
v -14.450639 4.005341 10.056730
v -14.067554 2.010405 10.724806
v -14.089360 3.025617 10.728218
v -14.060835 4.042428 10.720861
v -15.685604 -0.061546 9.125530
v -15.507529 -0.085596 9.055804
v -15.305335 -0.095345 8.951235
v -14.569147 -0.095346 10.205522
v -14.758684 -0.085594 10.331654
v -14.905542 -0.061545 10.454566
v -14.224161 -0.095345 10.793293
v -14.426695 -0.085596 10.897283
v -14.605610 -0.061546 10.965578
v -14.814359 -0.060152 10.921343
v -14.909175 -0.074452 10.800225
v -14.968695 -0.060153 10.658391
v -14.100126 -0.169922 10.542612
v -14.194965 -0.194315 10.381028
v -14.289805 -0.169921 10.219444
v -15.969823 -0.061546 8.641291
v -15.822124 -0.085596 8.519810
v -15.632247 -0.095345 8.394258
v -15.356974 -0.169922 8.401249
v -15.267102 -0.194315 8.554367
v -15.177232 -0.169921 8.707485
v -16.036789 -0.060153 8.838618
v -15.981312 -0.074452 8.973564
v -15.890538 -0.060152 9.087792
v -14.424997 0.531944 9.974603
v -14.435991 0.228455 9.966173
v -14.417482 0.029291 10.001388
v -13.971990 0.029291 10.760401
v -13.950268 0.228455 10.793729
v -13.952268 0.531944 10.780020
v -14.743279 0.061605 11.046382
v -14.756934 0.274851 11.091112
v -14.762470 0.654283 11.109247
v -15.036788 0.531944 8.932260
v -15.035130 0.228455 8.945389
v -15.055797 0.029291 8.913856
v -15.823274 0.061605 9.206334
v -15.837768 0.274851 9.249634
v -15.843644 0.654283 9.267188
v -16.107492 0.061605 8.722095
v -16.152363 0.274851 8.713639
v -16.170555 0.654283 8.710211
v -15.477950 0.029291 8.194609
v -15.495405 0.228455 8.161191
v -15.484751 0.531944 8.169041
v -15.043212 0.061605 10.535370
v -15.088923 0.274851 10.525483
v -15.107456 0.654283 10.521475
v -13.587579 0.387086 10.201299
v -13.653823 0.401386 10.063412
v -13.741915 0.387087 9.938348
v -14.810009 0.387085 8.118574
v -14.725960 0.401385 8.236750
v -14.663759 0.387086 8.367749
v -13.587580 -0.060152 10.201299
v -13.653823 -0.074451 10.063412
v -13.741915 -0.060153 9.938348
v -14.810009 -0.060153 8.118574
v -14.725960 -0.074451 8.236750
v -14.663759 -0.060152 8.367749
v -13.813786 0.279251 9.815899
v -13.812391 0.163467 9.793250
v -13.813786 0.047682 9.815899
v -13.515709 0.047682 10.323748
v -13.495255 0.163466 10.333572
v -13.515709 0.279251 10.323748
v -14.595654 0.279251 8.483783
v -14.575700 0.163466 8.492757
v -14.595654 0.047682 8.483783
v -14.878114 0.047682 8.002541
v -14.876220 0.163467 7.980743
v -14.878114 0.279251 8.002541
v -14.178245 0.648625 9.955526
v -14.025521 0.477516 9.895373
v -13.900091 0.396604 9.863684
v -13.599508 0.396603 10.375804
v -13.688330 0.477517 10.469866
v -13.815308 0.648626 10.573882
v -14.185349 -0.095346 9.980256
v -14.028101 -0.085594 9.902846
v -13.900414 -0.061546 9.864617
v -14.921538 -0.095345 8.725969
v -14.776945 -0.085594 8.626997
v -14.680474 -0.061545 8.535582
v -14.964693 -0.061546 8.051343
v -15.091540 -0.085595 8.091002
v -15.248449 -0.095346 8.168992
v -13.840364 -0.095345 10.568028
v -13.696112 -0.085594 10.468475
v -13.600481 -0.061545 10.375630
v -14.896953 0.648625 8.731022
v -14.769300 0.477516 8.628156
v -14.679519 0.396603 8.535727
v -14.964354 0.396604 8.050438
v -15.088825 0.477516 8.083761
v -15.240874 0.648625 8.145063
v -15.271031 11.487999 10.135626
v -14.989774 11.540838 9.990237
v -14.725709 11.487999 9.815556
v -15.445713 11.540838 9.871561
v -15.158405 11.598516 9.702929
v -14.871098 11.540838 9.534298
v -15.591102 11.487999 9.590303
v -15.327037 11.540838 9.415622
v -15.045779 11.487999 9.270233
v -14.831623 9.577017 9.260390
v -14.690379 9.577106 9.428245
v -14.612679 9.577017 9.633416
v -14.834951 9.470872 9.261228
v -14.694378 9.471586 9.430713
v -14.614864 9.470872 9.636203
v -14.813620 9.362201 9.226518
v -14.664249 9.364637 9.413317
v -14.573731 9.362201 9.635229
v -15.878038 10.392401 9.170864
v -15.866466 10.742805 9.179137
v -15.803198 11.073141 9.231997
v -15.605569 10.393076 8.941071
v -15.598616 10.748207 8.952918
v -15.556066 11.090799 9.025413
v -15.272096 10.392401 8.815213
v -15.270515 10.742805 8.829351
v -15.255209 11.073141 8.910362
v -15.690471 10.392401 10.422563
v -15.682198 10.742805 10.410990
v -15.629337 11.073141 10.347722
v -15.920264 10.393076 10.150093
v -15.908417 10.748207 10.143140
v -15.835922 11.090799 10.100590
v -16.046122 10.392401 9.816620
v -16.031984 10.742805 9.815040
v -15.950973 11.073141 9.799733
v -14.438772 10.392401 10.234995
v -14.450345 10.742805 10.226722
v -14.513613 11.073141 10.173862
v -14.711242 10.393076 10.464787
v -14.718195 10.748207 10.452941
v -14.760745 11.090799 10.380445
v -15.044715 10.392401 10.590646
v -15.046295 10.742805 10.576508
v -15.061602 11.073141 10.495497
v -14.626340 10.392401 8.983296
v -14.634613 10.742805 8.994869
v -14.687473 11.073141 9.058137
v -14.396546 10.393076 9.255766
v -14.408394 10.748207 9.262719
v -14.480888 11.090799 9.305269
v -14.270689 10.392401 9.589239
v -14.284827 10.742805 9.590819
v -14.365838 11.073141 9.606126
v -15.240829 9.724000 9.059168
v -15.482666 9.724000 9.150468
v -15.680286 9.724000 9.317101
v -15.250319 9.788759 8.985043
v -15.520002 9.788759 9.086855
v -15.740378 9.788759 9.272677
v -15.259809 9.898145 8.910918
v -15.557340 9.898145 9.023243
v -15.800469 9.898145 9.228252
v -15.802167 9.724000 9.785353
v -15.710867 9.724000 10.027190
v -15.544232 9.724000 10.224811
v -15.876292 9.788759 9.794843
v -15.774480 9.788759 10.064527
v -15.588657 9.788759 10.284903
v -15.950417 9.898145 9.804334
v -15.838092 9.898145 10.101864
v -15.633083 9.898145 10.344994
v -15.075982 9.724000 10.346691
v -14.834145 9.724000 10.255391
v -14.636524 9.724000 10.088757
v -15.066492 9.788759 10.420816
v -14.796808 9.788759 10.319004
v -14.576432 9.788759 10.133182
v -15.057001 9.898145 10.494941
v -14.759471 9.898145 10.382616
v -14.516341 9.898145 10.177608
v -14.514644 9.724000 9.620506
v -14.605944 9.724000 9.378669
v -14.772578 9.724000 9.181048
v -14.440518 9.788759 9.611016
v -14.542331 9.788759 9.341331
v -14.728153 9.788759 9.120956
v -14.366394 9.898145 9.601525
v -14.478719 9.898145 9.303995
v -14.683727 9.898145 9.060865
v -13.722784 7.369577 10.696667
v -13.722784 7.060871 10.696667
v -13.722784 6.747374 10.696667
v -13.558385 7.369577 10.578450
v -13.558385 7.060870 10.578450
v -13.558385 6.747373 10.578450
v -13.440353 7.369577 10.450206
v -13.440353 7.060871 10.450206
v -13.440353 6.747374 10.450206
v -15.485300 9.577017 10.145591
v -15.626567 9.577106 9.977729
v -15.704244 9.577017 9.772564
v -15.482761 9.470872 10.145604
v -15.623518 9.471586 9.976061
v -15.702848 9.470872 9.770630
v -15.506384 9.362201 10.182639
v -15.656344 9.364637 9.995615
v -15.746273 9.362201 9.773927
v -14.715751 9.577017 10.030187
v -14.883465 9.577106 10.171404
v -15.088551 9.577017 10.248998
v -14.715779 9.470872 10.030184
v -14.884144 9.471586 10.170539
v -15.088948 9.470872 10.249211
v -14.678522 9.362201 10.060796
v -14.861735 9.364637 10.209412
v -15.081419 9.362201 10.297271
v -15.601062 9.577017 9.375803
v -15.433320 9.577106 9.234584
v -15.228261 9.577017 9.156993
v -15.601046 9.470872 9.376722
v -15.432460 9.471586 9.236342
v -15.227876 9.470872 9.157695
v -15.638209 9.362201 9.348635
v -15.454253 9.364637 9.199906
v -15.235312 9.362201 9.112160
v -14.623325 9.218324 9.075626
v -14.474364 9.221288 9.302489
v -14.348184 9.218324 9.544401
v -14.476576 9.181804 8.989716
v -14.335968 9.182767 9.221433
v -14.201391 9.181804 9.458563
v -14.341886 9.138457 8.911169
v -14.204466 9.138577 9.144318
v -14.067055 9.138457 9.379413
v -15.440848 5.213172 10.806772
v -15.328969 5.200158 11.024446
v -15.208167 5.261363 11.201591
v -15.600946 5.433159 10.898077
v -15.480608 5.439008 11.107034
v -15.369803 5.486293 11.278990
v -15.747652 5.547665 10.982942
v -15.623308 5.560203 11.183339
v -15.513994 5.597562 11.340788
v -13.845762 5.261362 10.401944
v -13.941853 5.200158 10.210295
v -14.077096 5.213172 10.006334
v -13.711440 5.486292 10.305634
v -13.807968 5.439009 10.125299
v -13.931810 5.433159 9.918398
v -13.598320 5.597562 10.216405
v -13.683556 5.560203 10.044825
v -13.798360 5.547665 9.838828
v -15.953266 5.385106 9.856218
v -15.814299 5.430283 10.088946
v -15.678124 5.385106 10.324993
v -16.137001 5.478321 9.964281
v -15.999144 5.491448 10.197613
v -15.861817 5.478321 10.433128
v -16.291513 5.551623 10.055479
v -16.154438 5.553265 10.288830
v -16.016684 5.551623 10.523723
v -14.812943 5.198848 9.776678
v -15.045702 5.172205 9.897459
v -15.266395 5.198848 10.042827
v -14.933987 5.330924 9.571651
v -15.159491 5.314279 9.703843
v -15.386744 5.330924 9.837392
v -15.053721 5.198849 9.366449
v -15.272914 5.172205 9.510345
v -15.507174 5.198849 9.632598
v -15.140073 9.144581 11.240018
v -15.270652 9.177258 11.014604
v -15.405645 9.196249 10.789160
v -15.349958 9.127103 11.291727
v -15.463759 9.160239 11.105088
v -15.591313 9.174519 10.893416
v -15.511514 9.094679 11.342380
v -15.621202 9.124670 11.183097
v -15.746449 9.136160 10.982360
v -14.500962 9.219539 10.308218
v -14.719176 9.222737 10.453780
v -14.954414 9.219539 10.574367
v -14.369337 9.191522 10.533679
v -14.590639 9.194366 10.673029
v -14.822094 9.191522 10.799419
v -14.200320 9.172088 10.820438
v -14.420031 9.178679 10.963452
v -14.653773 9.172089 11.086587
v -16.472288 5.261363 9.047836
v -16.381758 5.200159 9.230751
v -16.251501 5.213172 9.425616
v -16.619059 5.486292 9.150562
v -16.527859 5.439010 9.322771
v -16.409088 5.433159 9.521199
v -16.743832 5.597562 9.245442
v -16.664192 5.560204 9.409925
v -16.554644 5.547665 9.608023
v -14.133050 7.369577 10.940572
v -14.356762 7.369577 11.071877
v -14.582532 7.369577 11.204390
v -14.133050 7.060871 10.940572
v -14.356762 7.060871 11.071877
v -14.582532 7.060871 11.204390
v -14.133050 6.747374 10.940572
v -14.356762 6.747374 11.071877
v -14.582532 6.747374 11.204390
v -14.133394 6.171709 10.939714
v -14.357040 6.170804 11.071377
v -14.583080 6.171710 11.203652
v -14.135801 5.869924 10.933723
v -14.358992 5.862678 11.067888
v -14.586922 5.869924 11.198503
v -14.142613 5.476490 10.919026
v -14.363596 5.454554 11.059625
v -14.595861 5.476491 11.185055
v -14.382056 5.385107 9.564281
v -14.522037 5.430284 9.330469
v -14.657198 5.385108 9.095507
v -14.210591 5.478322 9.463962
v -14.349349 5.491448 9.229285
v -14.485775 5.478322 8.995114
v -14.068205 5.551623 9.380087
v -14.206139 5.553266 9.145298
v -14.343035 5.551623 8.911842
v -16.049053 3.979743 9.260001
v -16.182686 3.964870 9.100595
v -16.251539 3.997894 8.915011
v -16.031805 3.019321 9.225670
v -16.157648 3.023068 9.079941
v -16.222027 3.024956 8.901578
v -16.051935 2.051787 9.234385
v -16.176544 2.079406 9.088512
v -16.242964 2.052492 8.908918
v -15.044239 5.655706 11.403083
v -15.020797 5.918909 11.438606
v -15.012769 6.177833 11.451318
v -15.235588 5.742935 11.486512
v -15.214984 5.945696 11.528351
v -15.207988 6.181181 11.543861
v -15.401625 5.788921 11.529593
v -15.391698 5.960606 11.574041
v -15.388904 6.183045 11.591197
v -14.959385 8.655381 11.627070
v -14.970720 8.821066 11.634816
v -14.987802 8.967448 11.577043
v -15.192368 8.654312 11.594197
v -15.200020 8.817428 11.585090
v -15.218844 8.957095 11.536188
v -15.386951 8.653768 11.597490
v -15.389828 8.813070 11.581135
v -15.399532 8.943545 11.535804
v -16.161303 7.369577 8.514544
v -15.935534 7.369577 8.382033
v -15.711822 7.369577 8.250728
v -16.161303 7.060872 8.514544
v -15.935534 7.060872 8.382032
v -15.711822 7.060872 8.250728
v -16.161303 6.747375 8.514544
v -15.935534 6.747375 8.382032
v -15.711822 6.747375 8.250728
v -16.160954 6.171710 8.515341
v -15.935249 6.170805 8.382492
v -15.711266 6.171710 8.251403
v -16.158499 5.869925 8.520917
v -15.933260 5.862679 8.385716
v -15.707378 5.869925 8.256138
v -16.151543 5.476490 8.534551
v -15.928541 5.454555 8.393338
v -15.698295 5.476491 8.268522
v -15.811362 9.219539 9.114335
v -15.591269 9.222737 8.967944
v -15.357910 9.219539 8.848186
v -15.937539 9.191522 8.898971
v -15.714282 9.194366 8.758615
v -15.484782 9.191522 8.633230
v -16.099415 9.172088 8.623565
v -15.877867 9.178679 8.479653
v -15.645962 9.172089 8.357416
v -15.318675 3.998870 8.367964
v -15.190741 3.964815 8.518386
v -15.116611 3.980720 8.712231
v -15.352442 3.032767 8.395067
v -15.229706 3.022629 8.535296
v -15.165609 3.027132 8.713384
v -15.364344 2.071958 8.405135
v -15.244020 2.070689 8.541179
v -15.183716 2.071255 8.712881
v -13.723778 6.177833 10.694760
v -13.730736 5.918908 10.681420
v -13.749793 5.655705 10.643323
v -13.559800 6.181181 10.576477
v -13.569703 5.945696 10.562674
v -13.595699 5.742934 10.523999
v -13.442230 6.183046 10.448621
v -13.455364 5.960605 10.437534
v -13.488260 5.788921 10.406567
v -14.887749 5.213172 8.625179
v -14.994640 5.200159 8.416600
v -15.109883 5.261364 8.248189
v -14.739952 5.433159 8.541519
v -14.855219 5.439010 8.341035
v -14.960695 5.486293 8.177206
v -14.605352 5.547666 8.463909
v -14.724439 5.560204 8.271411
v -14.828157 5.597562 8.121060
v -16.742437 5.773570 9.718343
v -16.780087 5.955719 9.739725
v -16.793989 6.182435 9.747551
v -16.844879 5.779746 9.516180
v -16.883463 5.957754 9.533108
v -16.897938 6.182689 9.538935
v -16.904749 5.793522 9.340402
v -16.944843 5.962113 9.345862
v -16.960442 6.183235 9.346916
v -16.259945 7.369577 10.666459
v -16.397760 7.369577 10.431655
v -16.534723 7.369577 10.198301
v -16.259945 7.060871 10.666459
v -16.397760 7.060871 10.431655
v -16.534723 7.060871 10.198301
v -16.259945 6.747374 10.666459
v -16.397760 6.747374 10.431655
v -16.534723 6.747374 10.198301
v -16.257971 6.182398 10.665299
v -16.395786 6.182398 10.430495
v -16.532749 6.182398 10.197142
v -16.244148 5.955428 10.657187
v -16.381964 5.955428 10.422382
v -16.518929 5.955428 10.189030
v -16.206635 5.772687 10.635169
v -16.344450 5.772687 10.400364
v -16.481415 5.772687 10.167011
v -16.793989 8.654411 9.747553
v -16.780087 8.818215 9.739726
v -16.742437 8.959628 9.718344
v -16.897938 8.654202 9.538936
v -16.883463 8.816543 9.533109
v -16.844879 8.954552 9.516181
v -16.960442 8.653754 9.346917
v -16.944843 8.812960 9.345863
v -16.904749 8.943227 9.340403
v -15.986129 6.182435 11.123949
v -15.972526 5.955718 11.115612
v -15.935518 5.773570 11.093138
v -15.849705 6.182688 11.324868
v -15.837626 5.957754 11.314962
v -15.804172 5.779746 11.289292
v -15.707579 6.183234 11.481493
v -15.699249 5.962112 11.468055
v -15.675368 5.793522 11.434967
v -15.988072 7.369577 11.125141
v -15.988072 7.060871 11.125140
v -15.988072 6.747374 11.125141
v -15.851431 7.369577 11.326284
v -15.851431 7.060870 11.326284
v -15.851431 6.747373 11.326284
v -15.708769 7.369577 11.483414
v -15.708769 7.060871 11.483414
v -15.708768 6.747374 11.483414
v -15.711997 9.218324 10.344875
v -15.861971 9.221288 10.116928
v -15.987139 9.218324 9.876101
v -15.871017 9.181804 10.438529
v -16.012526 9.182767 10.205467
v -16.146202 9.181804 9.969682
v -16.017834 9.138457 10.524399
v -16.156111 9.138577 10.289812
v -16.292664 9.138457 10.056155
v -16.218927 9.196249 9.403522
v -16.344479 9.177258 9.185063
v -16.471832 9.144581 8.971024
v -16.400312 9.174519 9.515079
v -16.517862 9.160239 9.309151
v -16.620253 9.127103 9.127455
v -16.553547 9.136160 9.607259
v -16.662943 9.124670 9.408224
v -16.743980 9.094679 9.242555
v -16.586784 6.177834 8.769576
v -16.579998 5.918909 8.782104
v -16.561541 5.655705 8.817970
v -16.763268 6.181181 8.894043
v -16.753584 5.945696 8.906949
v -16.728334 5.742935 8.943235
v -16.894146 6.183046 9.026628
v -16.880960 5.960606 9.036700
v -16.848143 5.788921 9.065079
v -16.587753 7.369577 8.767787
v -16.587755 7.060872 8.767787
v -16.587755 6.747375 8.767787
v -16.764650 7.369577 8.892201
v -16.764650 7.060871 8.892201
v -16.764650 6.747374 8.892201
v -16.896030 7.369577 9.025190
v -16.896030 7.060872 9.025190
v -16.896030 6.747375 9.025190
v -13.579649 8.654411 9.711495
v -13.592365 8.818215 9.718607
v -13.626789 8.959628 9.738057
v -13.469545 8.654202 9.927863
v -13.482928 8.816543 9.932902
v -13.518517 8.954552 9.947756
v -13.398849 8.653754 10.126412
v -13.413595 8.812960 10.126518
v -13.451331 8.943227 10.129596
v -14.122510 6.182398 8.782480
v -13.985546 6.182398 9.015834
v -13.847731 6.182398 9.250638
v -14.135131 5.955429 8.789888
v -13.998167 5.955429 9.023241
v -13.860352 5.955429 9.258046
v -14.169388 5.772687 8.809996
v -14.032424 5.772687 9.043348
v -13.894608 5.772687 9.278152
v -14.120707 7.369577 8.781424
v -13.983743 7.369577 9.014776
v -13.845927 7.369577 9.249581
v -14.120707 7.060872 8.781424
v -13.983743 7.060872 9.014776
v -13.845927 7.060872 9.249580
v -14.120707 6.747375 8.781424
v -13.983743 6.747375 9.014776
v -13.845927 6.747375 9.249580
v -13.626789 5.773570 9.738056
v -13.592365 5.955719 9.718606
v -13.579649 6.182435 9.711494
v -13.518517 5.779746 9.947755
v -13.482928 5.957754 9.932901
v -13.469545 6.182689 9.927862
v -13.451331 5.793522 10.129595
v -13.413595 5.962113 10.126517
v -13.398849 6.183233 10.126411
v -14.385736 7.369577 8.334009
v -14.385736 7.060872 8.334009
v -14.385736 6.747375 8.334009
v -14.516208 7.369577 8.140627
v -14.516208 7.060871 8.140627
v -14.516208 6.747374 8.140627
v -14.650644 7.369577 7.990051
v -14.650644 7.060872 7.990051
v -14.650644 6.747375 7.990051
v -14.387509 6.182436 8.335097
v -14.399926 5.955719 8.342718
v -14.433708 5.773571 8.363262
v -14.517777 6.182689 8.141929
v -14.528767 5.957755 8.151047
v -14.559225 5.779747 8.174643
v -14.651712 6.183235 7.991837
v -14.659190 5.962112 8.004326
v -14.680711 5.793522 8.035029
v -15.267094 5.655706 8.058210
v -15.289938 5.918909 8.024919
v -15.297794 6.177834 8.013018
v -15.088445 5.742936 7.980722
v -15.108303 5.945696 7.941271
v -15.115079 6.181181 7.926660
v -14.934777 5.788921 7.942052
v -14.944627 5.960607 7.900192
v -14.947473 6.183045 7.884051
v -14.109638 9.196249 10.028483
v -13.978880 9.177258 10.256413
v -13.845412 9.144581 10.480133
v -13.940577 9.174519 9.924537
v -13.817883 9.160239 10.139060
v -13.709995 9.127103 10.329170
v -13.799456 9.136160 9.839596
v -13.684794 9.124670 10.046545
v -13.598139 9.094679 10.219348
v -15.348324 8.655381 7.840471
v -15.337457 8.821066 7.832524
v -15.321372 8.967448 7.887865
v -15.129850 8.654312 7.877228
v -15.122512 8.817428 7.885633
v -15.104567 8.957095 7.932086
v -14.949320 8.653768 7.877873
v -14.946403 8.813070 7.893239
v -14.936792 8.943545 7.935974
v -15.177171 9.144581 8.211139
v -15.052707 9.177258 8.426872
v -14.922921 9.196249 8.642847
v -14.980289 9.127103 8.164897
v -14.871986 9.160239 8.343122
v -14.749576 9.174519 8.546199
v -14.830606 9.094679 8.119523
v -14.726535 9.124670 8.271672
v -14.606555 9.136160 8.464495
v -15.298917 6.747375 8.011319
v -15.298917 7.060871 8.011319
v -15.298917 7.369577 8.011319
v -15.116047 6.747375 7.924572
v -15.116047 7.060871 7.924572
v -15.116047 7.369577 7.924572
v -14.947879 6.747375 7.881746
v -14.947879 7.060871 7.881745
v -14.947879 7.369577 7.881746
v -14.385736 8.300614 8.334009
v -14.385736 8.110801 8.334009
v -14.385736 7.898873 8.334009
v -14.516208 8.300614 8.140627
v -14.516208 8.110801 8.140627
v -14.516208 7.898873 8.140627
v -14.650644 8.300614 7.990051
v -14.650644 8.110801 7.990051
v -14.650644 7.898875 7.990051
v -14.120707 8.300614 8.781424
v -13.983743 8.300614 9.014776
v -13.845927 8.300614 9.249581
v -14.120707 8.110801 8.781424
v -13.983743 8.110801 9.014776
v -13.845927 8.110801 9.249580
v -14.120707 7.898873 8.781424
v -13.983743 7.898873 9.014776
v -13.845927 7.898875 9.249580
v -13.577832 6.747374 9.710480
v -13.577832 7.060870 9.710480
v -13.577832 7.369577 9.710480
v -13.467633 6.747374 9.927143
v -13.467633 7.060870 9.927143
v -13.467633 7.369577 9.927143
v -13.396742 6.747374 10.126397
v -13.396742 7.060870 10.126397
v -13.396742 7.369577 10.126397
v -16.624317 8.299962 8.712701
v -16.598886 8.110494 8.750511
v -16.589146 7.898836 8.765627
v -16.776199 8.300614 8.875170
v -16.768291 8.110801 8.886583
v -16.765106 7.898873 8.891498
v -16.897474 8.300614 9.023062
v -16.896486 8.110801 9.024487
v -16.896088 7.898875 9.025103
v -15.988072 8.300614 11.125141
v -15.988072 8.110801 11.125140
v -15.988072 7.898873 11.125141
v -15.851431 8.300614 11.326284
v -15.851431 8.110801 11.326284
v -15.851431 7.898873 11.326284
v -15.708769 8.300614 11.483414
v -15.708769 8.110801 11.483414
v -15.708768 7.898874 11.483414
v -16.795975 6.747374 9.748671
v -16.795975 7.060870 9.748671
v -16.795975 7.369577 9.748671
v -16.900005 6.747374 9.539768
v -16.900005 7.060870 9.539768
v -16.900005 7.369577 9.539768
v -16.962671 6.747375 9.347068
v -16.962671 7.060871 9.347068
v -16.962671 7.369577 9.347068
v -16.259945 8.300614 10.666459
v -16.397760 8.300614 10.431655
v -16.534723 8.300614 10.198301
v -16.259945 8.110801 10.666459
v -16.397760 8.110801 10.431655
v -16.534723 8.110801 10.198301
v -16.259945 7.898873 10.666459
v -16.397760 7.898873 10.431655
v -16.534723 7.898874 10.198301
v -16.251049 8.275083 8.365016
v -16.031433 8.265600 8.218036
v -15.797802 8.275083 8.098988
v -16.187363 8.103736 8.471740
v -15.963381 8.100972 8.334400
v -15.736242 8.103737 8.206961
v -16.164560 7.897992 8.509194
v -15.939014 7.897645 8.376079
v -15.714874 7.897992 8.245256
v -15.011621 6.747374 11.453135
v -15.011621 7.060870 11.453135
v -15.011621 7.369577 11.453135
v -15.206988 6.747374 11.546079
v -15.206988 7.060870 11.546078
v -15.206988 7.369577 11.546078
v -15.388504 6.747374 11.593649
v -15.388504 7.060870 11.593650
v -15.388504 7.369577 11.593649
v -14.040356 8.275083 11.093250
v -14.258011 8.265601 11.239517
v -14.493603 8.275083 11.359279
v -14.106132 8.103736 10.984275
v -14.328076 8.100972 11.120561
v -14.557251 8.103737 11.249054
v -14.129685 7.897991 10.946033
v -14.353176 7.897644 11.077962
v -14.579371 7.897991 11.209972
v -13.684691 8.299962 10.752702
v -13.711164 8.110494 10.714231
v -13.721332 7.898835 10.698863
v -13.546348 8.300614 10.595769
v -13.554579 8.110801 10.584158
v -13.557909 7.898873 10.579164
v -13.438848 8.300614 10.452371
v -13.439878 8.110801 10.450919
v -13.440294 7.898874 10.450294
v -13.625397 8.967448 10.777395
v -13.583604 8.821066 10.820664
v -13.595633 8.655381 10.826632
v -13.560482 8.957095 10.562831
v -13.527379 8.817428 10.603354
v -13.523232 8.654312 10.614517
v -13.483858 8.943545 10.411422
v -13.450074 8.813070 10.442620
v -13.437658 8.653768 10.453377
v -13.709906 9.142615 11.714080
v -13.905270 9.161532 11.838998
v -14.110186 9.142615 11.949018
v -13.426573 9.125279 12.250651
v -13.597317 9.145657 12.362980
v -13.778811 9.125279 12.457395
v -13.177840 9.093064 12.724038
v -13.318179 9.111756 12.838271
v -13.486359 9.093064 12.905120
v -15.926971 8.968362 7.336564
v -15.912081 8.828368 7.294718
v -15.937366 8.681907 7.318855
v -16.265244 8.958869 6.879788
v -16.244621 8.831624 6.848702
v -16.268471 8.702499 6.874290
v -16.578751 8.946036 6.469227
v -16.567127 8.833000 6.430398
v -16.579155 8.719729 6.468540
v -16.206635 8.960353 10.635170
v -16.344450 8.960353 10.400365
v -16.481415 8.960353 10.167012
v -16.244148 8.818454 10.657188
v -16.381966 8.818454 10.422383
v -16.518929 8.818454 10.189031
v -16.257971 8.654441 10.665300
v -16.395786 8.654441 10.430496
v -16.532749 8.654441 10.197143
v -15.935518 8.959628 11.093139
v -15.972526 8.818215 11.115613
v -15.986129 8.654411 11.123950
v -15.804172 8.954552 11.289293
v -15.837626 8.816543 11.314963
v -15.849705 8.654202 11.324869
v -15.675368 8.943228 11.434968
v -15.699249 8.812960 11.468056
v -15.707579 8.653754 11.481494
v -16.683777 8.967448 8.687512
v -16.724573 8.821066 8.646677
v -16.712076 8.655381 8.640910
v -16.762930 8.957095 8.905442
v -16.795153 8.817428 8.867371
v -16.798986 8.654312 8.856909
v -16.852467 8.943545 9.060355
v -16.886156 8.813070 9.031754
v -16.898611 8.653768 9.021987
v -14.169388 8.960353 8.809997
v -14.032424 8.960353 9.043349
v -13.894608 8.960353 9.278153
v -14.135131 8.818454 8.789889
v -13.998167 8.818454 9.023242
v -13.860352 8.818454 9.258047
v -14.122510 8.654441 8.782481
v -13.985546 8.654441 9.015835
v -13.847731 8.654441 9.250639
v -14.433708 8.959628 8.363263
v -14.399926 8.818215 8.342720
v -14.387509 8.654411 8.335098
v -14.559225 8.954552 8.174644
v -14.528766 8.816543 8.151048
v -14.517777 8.654202 8.141930
v -14.680711 8.943228 8.035030
v -14.659190 8.812960 8.004327
v -14.651712 8.653754 7.991837
v -15.300094 7.898836 8.009034
v -15.308336 8.110494 7.993038
v -15.328463 8.299962 7.952115
v -15.116427 7.898873 7.923825
v -15.119093 8.110801 7.918605
v -15.125049 8.300614 7.906045
v -14.947927 7.898873 7.881653
v -14.948260 8.110801 7.881001
v -14.949004 8.300614 7.879430
v -13.577832 7.898874 9.710480
v -13.577832 8.110801 9.710480
v -13.577832 8.300614 9.710480
v -13.467633 7.898873 9.927143
v -13.467633 8.110801 9.927143
v -13.467633 8.300614 9.927143
v -13.396742 7.898874 10.126397
v -13.396742 8.110801 10.126397
v -13.396742 8.300614 10.126397
v -16.795975 7.898874 9.748671
v -16.795975 8.110801 9.748671
v -16.795975 8.300614 9.748671
v -16.900005 7.898873 9.539768
v -16.900005 8.110801 9.539768
v -16.900005 8.300614 9.539768
v -16.962671 7.898875 9.347068
v -16.962671 8.110801 9.347068
v -16.962671 8.300614 9.347068
v -15.010384 7.898835 11.455456
v -15.001715 8.110494 11.471704
v -14.980546 8.299962 11.513288
v -15.206587 7.898873 11.546835
v -15.203777 8.110801 11.552136
v -15.197499 8.300614 11.564893
v -15.388454 7.898873 11.593744
v -15.388103 8.110801 11.594407
v -15.387318 8.300614 11.596002
v -17.403442 8.945063 6.226816
v -17.291384 8.951072 6.068851
v -17.098831 8.945063 6.048028
v -17.451872 8.833198 6.163045
v -17.335318 8.833198 5.993999
v -17.130898 8.833198 5.974655
v -17.403442 8.721333 6.226816
v -17.291384 8.715324 6.068851
v -17.098831 8.721333 6.048028
v -16.199791 8.482775 7.471920
v -16.406631 8.460191 7.577283
v -16.600071 8.482775 7.706860
v -16.501923 8.529332 7.011000
v -16.683973 8.507764 7.104065
v -16.854162 8.529332 7.217741
v -16.780195 8.571856 6.586500
v -16.948132 8.553016 6.653710
v -17.088713 8.571856 6.767581
v -16.571505 9.142615 7.755529
v -16.375511 9.161532 7.630305
v -16.171223 9.142615 7.520590
v -16.845955 9.125279 7.231728
v -16.674934 9.145657 7.119464
v -16.493715 9.125279 7.024984
v -17.087687 9.093064 6.769329
v -16.947002 9.111756 6.655636
v -16.779169 9.093064 6.588246
v -16.863970 8.681907 7.862714
v -16.897713 8.828368 7.873221
v -16.853575 8.968362 7.880423
v -17.087971 8.702499 7.355287
v -17.122049 8.831624 7.363698
v -17.084743 8.958870 7.360785
v -17.289799 8.719729 6.885644
v -17.328976 8.833000 6.877556
v -17.289394 8.946036 6.886332
v -12.854325 8.945062 13.279637
v -12.965412 8.951071 13.439258
v -13.158937 8.945062 13.458425
v -12.804926 8.833197 13.345061
v -12.920419 8.833197 13.515916
v -13.125899 8.833197 13.533454
v -12.854326 8.721332 13.279637
v -12.965412 8.715323 13.439258
v -13.158937 8.721332 13.458425
v -13.418199 8.681907 11.610905
v -13.384790 8.828368 11.600608
v -13.429167 8.968362 11.592216
v -13.184739 8.702499 12.128222
v -13.150679 8.831624 12.120031
v -13.188145 8.958870 12.122419
v -12.975752 8.719729 12.607863
v -12.936264 8.833000 12.616510
v -12.976177 8.946036 12.607139
v -14.355770 8.968362 12.136077
v -14.370421 8.828368 12.179111
v -14.344802 8.681907 12.154764
v -14.007645 8.958870 12.603415
v -14.028107 8.831624 12.635028
v -14.004239 8.702499 12.609217
v -13.686822 8.946036 13.024242
v -13.698112 8.833000 13.063668
v -13.686396 8.719729 13.024968
v -14.080040 8.482775 12.000382
v -13.872428 8.460191 11.894953
v -13.679759 8.482775 11.765442
v -13.770149 8.529332 12.472152
v -13.587779 8.507764 12.379230
v -13.417911 8.529332 12.265410
v -13.485276 8.571856 12.906964
v -13.316987 8.553016 12.840303
v -13.176757 8.571856 12.725883
v -14.220636 0.652119 10.904457
v -14.384894 0.638539 11.052439
v -14.590601 0.602945 11.176790
v -14.235450 0.271830 10.894878
v -14.393309 0.263326 11.041941
v -14.590296 0.249583 11.172997
v -14.272792 0.052847 10.866461
v -14.421537 0.039786 11.004101
v -14.612265 0.032699 11.134319
v -15.450536 0.421979 10.597477
v -15.459205 0.199987 10.574906
v -15.439836 0.026501 10.604801
v -15.586944 0.336152 10.706320
v -15.601687 0.175425 10.681961
v -15.583475 0.028798 10.708381
v -15.677876 0.292196 10.813784
v -15.696653 0.164962 10.793489
v -15.677443 0.039489 10.814041
v -14.264681 3.980720 10.163713
v -14.126320 3.964815 10.331900
v -14.052105 3.998870 10.525892
v -14.289383 3.027132 10.206262
v -14.160083 3.022629 10.357676
v -14.092425 3.032767 10.541829
v -14.297689 2.071254 10.222456
v -14.172197 2.070689 10.367305
v -14.107100 2.071958 10.547174
v -16.107338 4.028046 8.550680
v -15.918434 4.012638 8.409777
v -15.704051 4.029790 8.314461
v -16.093292 3.026613 8.548679
v -15.918145 3.031299 8.414646
v -15.716996 3.040577 8.331699
v -16.104670 2.027975 8.549661
v -15.923310 2.057469 8.417011
v -15.723022 2.071147 8.338550
v -15.079961 3.978159 10.301083
v -14.894711 3.958291 10.153952
v -14.676661 3.979904 10.064882
v -15.042413 3.012279 10.339125
v -14.868971 3.015514 10.202185
v -14.666022 3.026243 10.122304
v -15.045688 2.026183 10.353908
v -14.865080 2.055496 10.219977
v -14.663730 2.069355 10.143327
v -15.237906 3.979904 9.108659
v -15.422718 3.958291 9.254357
v -15.640770 3.978159 9.345600
v -15.282620 3.026243 9.071771
v -15.452158 3.015514 9.208575
v -15.655527 3.012279 9.294526
v -15.299778 2.069355 9.059655
v -15.465813 2.055496 9.196476
v -15.670168 2.026184 9.289944
v -14.984533 3.997894 11.073683
v -15.118265 3.964870 10.914110
v -15.197557 3.979743 10.710742
v -14.958528 3.024956 11.054275
v -15.088025 3.023068 10.902321
v -15.159061 3.019321 10.712613
v -14.975033 2.052492 11.069166
v -15.104720 2.079406 10.914639
v -15.176597 2.051787 10.725749
v -14.186556 4.029790 10.899904
v -14.373561 4.012637 11.041865
v -14.589408 4.028045 11.136866
v -14.208151 3.040577 10.902406
v -14.377793 3.031299 11.039032
v -14.580964 3.026613 11.125321
v -14.217150 2.071147 10.904191
v -14.382360 2.057469 11.042416
v -14.587229 2.027975 11.135010
v -14.928394 -0.168158 10.595428
v -14.726503 -0.155804 10.485127
v -14.548499 -0.122829 10.398968
v -14.833740 -0.192433 10.755950
v -14.633151 -0.179257 10.638216
v -14.457239 -0.143569 10.534966
v -14.739738 -0.168155 10.916853
v -14.545003 -0.155804 10.794359
v -14.382992 -0.122828 10.680952
v -15.459465 -0.122829 8.846904
v -15.621895 -0.155805 8.959598
v -15.816816 -0.168157 9.081772
v -15.529376 -0.143569 8.708305
v -15.705288 -0.179256 8.811555
v -15.905877 -0.192433 8.929289
v -15.616301 -0.122828 8.579693
v -15.793885 -0.155804 8.666567
v -15.995589 -0.168156 8.777186
v -15.304400 0.652119 9.057986
v -15.469838 0.638538 9.203959
v -15.675628 0.602945 9.328169
v -15.318796 0.271830 9.049120
v -15.477900 0.263326 9.194061
v -15.675240 0.249583 9.324516
v -15.354987 0.052847 9.022663
v -15.504884 0.039786 9.158341
v -15.696030 0.032699 9.287848
v -15.367738 0.654020 8.408677
v -15.248388 0.653756 8.543383
v -15.188965 0.654020 8.713263
v -15.379593 0.272744 8.423403
v -15.264650 0.270635 8.552928
v -15.207603 0.272743 8.716434
v -15.412716 0.053728 8.460201
v -15.308699 0.046836 8.578781
v -15.255880 0.053729 8.727412
v -16.141882 0.602945 8.533785
v -15.933102 0.638539 8.414669
v -15.724996 0.652119 8.341394
v -16.138504 0.249582 8.535227
v -15.928391 0.263326 8.426533
v -15.724273 0.271830 8.358286
v -16.116625 0.032700 8.571257
v -15.910360 0.039786 8.467508
v -15.718819 0.052847 8.402782
v -14.300543 0.654020 10.226918
v -14.176251 0.653756 10.370045
v -14.111886 0.654020 10.548344
v -14.312211 0.272744 10.241963
v -14.192513 0.270635 10.379589
v -14.130711 0.272743 10.551196
v -14.344914 0.053728 10.279476
v -14.236562 0.046836 10.405443
v -14.179407 0.053729 10.561460
v -15.082634 0.602944 10.338486
v -14.873772 0.638539 10.219511
v -14.664486 0.652119 10.148246
v -15.079173 0.249582 10.340069
v -14.868708 0.263325 10.231977
v -14.663345 0.271830 10.165850
v -15.056114 0.032700 10.378108
v -14.849432 0.039786 10.275072
v -14.656739 0.052847 10.212308
v -15.157536 0.791128 11.174646
v -15.268901 0.837598 11.011362
v -15.357168 0.791128 10.834521
v -15.289005 0.567940 11.235140
v -15.386459 0.598740 11.080361
v -15.474083 0.567941 10.919813
v -15.405013 0.460412 11.281327
v -15.493670 0.482071 11.143288
v -15.570968 0.460413 10.998581
v -15.530590 0.286864 11.353350
v -15.628589 0.293493 11.222477
v -15.695075 0.286864 11.073107
v -15.541928 0.163467 11.370125
v -15.645787 0.163467 11.232571
v -15.715249 0.163467 11.074828
v -15.530590 0.040069 11.353350
v -15.628589 0.033440 11.222477
v -15.695075 0.040069 11.073108
v -16.607037 0.286864 9.519347
v -16.700726 0.293493 9.395815
v -16.762903 0.286864 9.253787
v -16.618607 0.163467 9.535728
v -16.717924 0.163467 9.405910
v -16.782846 0.163467 9.255902
v -16.607037 0.040069 9.519347
v -16.700726 0.033440 9.395815
v -16.762903 0.040069 9.253787
v -16.379913 -0.168157 9.002761
v -16.290728 -0.192434 9.155171
v -16.201139 -0.168157 9.307346
v -16.528683 -0.155803 9.097846
v -16.444298 -0.179257 9.245307
v -16.356691 -0.155803 9.390878
v -16.637171 -0.122828 9.178881
v -16.564018 -0.143569 9.315577
v -16.480335 -0.122828 9.446092
v -15.312717 -0.168157 10.821002
v -15.218591 -0.192434 10.981833
v -15.124061 -0.168157 11.142427
v -15.461300 -0.155803 10.916408
v -15.372160 -0.179257 11.071969
v -15.279799 -0.155803 11.225639
v -15.569369 -0.122828 10.998156
v -15.491881 -0.143569 11.142238
v -15.403863 -0.122828 11.280140
v -16.081003 0.026501 9.512408
v -16.065289 0.199987 9.542287
v -16.080135 0.421978 9.524792
v -16.241028 0.028796 9.588071
v -16.227688 0.175424 9.615406
v -16.241013 0.336151 9.591944
v -16.377937 0.039488 9.620567
v -16.370087 0.164961 9.646120
v -16.377937 0.292197 9.621052
v -14.997272 0.026501 11.358822
v -14.980615 0.199988 11.390308
v -14.996094 0.421978 11.371736
v -15.157739 0.028796 11.433733
v -15.143550 0.175425 11.462515
v -15.157630 0.336152 11.437766
v -15.295804 0.039488 11.464262
v -15.287225 0.164961 11.491055
v -15.295791 0.292197 11.464766
v -16.510769 0.421978 8.791098
v -16.518805 0.199987 8.769606
v -16.500380 0.026501 8.797893
v -16.647835 0.336151 8.898820
v -16.661823 0.175425 8.875747
v -16.644459 0.028798 8.900721
v -16.740004 0.292196 9.004175
v -16.758064 0.164962 8.985101
v -16.739582 0.039489 9.004413
v -16.234903 0.791128 9.339075
v -16.341038 0.837598 9.184701
v -16.424076 0.791129 9.016769
v -16.365992 0.567941 9.400218
v -16.458597 0.598740 9.253700
v -16.541370 0.567940 9.101413
v -16.481497 0.460412 9.447259
v -16.565805 0.482072 9.316626
v -16.638758 0.460413 9.179326
v -14.725709 11.487999 9.815556
v -14.871098 11.540838 9.534298
v -15.045779 11.487999 9.270233
v -14.989774 11.540838 9.990237
v -15.158405 11.598516 9.702929
v -15.327037 11.540838 9.415622
v -15.271031 11.487999 10.135626
v -15.445713 11.540838 9.871561
v -15.591102 11.487999 9.590303
v -15.704106 9.577017 9.772484
v -15.701753 9.470872 9.769986
v -15.742458 9.362201 9.771689
v -15.626416 9.577106 9.977640
v -15.622312 9.471586 9.975352
v -15.652189 9.364637 9.993176
v -15.485163 9.577017 10.145510
v -15.481666 9.470872 10.144960
v -15.502570 9.362201 10.180400
v -15.272096 10.392401 8.815213
v -15.605569 10.393076 8.941071
v -15.878038 10.392401 9.170864
v -15.270515 10.742805 8.829351
v -15.598616 10.748207 8.952918
v -15.866466 10.742805 9.179137
v -15.255209 11.073141 8.910362
v -15.556066 11.090799 9.025413
v -15.803198 11.073141 9.231997
v -14.270689 10.392401 9.589239
v -14.396546 10.393076 9.255766
v -14.626340 10.392401 8.983296
v -14.284827 10.742805 9.590819
v -14.408394 10.748207 9.262719
v -14.634613 10.742805 8.994869
v -14.365838 11.073141 9.606126
v -14.480888 11.090799 9.305269
v -14.687473 11.073141 9.058137
v -15.044715 10.392401 10.590646
v -14.711242 10.393076 10.464787
v -14.438772 10.392401 10.234995
v -15.046295 10.742805 10.576508
v -14.718195 10.748207 10.452941
v -14.450345 10.742805 10.226722
v -15.061602 11.073141 10.495497
v -14.760745 11.090799 10.380445
v -14.513613 11.073141 10.173862
v -16.046122 10.392401 9.816620
v -15.920264 10.393076 10.150093
v -15.690471 10.392401 10.422563
v -16.031984 10.742805 9.815040
v -15.908417 10.748207 10.143140
v -15.682198 10.742805 10.410990
v -15.950973 11.073141 9.799733
v -15.835922 11.090799 10.100590
v -15.629337 11.073141 10.347722
v -15.680286 9.724000 9.317101
v -15.740377 9.788759 9.272677
v -15.800469 9.898145 9.228252
v -15.482666 9.724000 9.150468
v -15.520002 9.788759 9.086855
v -15.557340 9.898145 9.023243
v -15.240829 9.724000 9.059168
v -15.250319 9.788759 8.985043
v -15.259809 9.898145 8.910918
v -14.772578 9.724000 9.181048
v -14.728153 9.788759 9.120957
v -14.683728 9.898145 9.060865
v -14.605944 9.724000 9.378669
v -14.542331 9.788759 9.341331
v -14.478719 9.898145 9.303995
v -14.514644 9.724000 9.620506
v -14.440518 9.788759 9.611016
v -14.366394 9.898145 9.601525
v -14.636524 9.724000 10.088757
v -14.576433 9.788759 10.133182
v -14.516341 9.898145 10.177607
v -14.834145 9.724000 10.255391
v -14.796808 9.788759 10.319004
v -14.759471 9.898145 10.382616
v -15.075982 9.724000 10.346691
v -15.066492 9.788759 10.420816
v -15.057001 9.898145 10.494941
v -15.544232 9.724000 10.224811
v -15.588657 9.788759 10.284903
v -15.633082 9.898145 10.344994
v -15.710867 9.724000 10.027190
v -15.774480 9.788759 10.064527
v -15.838092 9.898145 10.101864
v -15.802167 9.724000 9.785353
v -15.876292 9.788759 9.794843
v -15.950417 9.898145 9.804334
v -14.990707 7.369577 11.440860
v -15.174074 7.369577 11.526760
v -15.343590 7.369577 11.567286
v -14.990707 7.060871 11.440860
v -15.174074 7.060871 11.526759
v -15.343590 7.060871 11.567286
v -14.990707 6.747374 11.440860
v -15.174074 6.747374 11.526759
v -15.343590 6.747374 11.567286
v -14.612543 9.577017 9.633336
v -14.613769 9.470872 9.635559
v -14.569917 9.362201 9.632990
v -14.690228 9.577106 9.428156
v -14.693172 9.471586 9.430005
v -14.660094 9.364637 9.410878
v -14.831486 9.577017 9.260310
v -14.833856 9.470872 9.260585
v -14.809805 9.362201 9.224277
v -15.088492 9.577017 10.248963
v -15.088481 9.470872 10.248937
v -15.079919 9.362201 10.296391
v -14.883429 9.577106 10.171382
v -14.883851 9.471586 10.170367
v -14.860837 9.364637 10.208884
v -14.715692 9.577017 10.030152
v -14.715311 9.470872 10.029910
v -14.677022 9.362201 10.059915
v -15.228203 9.577017 9.156959
v -15.227408 9.470872 9.157421
v -15.233812 9.362201 9.111279
v -15.433284 9.577106 9.234562
v -15.432167 9.471586 9.236171
v -15.453355 9.364637 9.199379
v -15.601004 9.577017 9.375769
v -15.600578 9.470872 9.376448
v -15.636709 9.362201 9.347754
v -15.966978 9.218324 9.864267
v -16.113535 9.181804 9.950508
v -16.247780 9.138457 10.029811
v -15.841530 9.221288 10.104931
v -15.979775 9.182767 10.186246
v -16.111217 9.138577 10.263462
v -15.691836 9.218324 10.333042
v -15.838350 9.181804 10.419355
v -15.972951 9.138457 10.498056
v -14.056938 5.213172 9.994503
v -13.899165 5.433159 9.899238
v -13.753545 5.547665 9.812524
v -13.921434 5.200158 10.198310
v -13.775396 5.439009 10.106180
v -13.639201 5.560203 10.018791
v -13.825665 5.261362 10.390149
v -13.679284 5.486292 10.286759
v -13.555029 5.597562 10.190997
v -15.188070 5.261362 11.189796
v -15.337647 5.486292 11.260117
v -15.470704 5.597561 11.315378
v -15.308551 5.200157 11.012462
v -15.448036 5.439009 11.087916
v -15.578955 5.560203 11.157307
v -15.420691 5.213172 10.794941
v -15.568301 5.433159 10.878917
v -15.702837 5.547665 10.956637
v -14.637037 5.385107 9.083673
v -14.453108 5.478322 8.975941
v -14.298152 5.551623 8.885499
v -14.501595 5.430284 9.318471
v -14.316600 5.491448 9.210064
v -14.161245 5.553265 9.118948
v -14.361896 5.385106 9.552448
v -14.177924 5.478323 9.444788
v -14.023322 5.551623 9.353743
v -15.262444 5.198848 10.040507
v -15.382438 5.330924 9.834865
v -15.503222 5.198848 9.630279
v -15.043509 5.172205 9.896173
v -15.157078 5.314279 9.702427
v -15.270722 5.172205 9.509058
v -14.808991 5.198848 9.774359
v -14.929680 5.330924 9.569124
v -15.049770 5.198850 9.364130
v -13.825315 9.144581 10.468337
v -13.677839 9.127103 10.310297
v -13.554849 9.094679 10.193939
v -13.958461 9.177259 10.244429
v -13.785311 9.160239 10.119943
v -13.640440 9.124670 10.020513
v -14.089480 9.196249 10.016652
v -13.907931 9.174519 9.905375
v -13.754641 9.136160 9.813292
v -14.950463 9.219539 10.572047
v -14.817787 9.191522 10.796891
v -14.649821 9.172088 11.084268
v -14.716984 9.222737 10.452494
v -14.588225 9.194366 10.671613
v -14.417838 9.178679 10.962166
v -14.497011 9.219539 10.305899
v -14.365030 9.191522 10.531152
v -14.196369 9.172088 10.818120
v -15.089787 5.261363 8.236393
v -14.928539 5.486292 8.158332
v -14.784867 5.597561 8.095652
v -14.974221 5.200158 8.404615
v -14.822647 5.439010 8.321918
v -14.680085 5.560204 8.245378
v -14.867591 5.213172 8.613347
v -14.707307 5.433159 8.522359
v -14.560536 5.547666 8.437605
v -14.577732 7.369577 11.201572
v -14.577731 7.060871 11.201572
v -14.577732 6.747374 11.201572
v -14.354019 7.369577 11.070267
v -14.354019 7.060870 11.070267
v -14.354019 6.747373 11.070267
v -14.128250 7.369577 10.937754
v -14.128250 7.060871 10.937755
v -14.128250 6.747374 10.937755
v -14.578311 6.171710 11.200853
v -14.582368 5.869924 11.195830
v -14.591879 5.476490 11.182717
v -14.354319 6.170804 11.069779
v -14.356414 5.862678 11.066375
v -14.361383 5.454554 11.058326
v -14.128625 6.171710 10.936915
v -14.131248 5.869924 10.931051
v -14.138631 5.476491 10.916689
v -15.657964 5.385107 10.313160
v -15.829150 5.478321 10.413955
v -15.971801 5.551623 10.497379
v -15.793858 5.430284 10.076949
v -15.966393 5.491448 10.178391
v -16.109545 5.553264 10.262480
v -15.933105 5.385106 9.844385
v -16.104334 5.478322 9.945107
v -16.246632 5.551623 10.029135
v -15.110892 3.979743 8.709360
v -15.149277 3.019321 8.707680
v -15.131853 2.051787 8.694353
v -15.184917 3.964871 8.514968
v -15.215157 3.023068 8.526757
v -15.198462 2.079407 8.514439
v -15.313380 3.997894 8.364370
v -15.339498 3.024956 8.383588
v -15.322881 2.052492 8.368887
v -13.729667 5.655705 10.631510
v -13.563533 5.742934 10.505119
v -13.444969 5.788921 10.381157
v -13.710081 5.918909 10.669297
v -13.537048 5.945696 10.543508
v -13.411000 5.960606 10.411495
v -13.702896 6.177834 10.682504
v -13.526918 6.181181 10.557178
v -13.397385 6.183045 10.422299
v -13.575475 8.655381 10.814801
v -13.490586 8.654312 10.595357
v -13.392843 8.653768 10.427073
v -13.563185 8.821066 10.808681
v -13.494807 8.817428 10.584236
v -13.405721 8.813070 10.416587
v -13.605299 8.967448 10.765599
v -13.528325 8.957095 10.543958
v -13.440568 8.943545 10.386013
v -15.707022 7.369577 8.247910
v -15.707022 7.060872 8.247910
v -15.707022 6.747375 8.247910
v -15.932791 7.369577 8.380424
v -15.932791 7.060871 8.380423
v -15.932791 6.747374 8.380424
v -16.156504 7.369577 8.511728
v -16.156504 7.060872 8.511728
v -16.156504 6.747375 8.511728
v -15.706497 6.171710 8.248604
v -15.702826 5.869925 8.253466
v -15.694313 5.476490 8.266185
v -15.932528 6.170805 8.380895
v -15.930682 5.862679 8.384203
v -15.926329 5.454555 8.392039
v -16.156183 6.171710 8.512542
v -16.153944 5.869925 8.518245
v -16.147560 5.476491 8.532213
v -15.353958 9.219539 8.845868
v -15.480475 9.191522 8.630703
v -15.642011 9.172088 8.355098
v -15.589078 9.222737 8.966658
v -15.711868 9.194366 8.757198
v -15.875674 9.178679 8.478367
v -15.807411 9.219539 9.112016
v -15.933233 9.191522 8.896443
v -16.095463 9.172088 8.621245
v -16.245821 3.998869 8.912140
v -16.205694 3.032767 8.895873
v -16.191101 2.071958 8.890390
v -16.176861 3.964815 9.097178
v -16.143099 3.022629 9.071402
v -16.130985 2.070689 9.061772
v -16.043756 3.980720 9.256408
v -16.018862 3.027132 9.214190
v -16.010473 2.071253 9.198136
v -14.991886 6.177833 11.439062
v -15.175106 6.181181 11.524562
v -15.344058 6.183045 11.564876
v -15.000141 5.918908 11.426482
v -15.182330 5.945696 11.509185
v -15.347334 5.960605 11.548002
v -15.024113 5.655705 11.391270
v -15.203422 5.742935 11.467632
v -15.358334 5.788921 11.504184
v -16.231342 5.213172 9.413785
v -16.376444 5.433159 9.502039
v -16.509829 5.547665 9.581718
v -16.361338 5.200159 9.218767
v -16.495287 5.439010 9.303654
v -16.619839 5.560204 9.383893
v -16.452190 5.261364 9.036040
v -16.586903 5.486292 9.131689
v -16.700541 5.597562 9.220034
v -14.372659 5.773571 8.327429
v -14.499222 5.779746 8.139424
v -14.623505 5.793523 8.001452
v -14.335634 5.955719 8.304983
v -14.465630 5.957755 8.113990
v -14.599187 5.962113 7.969109
v -14.322023 6.182436 8.296661
v -14.453485 6.182689 8.104193
v -14.590663 6.183235 7.956004
v -13.780099 7.369577 9.210943
v -13.780099 7.060872 9.210944
v -13.780099 6.747375 9.210943
v -13.917914 7.369577 8.976139
v -13.917914 7.060871 8.976139
v -13.917914 6.747374 8.976139
v -14.054878 7.369577 8.742786
v -14.054878 7.060872 8.742786
v -14.054878 6.747375 8.742786
v -13.782074 6.182398 9.212102
v -13.795895 5.955429 9.220214
v -13.833408 5.772687 9.242232
v -13.919889 6.182398 8.977297
v -13.933710 5.955429 8.985410
v -13.971224 5.772687 9.007428
v -14.056853 6.182398 8.743944
v -14.070674 5.955430 8.752056
v -14.108189 5.772688 8.774075
v -14.322023 8.654411 8.296662
v -14.453485 8.654202 8.104194
v -14.590663 8.653754 7.956004
v -14.335634 8.818215 8.304984
v -14.465630 8.816543 8.113991
v -14.599187 8.812960 7.969109
v -14.372659 8.959628 8.327430
v -14.499222 8.954552 8.139425
v -14.623505 8.943227 8.001453
v -13.514163 6.182434 9.673059
v -13.405253 6.182689 9.890127
v -13.337799 6.183234 10.090579
v -13.528074 5.955718 9.680871
v -13.419792 5.957754 9.895844
v -13.353592 5.962113 10.091300
v -13.565739 5.773569 9.702224
v -13.458515 5.779746 9.912537
v -13.394124 5.793523 10.096018
v -13.512176 7.369577 9.671943
v -13.403176 7.369577 9.889311
v -13.335543 7.369577 10.090477
v -13.512176 7.060871 9.671943
v -13.403176 7.060871 9.889311
v -13.335543 7.060871 10.090477
v -13.512176 6.747374 9.671943
v -13.403176 6.747374 9.889311
v -13.335543 6.747374 10.090477
v -14.328023 9.218324 9.532568
v -14.168724 9.181804 9.439389
v -14.022172 9.138457 9.353068
v -14.453923 9.221288 9.290492
v -14.303218 9.182767 9.202210
v -14.159573 9.138577 9.117968
v -14.603165 9.218324 9.063793
v -14.443909 9.181804 8.970542
v -14.297002 9.138457 8.884825
v -14.902763 9.196249 8.631016
v -14.716930 9.174519 8.527039
v -14.561739 9.136160 8.438191
v -15.032288 9.177258 8.414887
v -14.839415 9.160239 8.324005
v -14.682180 9.124670 8.245640
v -15.157074 9.144581 8.199343
v -14.948133 9.127103 8.146024
v -14.787316 9.094679 8.094114
v -15.276913 6.177834 8.000762
v -15.082197 6.181181 7.907361
v -14.902628 6.183045 7.857730
v -15.269283 5.918909 8.012794
v -15.075649 5.945696 7.922105
v -14.900263 5.960607 7.874155
v -15.246967 5.655705 8.046397
v -15.056278 5.742936 7.961843
v -14.891486 5.788921 7.916644
v -15.278003 7.369577 7.999043
v -15.083133 7.369577 7.905253
v -14.902966 7.369577 7.855384
v -15.278002 7.060872 7.999043
v -15.083133 7.060872 7.905253
v -14.902966 7.060872 7.855384
v -15.278003 6.747375 7.999043
v -15.083133 6.747375 7.905253
v -14.902966 6.747375 7.855384
v -15.920643 8.654411 11.085513
v -15.785414 8.654202 11.287134
v -15.646528 8.653754 11.445661
v -15.908234 8.818215 11.077878
v -15.774489 8.816543 11.277906
v -15.639246 8.812960 11.432837
v -15.874469 8.959628 11.057306
v -15.744169 8.954552 11.254075
v -15.618162 8.943227 11.401391
v -16.467093 6.182398 10.158606
v -16.454472 5.955428 10.151197
v -16.420214 5.772687 10.131090
v -16.330130 6.182398 10.391958
v -16.317507 5.955428 10.384550
v -16.283251 5.772687 10.364444
v -16.192314 6.182398 10.626763
v -16.179691 5.955429 10.619355
v -16.145435 5.772688 10.599249
v -16.468895 7.369577 10.159664
v -16.468895 7.060871 10.159664
v -16.468895 6.747374 10.159664
v -16.331932 7.369577 10.393018
v -16.331932 7.060870 10.393018
v -16.331932 6.747373 10.393018
v -16.194117 7.369577 10.627822
v -16.194117 7.060871 10.627822
v -16.194117 6.747374 10.627822
v -15.874469 5.773570 11.057304
v -15.744169 5.779745 11.254074
v -15.618161 5.793523 11.401390
v -15.908234 5.955719 11.077877
v -15.774489 5.957754 11.277905
v -15.639246 5.962113 11.432837
v -15.920643 6.182435 11.085512
v -15.785414 6.182688 11.287133
v -15.646528 6.183234 11.445660
v -16.730318 7.369577 9.710134
v -16.835548 7.369577 9.501936
v -16.901470 7.369577 9.311148
v -16.730318 7.060871 9.710134
v -16.835548 7.060871 9.501936
v -16.901470 7.060872 9.311148
v -16.730318 6.747374 9.710135
v -16.835548 6.747374 9.501936
v -16.901470 6.747375 9.311148
v -16.728502 6.182434 9.709115
v -16.833645 6.182688 9.501200
v -16.899391 6.183235 9.311084
v -16.715794 5.955718 9.701990
v -16.820328 5.957754 9.496051
v -16.884842 5.962112 9.310645
v -16.681389 5.773569 9.682510
v -16.784876 5.779746 9.480962
v -16.847542 5.793523 9.306825
v -16.541414 5.655706 8.806157
v -16.696167 5.742935 8.924356
v -16.804852 5.788921 9.039670
v -16.559343 5.918910 8.769980
v -16.720930 5.945696 8.887783
v -16.836596 5.960607 9.010661
v -16.565903 6.177835 8.757319
v -16.730385 6.181181 8.874743
v -16.849300 6.183045 9.000307
v -15.385487 9.196249 10.777328
v -15.558668 9.174519 10.874256
v -15.701632 9.136160 10.956056
v -15.250234 9.177258 11.002619
v -15.431188 9.160239 11.085970
v -15.576849 9.124670 11.157063
v -15.119976 9.144581 11.228223
v -15.317802 9.127103 11.272854
v -15.468224 9.094679 11.316972
v -16.691917 8.655381 8.629078
v -16.766342 8.654312 8.837749
v -16.853796 8.653768 8.995684
v -16.704155 8.821066 8.634692
v -16.762581 8.817428 8.848253
v -16.841803 8.813070 9.005721
v -16.663679 8.967448 8.675716
v -16.730774 8.957095 8.886568
v -16.809175 8.943545 9.034947
v -16.451735 9.144581 8.959229
v -16.588097 9.127103 9.108581
v -16.700691 9.094679 9.217146
v -16.324060 9.177259 9.173078
v -16.485291 9.160239 9.290032
v -16.618589 9.124670 9.382191
v -16.198771 9.196249 9.391691
v -16.367666 9.174519 9.495918
v -16.508732 9.136160 9.580955
v -16.566839 6.747375 8.755511
v -16.731735 6.747375 8.872882
v -16.851116 6.747375 8.998829
v -16.566839 7.060871 8.755511
v -16.731735 7.060871 8.872882
v -16.851116 7.060871 8.998829
v -16.566841 7.369577 8.755511
v -16.731735 7.369577 8.872882
v -16.851116 7.369577 8.998829
v -16.730318 8.300614 9.710134
v -16.835548 8.300614 9.501936
v -16.901470 8.300614 9.311148
v -16.730318 8.110801 9.710134
v -16.835548 8.110801 9.501936
v -16.901470 8.110801 9.311148
v -16.730318 7.898873 9.710135
v -16.835548 7.898873 9.501936
v -16.901470 7.898875 9.311148
v -16.468895 8.300614 10.159664
v -16.468895 8.110801 10.159664
v -16.468895 7.898873 10.159664
v -16.331932 8.300614 10.393018
v -16.331932 8.110801 10.393018
v -16.331932 7.898873 10.393018
v -16.194117 8.300614 10.627822
v -16.194117 8.110801 10.627822
v -16.194117 7.898874 10.627822
v -15.922415 6.747374 11.086604
v -15.786974 6.747374 11.288452
v -15.647569 6.747374 11.447493
v -15.922416 7.060870 11.086604
v -15.786974 7.060870 11.288452
v -15.647569 7.060870 11.447494
v -15.922416 7.369577 11.086604
v -15.786974 7.369577 11.288452
v -15.647569 7.369577 11.447493
v -15.308271 8.299962 7.940265
v -15.092371 8.300614 7.886867
v -14.904120 8.300614 7.853086
v -15.287659 8.110494 7.980901
v -15.086262 8.110801 7.899335
v -14.903357 8.110801 7.854644
v -15.279209 7.898836 7.996776
v -15.083524 7.898873 7.904513
v -14.903014 7.898875 7.855291
v -13.512176 8.300614 9.671943
v -13.403176 8.300614 9.889311
v -13.335543 8.300614 10.090477
v -13.512176 8.110801 9.671943
v -13.403176 8.110801 9.889311
v -13.335543 8.110801 10.090477
v -13.512176 7.898873 9.671943
v -13.403176 7.898873 9.889311
v -13.335543 7.898874 10.090477
v -14.320078 6.747375 8.295473
v -14.451751 6.747375 8.102795
v -14.589444 6.747375 7.954132
v -14.320078 7.060871 8.295472
v -14.451751 7.060871 8.102795
v -14.589444 7.060871 7.954132
v -14.320078 7.369577 8.295473
v -14.451751 7.369577 8.102795
v -14.589445 7.369577 7.954132
v -13.780099 8.300614 9.210943
v -13.780099 8.110801 9.210944
v -13.780099 7.898873 9.210943
v -13.917914 8.300614 8.976139
v -13.917914 8.110801 8.976139
v -13.917914 7.898873 8.976139
v -14.054878 8.300614 8.742786
v -14.054878 8.110801 8.742786
v -14.054878 7.898875 8.742786
v -15.793819 8.275083 8.096650
v -15.731689 8.103736 8.204288
v -15.710105 7.897992 8.242457
v -16.029221 8.265600 8.216737
v -15.960802 8.100972 8.332887
v -15.936293 7.897645 8.374480
v -16.247066 8.275083 8.362679
v -16.182810 8.103737 8.469068
v -16.159792 7.897992 8.506395
v -13.701870 6.747374 10.684392
v -13.525471 6.747374 10.559132
v -13.395439 6.747374 10.423843
v -13.701870 7.060870 10.684392
v -13.525471 7.060870 10.559132
v -13.395439 7.060870 10.423843
v -13.701870 7.369577 10.684392
v -13.525471 7.369577 10.559132
v -13.395439 7.369577 10.423844
v -14.489621 8.275083 11.356941
v -14.552698 8.103736 11.246382
v -14.574602 7.897991 11.207173
v -14.255798 8.265600 11.238218
v -14.325499 8.100972 11.119048
v -14.350454 7.897645 11.076365
v -14.036373 8.275083 11.090913
v -14.101579 8.103737 10.981603
v -14.124916 7.897991 10.943233
v -14.960356 8.299962 11.501437
v -15.164822 8.300614 11.545713
v -15.342434 8.300614 11.569656
v -14.981037 8.110494 11.459568
v -15.170946 8.110801 11.532866
v -15.343199 8.110801 11.568051
v -14.989498 7.898835 11.443198
v -15.173683 7.898873 11.527523
v -15.343541 7.898874 11.567383
v -14.967705 8.967448 11.565248
v -15.186688 8.957095 11.517314
v -15.356242 8.943545 11.510395
v -14.950302 8.821066 11.622831
v -15.167448 8.817428 11.565972
v -15.345473 8.813070 11.555102
v -14.939226 8.655381 11.615239
v -15.159722 8.654312 11.575036
v -15.342135 8.653768 11.571186
v -14.108685 9.142615 11.948139
v -13.778344 9.125279 12.457120
v -13.486300 9.093064 12.905086
v -13.904371 9.161532 11.838471
v -13.597025 9.145657 12.362808
v -13.318142 9.111756 12.838249
v -13.708405 9.142615 11.713199
v -13.426105 9.125280 12.250378
v -13.177782 9.093064 12.724004
v -16.849762 8.968362 7.878183
v -17.083647 8.958870 7.360141
v -17.289257 8.946036 6.886250
v -16.893557 8.828369 7.870783
v -17.120842 8.831624 7.362990
v -17.328825 8.833000 6.877469
v -16.860155 8.681907 7.860476
v -17.086874 8.702499 7.354643
v -17.289661 8.719729 6.885563
v -13.833408 8.960353 9.242233
v -13.795895 8.818454 9.220215
v -13.782073 8.654441 9.212103
v -13.971225 8.960353 9.007429
v -13.933710 8.818454 8.985410
v -13.919889 8.654441 8.977298
v -14.108189 8.960354 8.774076
v -14.070674 8.818454 8.752057
v -14.056853 8.654441 8.743945
v -13.565739 8.959628 9.702225
v -13.458515 8.954552 9.912538
v -13.394124 8.943227 10.096019
v -13.528073 8.818215 9.680872
v -13.419792 8.816544 9.895845
v -13.353592 8.812960 10.091301
v -13.514163 8.654410 9.673060
v -13.405253 8.654202 9.890128
v -13.337799 8.653754 10.090580
v -15.301275 8.967448 7.876069
v -15.072410 8.957095 7.913211
v -14.893502 8.943545 7.910564
v -15.317038 8.821066 7.820539
v -15.089940 8.817428 7.866517
v -14.902049 8.813070 7.867206
v -15.328166 8.655381 7.828640
v -15.097205 8.654312 7.858068
v -14.904504 8.653768 7.851570
v -16.420214 8.960353 10.131091
v -16.454472 8.818454 10.151198
v -16.467093 8.654441 10.158607
v -16.283251 8.960353 10.364445
v -16.317507 8.818454 10.384551
v -16.330130 8.654441 10.391959
v -16.145435 8.960354 10.599249
v -16.179691 8.818454 10.619356
v -16.192314 8.654441 10.626764
v -16.681387 8.959628 9.682511
v -16.784876 8.954552 9.480963
v -16.847542 8.943227 9.306826
v -16.715794 8.818215 9.701991
v -16.820328 8.816544 9.496052
v -16.884842 8.812960 9.310646
v -16.728502 8.654410 9.709116
v -16.833645 8.654202 9.501201
v -16.899391 8.653754 9.311085
v -16.568262 7.898836 8.753369
v -16.732201 7.898873 8.872186
v -16.851173 7.898873 8.998742
v -16.578209 8.110494 8.738375
v -16.735460 8.110801 8.867311
v -16.851582 8.110801 8.998133
v -16.604126 8.299962 8.700850
v -16.743523 8.300614 8.855990
v -16.852589 8.300614 8.996716
v -15.922415 7.898874 11.086604
v -15.786974 7.898873 11.288452
v -15.647569 7.898874 11.447493
v -15.922416 8.110801 11.086604
v -15.786974 8.110801 11.288452
v -15.647569 8.110801 11.447494
v -15.922416 8.300614 11.086604
v -15.786974 8.300614 11.288452
v -15.647569 8.300614 11.447493
v -14.320078 7.898875 8.295473
v -14.451751 7.898873 8.102795
v -14.589444 7.898875 7.954132
v -14.320078 8.110801 8.295472
v -14.451751 8.110801 8.102795
v -14.589444 8.110801 7.954132
v -14.320078 8.300614 8.295473
v -14.451751 8.300614 8.102795
v -14.589445 8.300614 7.954132
v -13.700447 7.898835 10.686604
v -13.525005 7.898873 10.559852
v -13.395381 7.898873 10.423934
v -13.690487 8.110494 10.702095
v -13.521748 8.110801 10.564888
v -13.394974 8.110801 10.424563
v -13.664501 8.299962 10.740851
v -13.513670 8.300614 10.576590
v -13.393964 8.300614 10.426025
v -17.098831 8.945063 6.048028
v -17.130898 8.833198 5.974655
v -17.098831 8.721333 6.048028
v -17.291384 8.951072 6.068851
v -17.335318 8.833198 5.993999
v -17.291384 8.715324 6.068851
v -17.403442 8.945063 6.226816
v -17.451872 8.833198 6.163045
v -17.403442 8.721333 6.226816
v -16.598570 8.482775 7.705978
v -16.853695 8.529332 7.217467
v -17.088655 8.571856 6.767547
v -16.405733 8.460191 7.576756
v -16.683681 8.507764 7.103895
v -16.948095 8.553016 6.653689
v -16.198290 8.482775 7.471038
v -16.501455 8.529332 7.010725
v -16.780136 8.571856 6.586464
v -16.169724 9.142615 7.519711
v -16.493248 9.125279 7.024711
v -16.779110 9.093064 6.588213
v -16.374613 9.161532 7.629778
v -16.674643 9.145657 7.119292
v -16.946966 9.111756 6.655614
v -16.570004 9.142615 7.754650
v -16.845486 9.125280 7.231452
v -17.087629 9.093064 6.769294
v -15.933551 8.681907 7.316617
v -16.267374 8.702500 6.873648
v -16.579018 8.719729 6.468460
v -15.907926 8.828368 7.292278
v -16.243414 8.831624 6.847993
v -16.566977 8.833000 6.430310
v -15.923157 8.968362 7.334325
v -16.264147 8.958870 6.879146
v -16.578613 8.946036 6.469146
v -13.158937 8.945062 13.458425
v -13.125899 8.833197 13.533453
v -13.158937 8.721332 13.458425
v -12.965412 8.951071 13.439258
v -12.920419 8.833197 13.515916
v -12.965412 8.715323 13.439258
v -12.854325 8.945062 13.279637
v -12.804926 8.833197 13.345061
v -12.854326 8.721332 13.279637
v -14.340988 8.681907 12.152525
v -14.003143 8.702500 12.608574
v -13.686259 8.719729 13.024887
v -14.366266 8.828368 12.176673
v -14.026899 8.831624 12.634319
v -13.697962 8.833000 13.063580
v -14.351956 8.968362 12.133838
v -14.006548 8.958870 12.602772
v -13.686685 8.946036 13.024162
v -13.425352 8.968362 11.589979
v -13.187048 8.958869 12.121776
v -12.976040 8.946036 12.607058
v -13.380635 8.828369 11.598169
v -13.149471 8.831624 12.119323
v -12.936113 8.833000 12.616422
v -13.414385 8.681907 11.608666
v -13.183642 8.702499 12.127578
v -12.975615 8.719729 12.607783
v -13.678259 8.482775 11.764561
v -13.417443 8.529332 12.265136
v -13.176699 8.571856 12.725848
v -13.871530 8.460191 11.894425
v -13.587486 8.507764 12.379060
v -13.316950 8.553016 12.840281
v -14.078540 8.482775 11.999501
v -13.769682 8.529332 12.471878
v -13.485218 8.571856 12.906930
v -14.566559 0.652119 11.107492
v -14.567700 0.271829 11.089889
v -14.574306 0.052846 11.043431
v -14.357273 0.638538 11.036227
v -14.362337 0.263326 11.023763
v -14.381613 0.039786 10.980667
v -14.148411 0.602945 10.917253
v -14.151872 0.249583 10.915669
v -14.174931 0.032699 10.877631
v -14.234951 0.421979 9.884004
v -14.073415 0.336152 9.817972
v -13.935255 0.292196 9.790973
v -14.250430 0.199987 9.865431
v -14.087494 0.175425 9.793223
v -13.943820 0.164961 9.764684
v -14.233772 0.026500 9.896916
v -14.073306 0.028798 9.822005
v -13.935241 0.039489 9.791477
v -15.191827 3.980720 10.707891
v -15.142635 3.027132 10.707067
v -15.124446 2.071254 10.707710
v -15.112441 3.964816 10.910692
v -15.073476 3.022629 10.893781
v -15.059162 2.070689 10.887898
v -14.979250 3.998870 11.070069
v -14.945678 3.032767 11.042636
v -14.933857 2.071958 11.032428
v -15.701781 4.028046 8.312644
v -15.710376 3.026612 8.323932
v -15.703974 2.027975 8.314477
v -15.916903 4.012638 8.408878
v -15.912793 3.031298 8.411505
v -15.908210 2.057469 8.408149
v -16.104645 4.029790 8.549585
v -16.083282 3.040577 8.546687
v -16.074364 2.071146 8.544765
v -14.674404 3.978158 10.063046
v -14.659495 3.012278 10.114377
v -14.644993 2.026182 10.118724
v -14.893181 3.958291 10.153053
v -14.863619 3.015514 10.199043
v -14.849980 2.055496 10.211115
v -15.077256 3.979904 10.300007
v -15.032309 3.026243 10.337292
v -15.015072 2.069354 10.349543
v -15.638500 3.979904 9.343782
v -15.648907 3.026243 9.286757
v -15.651119 2.069354 9.265871
v -15.421187 3.958291 9.253459
v -15.446806 3.015515 9.205434
v -15.450713 2.055496 9.187613
v -15.235213 3.978159 9.107563
v -15.272611 3.012279 9.069777
v -15.269473 2.026182 9.054761
v -14.046374 3.997893 10.523041
v -14.075998 3.024956 10.536284
v -14.054950 2.052492 10.529135
v -14.120497 3.964870 10.328482
v -14.145534 3.023068 10.349136
v -14.126638 2.079406 10.340565
v -14.259398 3.979744 10.160101
v -14.276533 3.019321 10.194623
v -14.256515 2.051787 10.185718
v -14.587151 4.029790 11.135028
v -14.574437 3.040577 11.117393
v -14.568492 2.071146 11.110407
v -14.372030 4.012637 11.040967
v -14.372441 3.031298 11.035891
v -14.367260 2.057469 11.033553
v -14.183851 4.028046 10.898829
v -14.198048 3.026613 10.900573
v -14.186534 2.027975 10.899826
v -14.491307 -0.168157 10.338885
v -14.397305 -0.192434 10.499789
v -14.302650 -0.168157 10.660311
v -14.686042 -0.155803 10.461379
v -14.597894 -0.179257 10.617522
v -14.504541 -0.155803 10.770612
v -14.848053 -0.122828 10.574787
v -14.773806 -0.143569 10.720772
v -14.682546 -0.122827 10.856771
v -15.759018 -0.122829 9.022723
v -15.845942 -0.143569 8.894111
v -15.915854 -0.122829 8.755512
v -15.581433 -0.155804 8.935849
v -15.670031 -0.179256 8.790861
v -15.753424 -0.155804 8.642818
v -15.379730 -0.168156 8.825230
v -15.469441 -0.192433 8.673127
v -15.558502 -0.168156 8.520644
v -15.650323 0.652119 9.261022
v -15.651046 0.271829 9.244129
v -15.656500 0.052846 9.199634
v -15.442217 0.638538 9.187747
v -15.446928 0.263326 9.175883
v -15.464958 0.039786 9.134908
v -15.233438 0.602945 9.068631
v -15.236815 0.249583 9.067188
v -15.258695 0.032699 9.031159
v -16.186354 0.654021 8.889153
v -16.167717 0.272743 8.885983
v -16.119438 0.053728 8.875004
v -16.126930 0.653756 9.059033
v -16.110668 0.270635 9.049488
v -16.066620 0.046836 9.023635
v -16.007580 0.654021 9.193739
v -15.995726 0.272743 9.179013
v -15.962603 0.053729 9.142215
v -15.699692 0.602944 8.274247
v -15.700079 0.249583 8.277900
v -15.679290 0.032700 8.314568
v -15.905481 0.638539 8.398458
v -15.897420 0.263326 8.408355
v -15.870435 0.039786 8.444075
v -16.070919 0.652120 8.544430
v -16.056522 0.271830 8.553296
v -16.020332 0.052847 8.579752
v -15.119159 0.654021 10.707395
v -15.100334 0.272743 10.704543
v -15.051638 0.053728 10.694279
v -15.054793 0.653756 10.885695
v -15.038531 0.270635 10.876149
v -14.994483 0.046836 10.850296
v -14.930502 0.654021 11.028820
v -14.918834 0.272743 11.013775
v -14.886130 0.053729 10.976263
v -14.640444 0.602945 10.078948
v -14.640749 0.249583 10.082742
v -14.618779 0.032700 10.121420
v -14.846150 0.638539 10.203300
v -14.837736 0.263326 10.213799
v -14.809507 0.039786 10.251638
v -15.010408 0.652120 10.351281
v -14.995595 0.271830 10.360860
v -14.958253 0.052847 10.389277
v -13.873877 0.791130 10.421218
v -13.756962 0.567940 10.335925
v -13.660077 0.460412 10.257157
v -13.962143 0.837599 10.244376
v -13.844585 0.598740 10.175377
v -13.737375 0.482072 10.112452
v -14.073509 0.791128 10.081093
v -13.942039 0.567941 10.020599
v -13.826032 0.460413 9.974412
v -13.535970 0.286865 10.182631
v -13.515796 0.163466 10.180911
v -13.535970 0.040068 10.182631
v -13.602456 0.293494 10.033262
v -13.585257 0.163467 10.023168
v -13.602456 0.033440 10.033262
v -13.700455 0.286865 9.902389
v -13.689116 0.163467 9.885614
v -13.700455 0.040069 9.902389
v -14.612415 0.286864 8.348629
v -14.592473 0.163466 8.346514
v -14.612415 0.040068 8.348629
v -14.674593 0.293493 8.206601
v -14.657394 0.163467 8.196507
v -14.674593 0.033440 8.206601
v -14.768283 0.286864 8.083069
v -14.756713 0.163467 8.066689
v -14.768283 0.040069 8.083069
v -15.174179 -0.168158 8.295070
v -15.018628 -0.155804 8.211538
v -14.894983 -0.122829 8.156324
v -15.084591 -0.192433 8.447245
v -14.931022 -0.179257 8.357109
v -14.811300 -0.143569 8.286839
v -14.995406 -0.168155 8.599655
v -14.846637 -0.155804 8.504569
v -14.738148 -0.122828 8.423535
v -14.106984 -0.168158 10.113311
v -13.951245 -0.155804 10.030099
v -13.827183 -0.122829 9.975599
v -14.012454 -0.192433 10.273906
v -13.858885 -0.179258 10.183770
v -13.739162 -0.143569 10.113501
v -13.918327 -0.168155 10.434736
v -13.769745 -0.155804 10.339332
v -13.661674 -0.122828 10.257584
v -14.874939 0.026501 8.804523
v -14.730859 0.028797 8.701695
v -14.635736 0.039488 8.598003
v -14.856514 0.199988 8.832810
v -14.713496 0.175424 8.726669
v -14.617254 0.164962 8.617315
v -14.864551 0.421979 8.811318
v -14.727485 0.336152 8.703596
v -14.635315 0.292196 8.598241
v -13.791209 0.026501 10.650937
v -13.647570 0.028797 10.547358
v -13.553602 0.039488 10.441697
v -13.771839 0.199988 10.680832
v -13.629357 0.175424 10.573778
v -13.534391 0.164962 10.462251
v -13.780509 0.421979 10.658262
v -13.644101 0.336152 10.549419
v -13.553168 0.292197 10.441956
v -15.295183 0.421979 8.077624
v -15.134306 0.336152 8.010472
v -14.997382 0.292196 7.981364
v -15.310030 0.199987 8.060129
v -15.147630 0.175425 7.987010
v -15.005232 0.164961 7.956296
v -15.294315 0.026500 8.090008
v -15.134291 0.028798 8.014345
v -14.997380 0.039489 7.981849
v -14.951243 0.791129 8.585646
v -14.833947 0.567940 8.501003
v -14.736562 0.460412 8.423090
v -15.034281 0.837599 8.417715
v -14.916722 0.598740 8.348716
v -14.809513 0.482071 8.285790
v -15.140416 0.791128 8.263341
v -15.009328 0.567941 8.202198
v -14.893822 0.460412 8.155157
vn -0.1198 0.8797 0.4601
vn -0.0000 1.0000 -0.0000
vn -0.3064 0.9348 0.1799
vn 0.4601 0.8797 0.1198
vn 0.1799 0.9348 0.3064
vn -0.4601 0.8797 -0.1198
vn 0.1198 0.8797 -0.4601
vn -0.1799 0.9348 -0.3064
vn -0.2048 0.5819 0.7870
vn -0.4250 0.6763 0.6017
vn 0.0777 0.6763 0.7325
vn 0.6017 0.6763 0.4250
vn 0.3566 0.7097 0.6076
vn 0.7870 0.5819 0.2048
vn 0.7325 0.6763 -0.0777
vn 0.3064 0.9348 -0.1799
vn 0.4250 0.6763 -0.6017
vn 0.2048 0.5819 -0.7870
vn -0.0777 0.6763 -0.7325
vn -0.3566 0.7097 -0.6076
vn -0.6017 0.6763 -0.4250
vn -0.7870 0.5819 -0.2048
vn -0.7325 0.6763 0.0777
vn -0.6076 0.7097 0.3566
vn 0.6149 -0.2191 -0.7576
vn 0.8540 0.1389 -0.5014
vn 0.6271 0.1668 -0.7609
vn 0.9613 -0.2185 -0.1677
vn 0.8402 -0.2256 -0.4932
vn 0.7343 0.5244 -0.4311
vn 0.5325 0.5600 -0.6347
vn 0.9697 0.1686 -0.1771
vn 0.5131 -0.5764 -0.6360
vn 0.2488 -0.2092 -0.9457
vn 0.2048 -0.5831 -0.7862
vn 0.7076 -0.5718 -0.4153
vn 0.8055 -0.5763 -0.1379
vn 0.9475 -0.2071 0.2436
vn 0.9470 0.2174 0.2366
vn 0.8123 0.5620 -0.1563
vn 0.7415 0.6479 0.1746
vn 0.4784 0.8701 -0.1186
vn 0.4672 0.8405 -0.2743
vn 0.3368 0.8696 -0.3612
vn 0.2068 0.6408 -0.7393
vn 0.1001 0.9343 -0.3421
vn 0.2536 0.2109 -0.9440
vn -0.7731 0.1404 -0.6185
vn -0.5059 -0.0366 -0.8618
vn -0.7791 -0.0365 -0.6259
vn -0.7261 0.3733 -0.5775
vn -0.5012 0.1397 -0.8540
vn -0.1631 0.1404 -0.9766
vn -0.1666 -0.0365 -0.9853
vn -0.1502 0.3733 -0.9155
vn -0.9461 -0.2102 -0.2463
vn -0.7625 -0.2076 -0.6128
vn -0.9581 0.1409 -0.2494
vn -0.9671 -0.0366 -0.2517
vn -0.9084 0.3448 -0.2365
vn -0.4660 0.3905 -0.7939
vn 0.2365 0.3448 -0.9084
vn 0.2494 0.1409 -0.9581
vn 0.2517 -0.0366 -0.9671
vn 0.2463 -0.2102 -0.9461
vn -0.1633 -0.2076 -0.9645
vn -0.4954 -0.2054 -0.8440
vn -0.6185 0.1404 0.7731
vn -0.8618 -0.0366 0.5059
vn -0.6259 -0.0365 0.7791
vn -0.5775 0.3733 0.7261
vn -0.8540 0.1397 0.5012
vn -0.9766 0.1404 0.1631
vn -0.9853 -0.0365 0.1666
vn -0.9155 0.3733 0.1502
vn -0.2463 -0.2102 0.9461
vn -0.6128 -0.2075 0.7625
vn -0.2494 0.1409 0.9581
vn -0.2517 -0.0366 0.9671
vn -0.2365 0.3448 0.9084
vn -0.7939 0.3905 0.4660
vn -0.9645 -0.2076 0.1633
vn -0.8440 -0.2054 0.4954
vn 0.7731 0.1404 0.6185
vn 0.5059 -0.0366 0.8618
vn 0.7791 -0.0365 0.6259
vn 0.7261 0.3733 0.5775
vn 0.5012 0.1397 0.8540
vn 0.1631 0.1404 0.9766
vn 0.1666 -0.0365 0.9853
vn 0.1502 0.3733 0.9155
vn 0.9461 -0.2102 0.2463
vn 0.7625 -0.2076 0.6128
vn 0.9581 0.1409 0.2494
vn 0.9671 -0.0366 0.2517
vn 0.9084 0.3448 0.2365
vn 0.4660 0.3905 0.7939
vn 0.1633 -0.2076 0.9645
vn 0.4954 -0.2054 0.8440
vn 0.6185 0.1404 -0.7731
vn 0.8618 -0.0366 -0.5059
vn 0.6259 -0.0365 -0.7791
vn 0.5775 0.3733 -0.7261
vn 0.8540 0.1397 -0.5012
vn 0.9766 0.1404 -0.1631
vn 0.9853 -0.0365 -0.1666
vn 0.9155 0.3733 -0.1502
vn 0.6128 -0.2076 -0.7625
vn 0.7939 0.3905 -0.4660
vn 0.9645 -0.2076 -0.1633
vn 0.8440 -0.2054 -0.4954
vn -0.1135 -0.7378 -0.6654
vn -0.3830 -0.6540 -0.6525
vn -0.1265 -0.6574 -0.7428
vn -0.5256 -0.7378 -0.4235
vn -0.3441 -0.7335 -0.5862
vn -0.4574 -0.4282 -0.7794
vn -0.1508 -0.4315 -0.8894
vn -0.5869 -0.6574 -0.4726
vn 0.1685 -0.7435 -0.6472
vn -0.1378 -0.5754 -0.8062
vn -0.6367 -0.5753 -0.5134
vn -0.4158 -0.5703 -0.7084
vn -0.7865 -0.5828 -0.2046
vn -0.6472 -0.7435 -0.1685
vn -0.7257 -0.6616 -0.1889
vn -0.7031 -0.4315 -0.5653
vn -0.8712 -0.4355 -0.2268
vn 0.2268 -0.4355 -0.8712
vn 0.1889 -0.6616 -0.7257
vn -0.6654 -0.7378 0.1135
vn -0.6525 -0.6539 0.3829
vn -0.7428 -0.6574 0.1265
vn -0.4235 -0.7378 0.5256
vn -0.5862 -0.7335 0.3441
vn -0.7794 -0.4282 0.4574
vn -0.8894 -0.4315 0.1508
vn -0.4726 -0.6574 0.5869
vn -0.8058 -0.5759 0.1379
vn -0.5133 -0.5758 0.6364
vn -0.7080 -0.5711 0.4155
vn -0.2048 -0.5825 0.7866
vn -0.1685 -0.7435 0.6472
vn -0.1889 -0.6616 0.7257
vn -0.5653 -0.4315 0.7031
vn -0.2268 -0.4355 0.8712
vn 0.1135 -0.7378 0.6654
vn 0.3830 -0.6540 0.6525
vn 0.1265 -0.6574 0.7428
vn 0.5256 -0.7378 0.4235
vn 0.3441 -0.7335 0.5862
vn 0.4574 -0.4282 0.7794
vn 0.1508 -0.4315 0.8894
vn 0.5869 -0.6574 0.4726
vn 0.1378 -0.5749 0.8065
vn 0.6369 -0.5750 0.5135
vn 0.4160 -0.5698 0.7087
vn 0.7864 -0.5828 0.2045
vn 0.6472 -0.7435 0.1685
vn 0.7257 -0.6616 0.1889
vn 0.7031 -0.4315 0.5653
vn 0.8712 -0.4355 0.2268
vn 0.6654 -0.7378 -0.1135
vn 0.6525 -0.6539 -0.3829
vn 0.7428 -0.6574 -0.1265
vn 0.4235 -0.7378 -0.5256
vn 0.5862 -0.7335 -0.3441
vn 0.7794 -0.4282 -0.4574
vn 0.8894 -0.4315 -0.1508
vn 0.4726 -0.6574 -0.5869
vn 0.5653 -0.4315 -0.7031
vn 0.5505 -0.0000 0.8348
vn 0.6632 -0.0000 0.7484
vn 0.5505 -0.0000 0.8349
vn 0.8497 -0.0000 0.5272
vn 0.8497 -0.0000 0.5273
vn 0.5119 -0.0106 0.8590
vn 0.5522 -0.0055 0.8337
vn 0.5112 -0.0000 0.8594
vn 0.5115 -0.0032 0.8593
vn 0.5506 -0.0041 0.8348
vn 0.6632 -0.0046 0.7484
vn 0.9894 -0.0043 0.1451
vn 0.9894 -0.0000 0.1449
vn 0.8497 -0.0001 0.5272
vn 0.6636 -0.0013 0.7481
vn -0.6156 -0.2128 0.7588
vn -0.8515 0.1592 0.4997
vn -0.6243 0.1857 0.7588
vn -0.9625 -0.2134 0.1673
vn -0.8415 -0.2191 0.4938
vn -0.7179 0.5542 0.4213
vn -0.5192 0.5861 0.6221
vn -0.9673 0.1840 0.1746
vn -0.2489 -0.2038 0.9469
vn -0.9471 -0.2066 -0.2455
vn -0.9448 0.2209 -0.2419
vn -0.7978 0.5842 0.1493
vn -0.7358 0.6518 -0.1837
vn -0.4575 0.8825 0.1090
vn -0.4426 0.8583 0.2597
vn -0.3183 0.8830 0.3450
vn -0.2006 0.6587 0.7251
vn -0.0948 0.9395 0.3292
vn -0.2518 0.2266 0.9409
vn 0.7610 -0.2037 0.6160
vn 0.4963 0.1974 0.8454
vn 0.7580 0.2110 0.6171
vn 0.1673 -0.2027 0.9649
vn 0.4953 -0.2064 0.8438
vn 0.4014 0.6096 0.6836
vn 0.6093 0.6227 0.4909
vn 0.1701 0.2134 0.9620
vn 0.1325 0.6252 0.7691
vn 0.0871 0.9040 0.4185
vn 0.2325 0.8884 0.3959
vn 0.3249 0.9034 0.2798
vn 0.3430 0.9363 0.0758
vn -0.7604 -0.2073 -0.6155
vn -0.4975 0.1836 -0.8478
vn -0.7587 0.2023 -0.6192
vn -0.1671 -0.2075 -0.9639
vn -0.4947 -0.2110 -0.8430
vn -0.4078 0.5921 -0.6951
vn -0.6146 0.6107 -0.4993
vn -0.1708 0.1992 -0.9650
vn -0.1352 0.6080 -0.7823
vn -0.0908 0.8968 -0.4330
vn -0.2407 0.8795 -0.4104
vn -0.3318 0.8975 -0.2906
vn -0.3381 0.9376 -0.0813
vn 0.2587 0.9540 -0.1519
vn 0.2006 0.9709 -0.1308
vn 0.2125 0.9622 -0.1703
vn 0.2119 0.9709 -0.1116
vn 0.2194 0.9671 -0.1288
vn 0.3296 0.9235 -0.1961
vn 0.3319 0.9235 -0.1921
vn 0.3354 0.9213 -0.1969
vn 0.1261 0.9807 -0.1491
vn 0.2520 0.9622 -0.1030
vn 0.1906 0.9809 -0.0385
vn 0.1878 0.9785 -0.0858
vn 0.3245 0.9282 -0.1819
vn 0.5782 0.7441 -0.3347
vn 0.5777 0.7426 -0.3388
vn 0.5783 0.7419 -0.3394
vn 0.5775 0.7426 -0.3392
vn 0.5741 0.7441 -0.3418
vn 0.3170 0.9282 -0.1948
vn 0.1663 0.9784 -0.1226
vn -0.8155 -0.5117 0.2705
vn -0.5577 -0.7034 0.4407
vn -0.5907 -0.7529 0.2902
vn -0.4952 -0.4478 0.7445
vn -0.7416 -0.4487 0.4987
vn -0.4396 -0.8036 0.4011
vn -0.4720 -0.8297 0.2981
vn -0.3836 -0.6707 0.6349
vn -0.9131 -0.3473 -0.2137
vn -0.7486 -0.6590 0.0732
vn -0.9538 -0.2216 0.2027
vn -0.5551 -0.1872 0.8104
vn -0.8334 -0.2017 0.5146
vn -0.0074 -0.1484 0.9889
vn -0.0579 -0.3780 0.9240
vn -0.0764 -0.5600 0.8250
vn -0.3210 -0.7649 0.5584
vn -0.2794 -0.5878 0.7592
vn -0.4505 -0.6573 0.6041
vn -0.5530 -0.6829 0.4773
vn -0.6036 -0.6924 0.3952
vn -0.4486 -0.8600 0.2434
vn -0.6156 -0.6989 0.3641
vn -0.5161 -0.8368 0.1827
vn 0.9006 -0.4253 -0.0893
vn 0.6797 -0.6736 -0.2904
vn 0.7619 -0.6458 -0.0491
vn 0.6504 -0.4848 -0.5847
vn 0.8072 -0.4206 -0.4141
vn 0.5922 -0.7782 -0.2092
vn 0.6691 -0.7424 -0.0325
vn 0.5675 -0.7254 -0.3895
vn 0.8742 -0.1439 0.4638
vn 0.8486 -0.3676 0.3805
vn 0.9791 -0.1765 -0.1012
vn 0.6499 -0.2092 -0.7307
vn 0.8573 -0.1883 -0.4791
vn 0.2723 -0.3383 -0.9008
vn 0.4514 -0.6376 -0.6243
vn 0.4378 -0.8166 -0.3762
vn 0.5193 -0.8056 -0.2851
vn 0.4598 -0.8393 -0.2900
vn 0.6626 -0.6622 -0.3501
vn 0.7074 -0.6533 -0.2698
vn 0.7662 -0.6304 -0.1248
vn 0.8184 -0.5670 0.0939
vn 0.7474 -0.6176 0.2450
vn 0.7767 -0.5466 0.3130
vn -0.2439 -0.9591 0.1436
vn -0.2951 -0.9198 0.2584
vn -0.2348 -0.8808 0.4111
vn -0.3691 -0.9199 0.1325
vn -0.2678 -0.9505 0.1573
vn -0.3888 -0.8887 0.2432
vn -0.4018 -0.8887 0.2210
vn -0.3742 -0.9010 0.2196
vn -0.0739 -0.7621 0.6433
vn -0.4233 -0.6585 0.6223
vn -0.2463 -0.3458 0.9054
vn -0.2152 -0.9683 0.1271
vn -0.4724 -0.8813 0.0074
vn -0.5976 -0.7637 -0.2443
vn -0.6122 -0.7049 0.3583
vn -0.6095 -0.7075 0.3577
vn -0.6113 -0.7049 0.3598
vn -0.6180 -0.6989 0.3599
vn -0.4310 -0.8600 0.2731
vn -0.4096 -0.8369 0.3632
vn -0.1612 -0.6790 -0.7162
vn 0.0005 -1.0000 0.0004
vn 0.1398 -0.9868 -0.0813
vn -0.5435 -0.6800 -0.4922
vn -0.3858 -0.6467 -0.6580
vn 0.5453 -0.6776 0.4935
vn 0.1685 -0.6786 0.7149
vn 0.3869 -0.6456 0.6584
vn 0.0907 -0.7589 -0.6449
vn -0.1834 -0.2641 -0.9469
vn -0.7340 -0.2648 -0.6255
vn -0.4885 -0.2584 -0.8334
vn -0.1367 -0.9873 0.0810
vn 0.1969 -0.2635 0.9444
vn 0.4897 -0.2573 0.8331
vn 0.7318 -0.2628 0.6288
vn 0.9168 -0.3370 0.2141
vn 0.6074 -0.7573 0.2399
vn 0.2233 -0.9660 -0.1303
vn -0.0096 0.9919 0.1270
vn -0.0454 0.9489 0.3124
vn -0.0152 0.9712 0.2377
vn -0.0439 0.9923 0.1157
vn -0.0756 0.9825 0.1702
vn -0.1615 0.9028 0.3986
vn -0.1159 0.9861 0.1191
vn -0.2296 0.9367 0.2643
vn -0.0253 0.9873 0.1568
vn -0.1222 0.8673 0.4825
vn -0.2317 0.9179 0.3222
vn 0.0118 0.9943 0.1062
vn 0.0101 0.9883 0.1521
vn -0.1176 0.9830 0.1410
vn -0.1536 0.9815 0.1141
vn -0.2724 0.9414 0.1989
vn -0.2943 0.9384 0.1811
vn -0.5317 0.7708 0.3510
vn -0.4846 0.7657 0.4230
vn -0.3963 0.7430 0.5394
vn -0.2549 0.6797 0.6877
vn -0.0830 0.7639 0.6399
vn -0.0500 0.8133 0.5798
vn 0.0999 0.9804 0.1700
vn 0.0678 0.9958 0.0614
vn 0.1285 0.9821 0.1379
vn 0.0210 0.9958 0.0888
vn 0.0414 0.9967 0.0703
vn 0.0844 0.9962 0.0225
vn -0.0206 0.9962 0.0842
vn 0.0199 0.9992 0.0337
vn 0.1304 0.9881 0.0821
vn 0.0584 0.9821 0.1790
vn -0.0960 0.9902 0.1018
vn 0.0109 0.9998 0.0183
vn 0.1372 0.9899 -0.0357
vn 0.4025 0.9138 -0.0541
vn 0.1529 0.9868 0.0525
vn 0.0885 0.9942 0.0614
vn -0.8941 -0.4448 0.0528
vn -0.6587 -0.7032 0.2677
vn -0.7451 -0.6669 0.0102
vn -0.6298 -0.5117 0.5844
vn -0.7984 -0.4484 0.4018
vn -0.5670 -0.8031 0.1829
vn -0.6485 -0.7611 -0.0062
vn -0.5405 -0.7531 0.3751
vn -0.8581 -0.1437 -0.4930
vn -0.8300 -0.3679 -0.4193
vn -0.9800 -0.1856 0.0716
vn -0.6335 -0.2212 0.7414
vn -0.8563 -0.2013 0.4756
vn -0.4907 -0.8298 0.2658
vn -0.6400 -0.6924 0.3331
vn -0.6888 -0.6824 0.2446
vn -0.7513 -0.6544 0.0855
vn -0.8015 -0.5794 -0.1478
vn -0.7265 -0.6219 -0.2924
vn -0.7568 -0.5482 -0.3559
vn 0.5062 -0.0000 0.8624
vn 0.5064 -0.0135 0.8622
vn 0.5061 -0.0145 0.8623
vn 0.5059 -0.0135 0.8625
vn 0.5006 -0.0106 0.8656
vn 0.5014 -0.0000 0.8652
vn 0.5011 -0.0032 0.8654
vn 0.5059 -0.0020 0.8626
vn 0.5062 -0.0013 0.8624
vn 0.5065 -0.0020 0.8623
vn 0.5062 -0.0098 0.8624
vn 0.5268 -0.0379 0.8491
vn 0.5099 -0.0145 0.8601
vn 0.4849 -0.0378 0.8737
vn 0.5061 -0.0238 0.8622
vn 0.5782 -0.0585 0.8138
vn 0.4300 -0.0585 0.9009
vn 0.5061 -0.0286 0.8620
vn 0.5154 -0.0247 0.8566
vn 0.5025 -0.0145 0.8645
vn 0.4970 -0.0246 0.8674
vn 0.4701 -0.0723 0.8797
vn 0.3583 -0.1377 0.9234
vn 0.3304 -0.0365 0.9431
vn 0.5064 -0.0191 0.8621
vn 0.6648 -0.0365 0.7461
vn 0.6366 -0.1380 0.7587
vn 0.5402 -0.0725 0.8384
vn 0.2572 -0.9545 -0.1506
vn 0.3179 -0.9088 -0.2703
vn 0.2558 -0.8718 -0.4178
vn 0.3914 -0.9087 -0.1450
vn 0.2862 -0.9433 -0.1679
vn 0.4157 -0.8719 -0.2589
vn 0.4288 -0.8719 -0.2366
vn 0.3999 -0.8860 -0.2347
vn 0.4905 -0.8713 -0.0168
vn 0.7663 -0.6371 -0.0827
vn 0.5426 -0.8166 -0.1968
vn 0.4774 -0.8394 -0.2597
vn 0.6399 -0.6689 -0.3782
vn 0.6365 -0.6754 -0.3725
vn 0.6337 -0.6782 -0.3720
vn 0.6356 -0.6754 -0.3741
vn 0.6422 -0.6689 -0.3744
vn -0.8638 -0.0734 0.4985
vn -0.6019 -0.0095 0.7985
vn -0.6152 -0.0823 0.7841
vn -0.9922 -0.0049 0.1247
vn -0.8633 -0.0062 0.5047
vn -0.8613 0.0550 0.5052
vn -0.5909 0.0534 0.8050
vn -0.2148 -0.1008 0.9714
vn -0.9911 -0.0697 0.1132
vn -0.9280 -0.0479 -0.3695
vn -0.9413 -0.0025 -0.3375
vn -0.9911 0.0557 0.1210
vn -0.9325 0.0409 -0.3588
vn -0.9825 0.1555 0.1021
vn -0.8514 0.1597 0.4997
vn -0.5685 0.1552 0.8079
vn -0.1442 0.0360 0.9889
vn -0.0216 0.1302 0.9913
vn -0.1872 -0.0211 0.9821
vn 0.4292 -0.1139 0.8960
vn 0.1982 -0.3446 0.9176
vn 0.2917 -0.2519 0.9227
vn 0.4596 -0.0345 0.8874
vn 0.3163 -0.1483 0.9370
vn 0.0229 -0.3776 0.9257
vn 0.3409 -0.0411 0.9392
vn 0.0687 -0.1627 0.9843
vn 0.4633 -0.0041 0.8862
vn 0.3430 -0.0046 0.9393
vn 0.0778 -0.0434 0.9960
vn 0.0783 -0.0047 0.9969
vn -0.3175 -0.0423 0.9473
vn -0.3140 -0.1589 0.9360
vn -0.3029 -0.3559 0.8841
vn -0.1168 -0.6328 0.7655
vn -0.3768 0.1373 0.9161
vn -0.0408 -0.0350 0.9986
vn -0.2833 -0.2240 0.9325
vn -0.2886 0.5526 0.7818
vn -0.1113 0.1954 0.9744
vn -0.0642 0.0466 0.9968
vn -0.0905 0.5165 0.8515
vn -0.0810 0.2123 0.9738
vn -0.2470 -0.7350 0.6315
vn -0.0611 -0.3490 0.9351
vn -0.6499 0.0578 0.7578
vn -0.5569 -0.4178 0.7178
vn -0.5415 0.5626 0.6248
vn -0.0761 0.4783 0.8749
vn -0.3064 0.4316 0.8484
vn -0.3300 0.2067 0.9211
vn -0.3335 0.0568 0.9410
vn -0.0199 -0.0217 0.9996
vn -0.3286 0.0054 0.9444
vn 0.0841 -0.1116 0.9902
vn -0.5062 -0.0000 -0.8624
vn -0.5064 -0.0131 -0.8622
vn -0.5107 -0.0000 -0.8597
vn -0.5114 -0.0103 -0.8593
vn -0.5059 -0.0131 -0.8625
vn -0.5061 -0.0141 -0.8623
vn -0.5007 -0.0103 -0.8656
vn -0.5014 -0.0000 -0.8652
vn -0.5012 -0.0030 -0.8653
vn -0.5059 -0.0019 -0.8626
vn -0.5062 -0.0013 -0.8624
vn -0.5064 -0.0019 -0.8623
vn -0.5110 -0.0030 -0.8596
vn -0.5062 -0.0093 -0.8624
vn -0.5254 -0.0358 -0.8501
vn -0.5096 -0.0137 -0.8603
vn -0.4857 -0.0359 -0.8734
vn -0.5060 -0.0226 -0.8622
vn -0.5734 -0.0555 -0.8174
vn -0.4328 -0.0555 -0.8998
vn -0.5059 -0.0271 -0.8622
vn -0.5146 -0.0233 -0.8571
vn -0.5026 -0.0138 -0.8644
vn -0.4971 -0.0234 -0.8674
vn -0.4707 -0.0687 -0.8796
vn -0.3600 -0.1312 -0.9237
vn 0.0016 -0.1394 -0.9902
vn -0.3366 -0.0347 -0.9410
vn -0.5058 -0.0181 -0.8625
vn -0.6551 -0.0347 -0.7548
vn -0.6260 -0.1309 -0.7687
vn -0.5373 -0.0685 -0.8406
vn -0.1044 0.9785 -0.1780
vn -0.0695 0.9955 -0.0647
vn -0.1323 0.9805 -0.1450
vn -0.0222 0.9955 -0.0925
vn -0.0431 0.9964 -0.0735
vn -0.0850 0.9961 -0.0247
vn 0.0208 0.9960 -0.0868
vn -0.0204 0.9992 -0.0350
vn -0.1311 0.9876 -0.0870
vn -0.0614 0.9805 -0.1868
vn -0.0100 0.9873 -0.1587
vn -0.0121 0.9938 -0.1110
vn 0.0271 0.9862 -0.1632
vn 0.2416 0.9129 -0.3290
vn 0.0977 0.9898 -0.1035
vn -0.0110 0.9998 -0.0190
vn -0.1365 0.9901 0.0333
vn -0.3968 0.9169 0.0417
vn -0.1520 0.9867 -0.0578
vn -0.0894 0.9938 -0.0654
vn 0.8561 -0.0764 -0.5112
vn 0.5915 -0.0290 -0.8058
vn 0.5841 -0.0728 -0.8084
vn 0.9902 -0.0346 -0.1352
vn 0.8610 -0.0306 -0.5077
vn 0.5921 -0.0090 -0.8058
vn 0.9920 -0.0107 -0.1258
vn 0.8622 -0.0095 -0.5064
vn 0.5512 -0.1750 -0.8158
vn 0.1355 -0.0515 -0.9894
vn 0.8357 -0.1879 -0.5161
vn 0.9838 -0.0854 -0.1574
vn 0.9572 -0.2088 -0.2004
vn 0.9543 -0.1046 0.2800
vn 0.9525 -0.0404 0.3019
vn 0.9508 -0.0124 0.3095
vn 0.9506 -0.0039 0.3105
vn 0.9923 -0.0038 -0.1241
vn 0.8624 -0.0036 -0.5062
vn 0.5920 -0.0036 -0.8059
vn 0.1921 -0.0031 -0.9814
vn 0.1892 -0.0067 -0.9819
vn 0.1763 -0.0213 -0.9841
vn 0.5536 -0.0345 0.8321
vn 0.6751 -0.1476 0.7228
vn 0.6642 -0.0409 0.7464
vn 0.5773 -0.1140 0.8085
vn 0.7192 -0.3408 0.6055
vn 0.8433 -0.1595 0.5132
vn 0.8490 -0.0426 0.5267
vn 0.8162 -0.3693 0.4444
vn 0.6732 -0.2509 0.6956
vn 0.9312 -0.3403 0.1306
vn 0.9779 -0.1512 0.1443
vn 0.9885 -0.0402 0.1458
vn 0.8497 -0.0046 0.5273
vn 0.8294 -0.4849 -0.2775
vn 0.5822 -0.6734 -0.4556
vn 0.6170 -0.7257 -0.3044
vn 0.5043 -0.4227 -0.7530
vn 0.7537 -0.4203 -0.5052
vn 0.4680 -0.7778 -0.4196
vn 0.5014 -0.8057 -0.3152
vn 0.4030 -0.6425 -0.6518
vn 0.0619 -0.3580 -0.9317
vn 0.0868 -0.5355 -0.8401
vn 0.3445 -0.7390 -0.5789
vn 0.2995 -0.5593 -0.7729
vn 0.4733 -0.6278 -0.6179
vn 0.5770 -0.6528 -0.4908
vn 0.6279 -0.6622 -0.4090
vn -0.8711 -0.1511 0.4673
vn -0.8572 -0.3857 0.3412
vn -0.8133 -0.3884 0.4333
vn -0.8806 -0.0392 0.4722
vn -0.9152 -0.1502 0.3740
vn -0.9169 -0.3700 0.1498
vn -0.9248 -0.0387 0.3785
vn -0.9752 -0.1509 0.1616
vn -0.7968 -0.3886 0.4627
vn -0.8547 -0.1515 0.4966
vn -0.8640 -0.0395 0.5020
vn -0.8647 -0.0043 0.5023
vn -0.8814 -0.0043 0.4723
vn -0.9256 -0.0042 0.3786
vn -0.9856 -0.0393 0.1644
vn -0.9863 -0.0042 0.1648
vn -0.9773 -0.0413 -0.2078
vn -0.9664 -0.1553 -0.2050
vn -0.9180 -0.3487 -0.1890
vn -0.8624 -0.0000 0.5062
vn -0.8602 -0.0000 0.5099
vn -0.8647 -0.0000 0.5023
vn -0.8624 -0.0043 0.5062
vn -0.8602 -0.0043 0.5099
vn -0.8617 -0.0395 0.5058
vn -0.8525 -0.1515 0.5003
vn -0.7946 -0.3887 0.4664
vn -0.8596 -0.0395 0.5095
vn -0.7925 -0.3887 0.4700
vn -0.8503 -0.1515 0.5040
vn -0.8800 0.0548 0.4718
vn -0.9081 0.1945 0.3708
vn -0.9241 0.0541 0.3782
vn -0.8642 0.1956 0.4635
vn -0.8261 0.4577 0.3287
vn -0.9675 0.1960 0.1601
vn -0.9849 0.0550 0.1641
vn -0.8849 0.4428 0.1448
vn -0.8647 0.0065 0.5023
vn -0.8814 0.0065 0.4723
vn -0.8633 0.0552 0.5016
vn -0.8479 0.1961 0.4926
vn -0.7833 0.4608 0.4172
vn -0.7672 0.4614 0.4455
vn -0.5664 0.7707 0.2919
vn -0.6080 0.7651 0.2119
vn -0.6686 0.7402 0.0710
vn -0.7287 0.6718 -0.1327
vn -0.8901 0.4238 -0.1680
vn -0.9620 0.2022 -0.1834
vn -0.9801 0.0555 -0.1906
vn -0.9863 0.0064 0.1648
vn -0.9804 0.0052 -0.1968
vn -0.9256 0.0063 0.3786
vn -0.8424 -0.0392 0.5374
vn -0.7765 -0.1504 0.6118
vn -0.7853 -0.0388 0.6180
vn -0.8335 -0.1511 0.5315
vn -0.7196 -0.3861 0.5772
vn -0.6287 -0.1520 0.7627
vn -0.6365 -0.0395 0.7703
vn -0.5890 -0.3723 0.7173
vn -0.8429 -0.0043 0.5380
vn -0.7756 -0.3884 0.4976
vn -0.6372 -0.0042 0.7707
vn -0.3183 -0.0045 0.9480
vn -0.7857 -0.0042 0.6186
vn -0.8429 -0.0000 0.5380
vn -0.7857 -0.0000 0.6186
vn -0.6373 -0.0000 0.7706
vn -0.3184 -0.0000 0.9480
vn -0.2396 0.9606 0.1406
vn -0.1850 0.9753 0.1211
vn -0.1968 0.9674 0.1594
vn -0.1960 0.9753 0.1024
vn -0.2022 0.9721 0.1186
vn -0.3058 0.9345 0.1821
vn -0.3081 0.9345 0.1782
vn -0.3112 0.9326 0.1826
vn -0.2355 0.9674 0.0937
vn -0.1815 0.9828 0.0328
vn -0.1748 0.9815 0.0781
vn -0.3017 0.9384 0.1685
vn -0.5520 0.7704 0.3190
vn -0.5512 0.7692 0.3233
vn -0.5517 0.7686 0.3238
vn -0.5510 0.7692 0.3237
vn -0.5477 0.7704 0.3263
vn -0.1243 0.9920 -0.0201
vn -0.1880 0.9819 -0.0211
vn -0.1614 0.9860 0.0419
vn -0.1182 0.9913 -0.0572
vn -0.3007 0.9458 -0.1222
vn -0.3452 0.9361 0.0671
vn -0.3071 0.9413 0.1397
vn -0.4320 0.8995 -0.0647
vn -0.2197 0.9694 -0.1094
vn -0.4878 0.8619 -0.1386
vn -0.5378 0.8039 -0.2541
vn -0.6045 0.7538 -0.2578
vn -0.5485 -0.0327 -0.8355
vn -0.6571 -0.1412 -0.7405
vn -0.6469 -0.0390 -0.7616
vn -0.5699 -0.1081 -0.8145
vn -0.6990 -0.3313 -0.6338
vn -0.8160 -0.1562 -0.5565
vn -0.8208 -0.0416 -0.5696
vn -0.7910 -0.3653 -0.4908
vn -0.5457 -0.0039 -0.8379
vn -0.6579 -0.2407 -0.7137
vn -0.8213 -0.0045 -0.5705
vn -0.9782 -0.0044 -0.2077
vn -0.6459 -0.0043 -0.7634
vn -0.5456 -0.0000 -0.8380
vn -0.6459 -0.0000 -0.7634
vn -0.8213 -0.0000 -0.5705
vn -0.5473 -0.0054 -0.8369
vn -0.9782 -0.0000 -0.2076
vn -0.8213 -0.0001 -0.5705
vn -0.6462 -0.0013 -0.7631
vn 0.8780 0.0501 -0.4761
vn 0.9041 0.1791 -0.3881
vn 0.9175 0.0496 -0.3947
vn 0.8647 0.1796 -0.4690
vn 0.8330 0.4288 -0.3497
vn 0.9622 0.1831 -0.2018
vn 0.9771 0.0511 -0.2063
vn 0.8888 0.4190 -0.1855
vn 0.8644 0.0060 -0.5028
vn 0.8791 0.0059 -0.4765
vn 0.8633 0.0504 -0.5022
vn 0.8503 0.1799 -0.4946
vn 0.7944 0.4307 -0.4283
vn 0.7801 0.4310 -0.4535
vn 0.5911 0.7448 -0.3095
vn 0.6292 0.7405 -0.2360
vn 0.6860 0.7196 -0.1071
vn 0.7487 0.6559 0.0965
vn 0.9001 0.4200 0.1154
vn 0.9728 0.1967 0.1226
vn 0.9904 0.0551 0.1267
vn 0.9783 0.0059 -0.2072
vn 0.9912 0.0036 0.1325
vn 0.9186 0.0058 -0.3951
vn 0.8619 -0.0361 -0.5059
vn 0.8541 -0.1388 -0.5013
vn 0.8043 -0.3609 -0.4721
vn 0.8603 -0.0039 -0.5097
vn 0.8598 -0.0361 -0.5094
vn 0.8624 -0.0039 -0.5062
vn 0.8638 -0.0361 -0.5025
vn 0.8560 -0.1387 -0.4980
vn 0.8062 -0.3609 -0.4687
vn 0.8023 -0.3609 -0.4755
vn 0.8521 -0.1387 -0.5047
vn 0.8624 -0.0000 -0.5062
vn 0.8603 -0.0000 -0.5097
vn 0.8644 -0.0000 -0.5028
vn 0.8644 -0.0039 -0.5028
vn 0.8705 -0.1384 -0.4722
vn 0.8604 -0.3593 -0.3613
vn 0.8209 -0.3609 -0.4426
vn 0.8785 -0.0359 -0.4764
vn 0.9100 -0.1380 -0.3909
vn 0.9176 -0.3485 -0.1912
vn 0.9180 -0.0355 -0.3950
vn 0.9689 -0.1407 -0.2035
vn 0.8792 -0.0039 -0.4765
vn 0.9186 -0.0038 -0.3951
vn 0.9777 -0.0365 -0.2067
vn 0.9783 -0.0039 -0.2073
vn 0.8439 -0.0000 -0.5365
vn 0.7893 -0.0000 -0.6141
vn 0.7893 -0.0000 -0.6140
vn 0.6465 -0.0000 -0.7629
vn 0.8439 -0.0039 -0.5364
vn 0.7893 -0.0038 -0.6140
vn 0.3336 -0.0042 -0.9427
vn 0.3337 -0.0000 -0.9427
vn 0.8435 -0.0358 -0.5359
vn 0.7815 -0.1379 -0.6085
vn 0.7889 -0.0354 -0.6135
vn 0.8360 -0.1384 -0.5310
vn 0.7315 -0.3590 -0.5796
vn 0.6389 -0.1399 -0.7565
vn 0.6457 -0.0363 -0.7627
vn 0.6038 -0.3466 -0.7178
vn 0.7859 -0.3609 -0.5021
vn 0.3200 -0.3338 -0.8867
vn 0.3295 -0.1480 -0.9325
vn 0.3328 -0.0393 -0.9422
vn 0.6464 -0.0039 -0.7630
vn -0.4289 -0.1082 -0.8969
vn -0.1931 -0.3278 -0.9248
vn -0.2903 -0.2398 -0.9264
vn -0.4592 -0.0327 -0.8877
vn -0.3125 -0.1406 -0.9395
vn -0.0107 -0.3576 -0.9338
vn -0.3372 -0.0389 -0.9406
vn -0.0570 -0.1533 -0.9865
vn -0.4628 -0.0039 -0.8865
vn -0.3393 -0.0043 -0.9407
vn -0.0661 -0.0409 -0.9970
vn -0.0665 -0.0044 -0.9978
vn 0.1322 -0.6074 -0.7833
vn 0.1277 0.9917 0.0159
vn 0.1953 0.9807 0.0111
vn 0.1713 0.9840 -0.0492
vn 0.1195 0.9915 0.0515
vn 0.3070 0.9460 0.1041
vn 0.3636 0.9276 -0.0853
vn 0.3283 0.9320 -0.1539
vn 0.4472 0.8937 0.0370
vn 0.2220 0.9701 0.0982
vn 0.4939 0.8620 0.1141
vn 0.5472 0.8072 0.2215
vn 0.6265 0.7490 0.2155
vn 0.4005 0.1283 -0.9073
vn 0.0640 -0.0376 -0.9972
vn 0.3056 -0.2219 -0.9259
vn 0.3108 0.5341 -0.7862
vn 0.1363 0.1838 -0.9735
vn 0.0823 0.0443 -0.9956
vn 0.1122 0.4958 -0.8612
vn 0.1012 0.1996 -0.9746
vn 0.2568 -0.7274 -0.6363
vn 0.0792 -0.3425 -0.9362
vn 0.6617 0.0538 -0.7479
vn 0.5694 -0.4106 -0.7122
vn 0.5559 0.5497 -0.6236
vn 0.1358 0.8567 -0.4977
vn 0.0638 0.7980 -0.5992
vn 0.0949 0.4559 -0.8850
vn 0.2759 0.6533 -0.7051
vn 0.3249 0.4066 -0.8539
vn 0.3467 0.1927 -0.9180
vn 0.3508 0.0539 -0.9349
vn 0.3457 0.0034 -0.9383
vn 0.0360 -0.0238 -0.9991
vn -0.0661 -0.1107 -0.9917
vn 0.0114 0.9910 -0.1336
vn 0.0534 0.9430 -0.3285
vn 0.0190 0.9683 -0.2492
vn 0.0475 0.9914 -0.1219
vn 0.0832 0.9801 -0.1802
vn 0.1785 0.8905 -0.4185
vn 0.1258 0.9839 -0.1271
vn 0.2490 0.9271 -0.2802
vn 0.2938 0.9319 -0.2127
vn 0.5578 0.7448 -0.3663
vn 0.5099 0.7400 -0.4387
vn 0.4199 0.7171 -0.5562
vn 0.0988 0.7443 -0.6605
vn -0.4629 -0.0000 -0.8864
vn -0.3393 -0.0000 -0.9407
vn -0.0664 -0.0000 -0.9978
vn -0.4611 -0.0054 -0.8873
vn -0.0664 -0.0001 -0.9978
vn 0.8439 0.0059 -0.5364
vn 0.8603 0.0060 -0.5097
vn 0.3339 -0.0001 -0.9426
vn 0.3354 -0.0004 -0.9421
vn 0.3392 -0.0011 -0.9407
vn 0.6464 0.0059 -0.7630
vn 0.7893 0.0058 -0.6140
vn 0.8624 0.0060 -0.5062
vn 0.8792 -0.0000 -0.4765
vn 0.9186 -0.0000 -0.3951
vn 0.9783 -0.0000 -0.2073
vn -0.6103 -0.1412 -0.7795
vn -0.7432 -0.0918 -0.6628
vn -0.6993 -0.2830 -0.6564
vn -0.5647 -0.0486 -0.8238
vn -0.6811 -0.0489 -0.7306
vn -0.8468 -0.0164 -0.5316
vn -0.6521 -0.0131 -0.7580
vn -0.8300 -0.0080 -0.5578
vn -0.6064 -0.5858 -0.5378
vn -0.8431 -0.3441 -0.4132
vn -0.6739 -0.7320 -0.1003
vn -0.5580 -0.2729 -0.7837
vn -0.5198 -0.0915 -0.8494
vn -0.8226 -0.0018 -0.5687
vn -0.9783 -0.0001 -0.2074
vn -0.9786 -0.0004 -0.2059
vn -0.9794 -0.0011 -0.2021
vn -0.8726 -0.0215 -0.4880
vn -0.8161 -0.1097 -0.5674
vn -0.8429 0.0065 0.5380
vn -0.8602 0.0065 0.5099
vn -0.3186 -0.0001 0.9479
vn -0.3200 -0.0004 0.9474
vn -0.3236 -0.0011 0.9462
vn -0.6372 0.0064 0.7707
vn -0.7857 0.0063 0.6186
vn -0.8814 -0.0000 0.4723
vn -0.9256 -0.0000 0.3785
vn -0.9863 -0.0000 0.1648
vn -0.8624 0.0065 0.5062
vn -0.4520 -0.7460 -0.4890
vn -0.4575 -0.4276 -0.7797
vn -0.5099 -0.3845 -0.7695
vn -0.2041 -0.7460 -0.6339
vn -0.3072 -0.7945 -0.5238
vn -0.5081 -0.1192 -0.8530
vn -0.4970 -0.1192 -0.8595
vn -0.5019 -0.1296 -0.8552
vn -0.3382 -0.9304 -0.1413
vn 0.0451 -0.9300 -0.3647
vn -0.1394 -0.9612 -0.2380
vn -0.1646 -0.5845 -0.7945
vn -0.4225 -0.3842 -0.8209
vn -0.4876 -0.0916 -0.8682
vn 0.4634 -0.0000 0.8861
vn 0.3431 -0.0000 0.9393
vn 0.0782 -0.0000 0.9969
vn 0.4616 -0.0055 0.8871
vn 0.0782 -0.0001 0.9969
vn 0.4508 -0.7527 0.4798
vn 0.4558 -0.4351 0.7765
vn 0.5100 -0.3914 0.7660
vn 0.2016 -0.7528 0.6267
vn 0.3034 -0.8008 0.5164
vn 0.5081 -0.1220 0.8526
vn 0.4968 -0.1220 0.8593
vn 0.5017 -0.1326 0.8548
vn 0.6786 -0.7303 0.0780
vn 0.6131 -0.5920 0.5232
vn 0.3374 -0.9320 0.1328
vn -0.0450 -0.9323 0.3588
vn 0.1368 -0.9629 0.2325
vn 0.1673 -0.5933 0.7874
vn 0.4210 -0.3916 0.8182
vn 0.4876 -0.0937 0.8680
vn 0.5207 -0.0938 0.8486
vn 0.5615 -0.2778 0.7795
vn 0.6198 -0.1437 0.7715
vn 0.7664 -0.0940 0.6355
vn 0.7147 -0.2883 0.6373
vn 0.5707 -0.0497 0.8197
vn 0.7008 -0.0500 0.7116
vn 0.8751 -0.0169 0.4836
vn 0.6698 -0.0134 0.7425
vn 0.8584 -0.0082 0.5129
vn 0.8589 -0.3472 0.3764
vn 0.8510 -0.0018 0.5252
vn 0.9895 -0.0001 0.1447
vn 0.9897 -0.0004 0.1432
vn 0.9903 -0.0011 0.1392
vn 0.8993 -0.0239 0.4367
vn 0.8411 -0.1125 0.5291
vn 0.8345 0.5417 0.1006
vn 0.9209 0.1902 0.3404
vn 0.8053 0.5079 0.3059
vn 0.9880 0.1317 0.0805
vn 0.9085 -0.0368 0.4163
vn 0.9071 0.2063 0.3668
vn 0.8209 0.4702 0.3239
vn 0.9180 0.0461 0.3939
vn 0.8130 0.5514 -0.1871
vn 0.9739 0.0547 -0.2203
vn 0.9595 -0.2226 0.1729
vn 0.8981 -0.4108 -0.1572
vn 0.0116 0.9997 0.0196
vn 0.2237 0.9722 -0.0695
vn 0.1873 0.9798 -0.0705
vn -0.1692 0.9723 0.1615
vn 0.0232 0.9990 0.0395
vn 0.2637 0.9640 -0.0347
vn -0.1587 0.9640 0.2134
vn 0.0540 0.9943 0.0920
vn 0.4722 0.8621 -0.1841
vn -0.1515 0.9800 0.1290
vn -0.3853 0.8645 0.3228
vn -0.4199 0.8421 0.3384
vn -0.4106 0.8320 0.3731
vn -0.3655 0.8189 0.4425
vn -0.1422 0.9191 0.3673
vn 0.1342 0.9642 0.2286
vn 0.3901 0.9191 0.0549
vn 0.5647 0.8188 -0.1036
vn 0.5260 0.8318 -0.1773
vn 0.5007 0.8413 -0.2036
vn 0.7784 0.0146 -0.6276
vn 0.6847 0.5036 -0.5268
vn 0.6665 0.5105 -0.5433
vn 0.6856 -0.4898 -0.5385
vn 0.7956 0.0045 -0.6059
vn 0.6514 0.5085 -0.5631
vn 0.6504 -0.5062 -0.5663
vn 0.7528 0.0009 -0.6582
vn 0.3898 0.8619 -0.3243
vn 0.6762 -0.4635 -0.5727
vn 0.4090 -0.8125 -0.4155
vn 0.4240 -0.8255 -0.3726
vn 0.4081 -0.8274 -0.3858
vn 0.3622 -0.8170 -0.4487
vn 0.4991 -0.5650 -0.6570
vn 0.5807 -0.0000 -0.8141
vn 0.4994 0.5650 -0.6568
vn 0.3626 0.8181 -0.4465
vn 0.4097 0.8315 -0.3751
vn 0.4209 0.8412 -0.3396
vn -0.7651 0.4615 0.4491
vn -0.8457 0.1961 0.4964
vn -0.8457 0.1962 0.4964
vn -0.8611 0.0552 0.5054
vn -0.7631 0.4614 0.4525
vn -0.8589 0.0552 0.5091
vn -0.8436 0.1961 0.5000
vn -0.8268 0.1956 0.5273
vn -0.6933 0.4581 0.5563
vn -0.7469 0.4608 0.4793
vn -0.8418 0.0549 0.5370
vn -0.7703 0.1948 0.6072
vn -0.5684 0.4453 0.6918
vn -0.7847 0.0542 0.6175
vn -0.6234 0.1973 0.7566
vn -0.6359 0.0553 0.7698
vn -0.8268 0.5446 -0.1408
vn -0.9001 0.1885 -0.3927
vn -0.7888 0.5038 -0.3519
vn -0.9825 0.1335 -0.1301
vn -0.8848 -0.0358 -0.4645
vn -0.8825 0.2051 -0.4233
vn -0.7992 0.4655 -0.3802
vn -0.8925 0.0446 -0.4488
vn -0.8120 0.5606 0.1621
vn -0.9801 0.0568 0.1903
vn -0.9499 -0.2231 -0.2190
vn -0.8996 -0.4174 0.1287
vn 0.7782 0.4310 -0.4567
vn 0.8483 0.1800 -0.4979
vn 0.8613 0.0504 -0.5055
vn 0.7762 0.4310 -0.4601
vn 0.7782 0.4310 -0.4568
vn 0.8593 0.0504 -0.5090
vn 0.8463 0.1799 -0.5013
vn 0.8304 0.1795 -0.5275
vn 0.7081 0.4285 -0.5612
vn 0.7605 0.4306 -0.4859
vn 0.8430 0.0501 -0.5356
vn 0.7761 0.1789 -0.6046
vn 0.5854 0.4168 -0.6954
vn 0.7884 0.0496 -0.6132
vn 0.6342 0.1820 -0.7514
vn 0.6452 0.0508 -0.7623
vn -0.4404 -0.0486 -0.8965
vn -0.2900 -0.0489 -0.9558
vn -0.3311 -0.0131 -0.9435
vn -0.3761 -0.1405 -0.9159
vn -0.1935 -0.0921 -0.9768
vn -0.0498 -0.0080 -0.9987
vn -0.0640 -0.0018 -0.9979
vn -0.0164 -0.0166 -0.9997
vn -0.4095 -0.2721 -0.8708
vn -0.2161 -0.2826 -0.9346
vn -0.3389 -0.0013 -0.9408
vn 0.4411 -0.0497 0.8961
vn 0.2962 -0.0500 0.9538
vn 0.3352 -0.0135 0.9421
vn 0.3787 -0.1444 0.9142
vn 0.2048 -0.0937 0.9743
vn 0.0627 -0.0081 0.9980
vn 0.0760 -0.0018 0.9971
vn 0.0312 -0.0166 0.9994
vn 0.4096 -0.2786 0.8687
vn 0.2245 -0.2887 0.9307
vn 0.3427 -0.0013 0.9395
vn -0.3258 0.7654 -0.5550
vn -0.9362 -0.0000 -0.3515
vn -0.6905 0.6986 -0.1876
vn 0.1496 -0.0000 -0.9888
vn -0.3258 -0.7654 -0.5550
vn -0.6905 -0.6986 -0.1876
vn -0.3920 0.9180 -0.0600
vn -0.8169 0.5651 0.1156
vn -0.5665 0.8181 0.0987
vn -0.1369 0.9627 -0.2332
vn 0.1729 0.6986 -0.6943
vn 0.1387 0.9180 -0.3714
vn 0.1729 -0.6986 -0.6943
vn 0.1385 -0.9172 -0.3735
vn -0.1378 -0.9622 -0.2348
vn -0.3936 -0.9172 -0.0611
vn -0.8169 -0.5651 0.1153
vn -0.5683 -0.8170 0.0973
vn -0.9939 -0.0000 0.1099
vn -0.0621 -0.9924 -0.1060
vn 0.1610 -0.9660 -0.2024
vn 0.1364 -0.9633 -0.2314
vn -0.2550 -0.9661 0.0413
vn -0.0442 -0.9962 -0.0755
vn 0.1541 -0.9612 -0.2287
vn -0.2748 -0.9612 0.0228
vn -0.0619 -0.9925 -0.1055
vn -0.2677 -0.9635 0.0049
vn -0.5601 -0.8150 0.1487
vn -0.5315 -0.8263 0.1863
vn -0.5358 -0.8276 0.1675
vn -0.0117 0.9997 -0.0202
vn -0.2242 0.9722 0.0678
vn -0.1870 0.9800 0.0686
vn 0.1691 0.9721 -0.1626
vn -0.0237 0.9989 -0.0405
vn -0.2648 0.9638 0.0323
vn 0.1574 0.9638 -0.2154
vn -0.0553 0.9940 -0.0942
vn -0.4706 0.8644 0.1771
vn 0.1524 0.9797 -0.1300
vn -0.5272 0.8317 0.1741
vn -0.5011 0.8420 0.1998
vn -0.9312 0.0153 0.3643
vn -0.8051 -0.4911 0.3325
vn -0.8310 -0.4670 0.3021
vn -0.7944 0.5050 0.3375
vn -0.9185 0.0046 0.3955
vn -0.8117 -0.5066 0.2906
vn -0.8094 0.5089 0.2930
vn -0.9421 0.0009 0.3352
vn -0.7998 0.5151 0.3083
vn 0.3225 0.7707 0.5495
vn 0.9389 -0.0000 0.3441
vn 0.6892 0.7022 0.1785
vn -0.1573 -0.0000 0.9875
vn 0.3225 -0.7707 0.5495
vn 0.6892 -0.7022 0.1785
vn 0.8148 0.5667 -0.1223
vn -0.1802 0.7022 0.6888
vn -0.5038 0.5668 0.6518
vn -0.5866 -0.0000 0.8099
vn -0.1802 -0.7022 0.6888
vn -0.5036 -0.5668 0.6520
vn -0.1421 -0.9184 0.3693
vn 0.1351 -0.9637 0.2301
vn 0.3917 -0.9184 0.0560
vn 0.8148 -0.5667 -0.1220
vn 0.5664 -0.8177 -0.1022
vn 0.9931 -0.0000 -0.1174
vn 0.9261 0.0149 -0.3769
vn 0.8033 -0.4900 -0.3386
vn 0.8284 -0.4636 -0.3145
vn 0.7927 0.5039 -0.3432
vn 0.9157 0.0046 -0.4018
vn 0.8100 -0.5067 -0.2952
vn 0.8077 0.5089 -0.2976
vn 0.9404 0.0009 -0.3402
vn 0.5606 -0.8129 -0.1578
vn 0.7978 0.5110 -0.3199
vn 0.5344 -0.8277 -0.1709
vn 0.5308 -0.8257 -0.1907
vn -0.7745 0.0156 0.6324
vn -0.6834 0.5053 0.5269
vn -0.6610 0.5156 0.5452
vn -0.6846 -0.4912 0.5386
vn -0.7949 0.0047 0.6068
vn -0.6527 0.5093 0.5609
vn -0.6517 -0.5070 0.5641
vn -0.7547 0.0009 0.6561
vn -0.6714 -0.4671 0.5754
vn -0.4050 -0.8154 0.4136
vn -0.4232 -0.8265 0.3711
vn -0.4091 -0.8279 0.3836
vn -0.3652 -0.8178 0.4448
vn 0.0609 -0.9928 0.1034
vn -0.1615 -0.9663 0.2007
vn -0.1364 -0.9639 0.2287
vn 0.2542 -0.9662 -0.0438
vn 0.0433 -0.9963 0.0737
vn -0.1555 -0.9615 0.2265
vn 0.2736 -0.9615 -0.0255
vn 0.0605 -0.9928 0.1031
vn 0.2671 -0.9636 -0.0089
vn 0.5940 -0.0106 0.8044
vn 0.7797 -0.1247 0.6136
vn 0.7787 -0.0230 0.6270
vn 0.4560 0.0317 0.8894
vn 0.6169 -0.1164 0.7784
vn 0.7256 -0.3905 0.5666
vn 0.5226 -0.0972 0.8470
vn 0.5814 -0.4096 0.7030
vn 0.7712 -0.0012 0.6366
vn 0.9578 -0.0268 0.2861
vn 0.9577 -0.0032 0.2879
vn 0.5583 0.0067 0.8296
vn 0.3375 0.0310 0.9408
vn -0.0415 0.1347 0.9900
vn 0.3524 0.1160 0.9286
vn 0.4840 -0.0678 0.8725
vn 0.4973 -0.4121 0.7634
vn 0.4630 -0.4141 0.7837
vn 0.3524 -0.7767 0.5220
vn 0.4316 -0.7683 0.4726
vn 0.5517 -0.7424 0.3801
vn 0.7128 -0.6682 0.2133
vn 0.8930 -0.3635 0.2653
vn 0.9505 -0.1296 0.2824
vn -0.5713 -0.0392 -0.8198
vn -0.7415 0.3237 -0.5877
vn -0.6865 0.2311 -0.6894
vn -0.4998 -0.4215 -0.7566
vn -0.6871 -0.0182 -0.7263
vn -0.8439 0.3533 -0.4038
vn -0.6183 -0.4247 -0.6614
vn -0.8738 -0.0064 -0.4862
vn -0.6390 0.1160 -0.7604
vn -0.8689 0.3580 -0.3417
vn -0.8847 0.1343 -0.4464
vn -0.5258 -0.0678 -0.8479
vn -0.4585 -0.4141 -0.7863
vn -0.3160 -0.7802 -0.5399
vn -0.3558 -0.7822 -0.5114
vn -0.4666 -0.7719 -0.4318
vn -0.8069 -0.3902 -0.4434
vn -0.8023 -0.5944 -0.0547
vn -0.9448 -0.3177 -0.0800
vn -0.9960 -0.0017 -0.0890
vn -0.9464 0.3150 -0.0720
vn -0.8234 0.5663 -0.0353
vn -0.7624 0.6198 -0.1860
vn -0.7990 0.5429 -0.2587
vn 0.8634 -0.0764 -0.4987
vn 0.6140 -0.0346 -0.7885
vn 0.6286 -0.0855 -0.7730
vn 0.9896 -0.0292 -0.1409
vn 0.8629 -0.0306 -0.5044
vn 0.6075 -0.0107 -0.7943
vn 0.9899 -0.0091 -0.1415
vn 0.8625 -0.0095 -0.5059
vn 0.2400 -0.1051 -0.9651
vn 0.9884 -0.0734 -0.1331
vn 0.9379 -0.0529 0.3428
vn 0.9526 -0.0218 0.3034
vn 0.9568 -0.0069 0.2907
vn 0.9899 -0.0036 -0.1414
vn 0.6062 -0.0038 -0.7953
vn 0.2159 -0.0040 -0.9764
vn 0.2167 -0.0125 -0.9762
vn 0.2230 -0.0406 -0.9740
vn -0.5046 -0.0091 -0.8633
vn -0.7295 -0.0011 -0.6839
vn -0.7127 -0.0158 -0.7013
vn -0.2224 -0.0092 -0.9749
vn -0.4980 -0.0028 -0.8672
vn -0.4820 0.0027 -0.8762
vn -0.7117 0.0133 -0.7024
vn -0.2049 -0.0024 -0.9788
vn -0.2604 -0.0190 -0.9653
vn -0.1956 -0.0012 -0.9807
vn -0.4550 0.0063 -0.8905
vn -0.6499 0.0294 -0.7594
vn -0.8759 0.1306 -0.4645
vn -0.5014 -0.1006 -0.8593
vn -0.7490 -0.0332 -0.6618
vn -0.7554 -0.1009 -0.6475
vn -0.1912 -0.0412 -0.9807
vn -0.4964 -0.0384 -0.8673
vn -0.4801 -0.0076 -0.8772
vn -0.7220 0.0059 -0.6919
vn -0.1870 -0.0123 -0.9823
vn -0.9583 -0.1012 -0.2671
vn -0.1913 -0.1049 -0.9759
vn -0.1796 -0.0026 -0.9837
vn -0.4520 0.0051 -0.8920
vn -0.6567 0.0298 -0.7535
vn -0.9415 0.0372 -0.3349
vn -0.9556 -0.0208 -0.2939
vn 0.5057 -0.1001 0.8569
vn 0.7535 -0.0409 0.6562
vn 0.7506 -0.1042 0.6525
vn 0.2261 -0.0333 0.9735
vn 0.5148 -0.0383 0.8565
vn 0.7564 -0.0122 0.6540
vn 0.5306 -0.0077 0.8476
vn 0.2092 -0.1004 0.9727
vn 0.2647 0.0052 0.9643
vn 0.3464 0.0283 0.9376
vn 0.5558 0.0048 0.8313
vn 0.7610 -0.0026 0.6488
vn -0.8566 -0.0735 0.5107
vn -0.6065 -0.0049 0.7950
vn -0.5962 -0.0703 0.7997
vn -0.9882 -0.0093 0.1527
vn -0.8616 -0.0062 0.5075
vn -0.8610 0.0551 0.5056
vn -0.6030 0.0561 0.7958
vn -0.1523 -0.0492 0.9871
vn -0.9821 -0.0824 0.1694
vn -0.9886 0.0539 0.1407
vn -0.9803 0.1565 0.1201
vn -0.8513 0.1603 0.4997
vn -0.5824 0.1568 0.7976
vn -0.1640 0.0420 0.9856
vn -0.1873 -0.0026 0.9823
vn 0.5078 -0.0096 0.8614
vn 0.7527 -0.0096 0.6583
vn 0.7251 -0.0199 0.6884
vn 0.2278 -0.0011 0.9737
vn 0.5148 -0.0030 0.8573
vn 0.7648 -0.0025 0.6442
vn 0.5313 0.0029 0.8472
vn 0.2521 -0.0166 0.9675
vn 0.2538 0.0140 0.9672
vn -0.0396 -0.9518 -0.3042
vn 0.0281 -0.9995 -0.0165
vn -0.1130 -0.9588 -0.2605
vn 0.1047 -0.9189 -0.3803
vn 0.0996 -0.9933 -0.0585
vn 0.2463 -0.9518 0.1829
vn 0.1723 -0.9588 0.2257
vn 0.3831 -0.9189 0.0940
vn -0.2840 -0.7767 -0.5622
vn -0.1428 -0.9596 -0.2424
vn -0.2022 -0.7683 -0.6073
vn -0.0628 -0.7424 -0.6670
vn 0.1613 -0.6682 -0.7263
vn 0.3658 -0.7621 -0.5341
vn 0.2511 -0.9567 -0.1474
vn 0.6447 -0.7621 -0.0590
vn 0.1420 -0.9596 0.2429
vn 0.3173 -0.7802 0.5391
vn -0.0004 -1.0000 0.0002
vn 0.3887 -0.9152 0.1062
vn 0.0997 -0.9933 -0.0585
vn 0.2512 -0.9566 -0.1474
vn 0.2525 -0.9478 0.1947
vn 0.0968 -0.9152 -0.3911
vn -0.0469 -0.9478 -0.3154
vn 0.7154 -0.6581 0.2346
vn 0.6495 -0.7590 -0.0461
vn 0.5559 -0.7293 0.3989
vn 0.4381 -0.7540 0.4895
vn 0.1790 -0.9548 0.2373
vn 0.3607 -0.7620 0.5379
vn 0.1489 -0.9555 0.2545
vn -0.1200 -0.9548 -0.2720
vn -0.1496 -0.9555 -0.2541
vn -0.2938 -0.7620 -0.5771
vn -0.2138 -0.7540 -0.6211
vn -0.0773 -0.7293 -0.6798
vn 0.1440 -0.6581 -0.7390
vn 0.3569 -0.7590 -0.5446
vn 0.5283 -0.7904 -0.3101
vn 0.5897 -0.0101 0.8076
vn 0.7698 -0.1192 0.6271
vn 0.7682 -0.0220 0.6398
vn 0.4587 0.0301 0.8881
vn 0.6118 -0.1107 0.7832
vn 0.7202 -0.3767 0.5826
vn 0.5219 -0.0922 0.8480
vn 0.5801 -0.3939 0.7130
vn 0.9507 -0.0260 0.3090
vn 0.3603 0.1105 0.9263
vn 0.4852 -0.0643 0.8720
vn 0.4994 -0.3959 0.7706
vn 0.4666 -0.3978 0.7900
vn 0.8895 -0.3550 0.2875
vn 0.9440 -0.1260 0.3049
vn 0.8621 -0.0270 -0.5060
vn 0.5860 -0.1331 -0.7993
vn 0.5918 -0.0270 -0.8057
vn 0.9836 -0.1331 -0.1220
vn 0.8544 -0.1358 -0.5015
vn 0.5418 -0.4072 -0.7353
vn 0.9061 -0.4072 -0.1146
vn 0.7772 -0.4334 -0.4562
vn 0.1938 -0.0260 -0.9807
vn 0.9919 -0.0270 -0.1239
vn 0.1827 -0.3551 -0.9168
vn 0.1940 -0.1260 -0.9729
vn -0.5518 0.0301 -0.8334
vn -0.3856 -0.1107 -0.9160
vn -0.4860 -0.0923 -0.8691
vn -0.4176 -0.0101 -0.9086
vn -0.1722 -0.1192 -0.9778
vn -0.3397 -0.3939 -0.8541
vn -0.4294 -0.3959 -0.8117
vn -0.1576 -0.3767 -0.9128
vn -0.6331 0.1105 -0.7661
vn -0.1841 -0.0220 -0.9827
vn -0.4623 -0.3978 -0.7925
vn -0.3252 -0.7653 -0.5555
vn -0.5248 -0.0643 -0.8488
vn 0.5997 -0.1341 -0.7889
vn 0.6057 -0.0273 -0.7952
vn 0.9812 -0.1342 -0.1390
vn 0.8544 -0.1359 -0.5015
vn 0.5540 -0.4099 -0.7246
vn 0.9028 -0.4099 -0.1304
vn 0.7771 -0.4336 -0.4561
vn 0.2171 -0.0268 -0.9758
vn 0.9896 -0.0273 -0.1412
vn 0.5280 -0.7907 -0.3099
vn 0.2037 -0.3635 -0.9091
vn 0.2169 -0.1296 -0.9676
vn -0.5542 0.0317 -0.8318
vn -0.3788 -0.1164 -0.9181
vn -0.4848 -0.0972 -0.8692
vn -0.4127 -0.0106 -0.9108
vn -0.1556 -0.1247 -0.9799
vn -0.3303 -0.4096 -0.8504
vn -0.4241 -0.4121 -0.8064
vn -0.1410 -0.3905 -0.9097
vn -0.1678 -0.0230 -0.9856
vn -0.5603 0.3922 0.7296
vn -0.6745 0.6231 0.3959
vn -0.4794 0.6174 0.6237
vn -0.9101 0.3922 0.1335
vn -0.8012 0.3699 0.4703
vn -0.5681 0.7523 0.3335
vn -0.4153 0.7309 0.5416
vn -0.7782 0.6174 0.1144
vn -0.1253 0.3580 0.9253
vn -0.6753 0.7309 0.0986
vn -0.7603 0.6219 0.1874
vn -0.6637 0.6385 0.3896
vn -0.5343 0.6219 0.5725
vn -0.3707 0.5663 0.7361
vn -0.2093 0.6198 0.7563
vn -0.1637 0.5429 0.8237
vn -0.6692 0.3154 0.6728
vn -0.7039 -0.0000 0.7103
vn -0.9137 0.3154 0.2563
vn -0.8163 0.3227 0.4791
vn -0.6692 -0.3154 0.6728
vn -0.9137 -0.3154 0.2563
vn -0.8163 -0.3226 0.4791
vn -0.3985 0.3150 0.8614
vn -0.9633 -0.0000 0.2683
vn -0.7375 -0.6526 0.1736
vn -0.6399 -0.6704 0.3756
vn -0.5112 -0.6526 0.5593
vn -0.3434 -0.5944 0.7272
vn -0.3907 -0.3177 0.8639
vn -0.4079 -0.0017 0.9130
vn -0.6607 0.3142 0.6818
vn -0.6950 -0.0000 0.7191
vn -0.9174 0.3141 0.2444
vn -0.6607 -0.3142 0.6818
vn -0.9174 -0.3141 0.2444
vn -0.8163 -0.3227 0.4791
vn -0.3542 0.5598 0.7491
vn -0.3786 0.3088 0.8725
vn -0.5266 0.6202 0.5814
vn -0.7643 0.6202 0.1764
vn -0.6636 0.6386 0.3895
vn -0.8267 0.5598 -0.0559
vn -0.9464 0.3088 -0.0949
vn -0.9666 -0.0000 0.2562
vn -0.9446 -0.3121 -0.1018
vn -0.8057 -0.5875 -0.0753
vn -0.7416 -0.6508 0.1626
vn -0.6399 -0.6705 0.3756
vn -0.5036 -0.6508 0.5682
vn -0.3271 -0.5875 0.7402
vn -0.3717 -0.3121 0.8743
vn -0.3872 -0.0008 0.9220
vn -0.0359 -0.9991 0.0211
vn -0.2928 -0.9412 -0.1686
vn -0.1871 -0.9544 -0.2326
vn 0.0045 -0.9412 0.3378
vn -0.1399 -0.9868 0.0821
vn -0.4873 -0.8728 -0.0287
vn -0.2125 -0.8727 0.4395
vn -0.3581 -0.9097 0.2102
vn -0.3641 -0.7676 -0.5275
vn 0.1118 -0.9544 0.2768
vn 0.2830 -0.7676 0.5751
vn 0.1620 -0.7582 0.6316
vn -0.0496 -0.7092 0.7033
vn -0.6382 -0.7092 -0.2996
vn -0.4724 -0.7582 -0.4493
vn -0.2868 -0.9451 -0.1568
vn -0.1805 -0.9584 -0.2209
vn -0.0029 -0.9451 0.3268
vn -0.4824 -0.8758 -0.0168
vn -0.2206 -0.8758 0.4293
vn -0.3582 -0.9097 0.2103
vn 0.1049 -0.9584 0.2653
vn 0.2730 -0.7822 0.5600
vn 0.1495 -0.7720 0.6179
vn -0.0654 -0.7203 0.6906
vn -0.6348 -0.7203 -0.2796
vn 0.4225 -0.4052 0.8107
vn 0.3095 -0.0172 0.9507
vn 0.2874 -0.4093 0.8660
vn 0.4409 -0.0372 0.8968
vn 0.1672 0.3122 0.9352
vn 0.0180 -0.0054 0.9998
vn 0.0135 -0.3781 0.9257
vn -0.0383 0.3423 0.9388
vn 0.3264 -0.7653 0.5547
vn 0.2786 0.2212 0.9346
vn -0.1053 0.3492 0.9311
vn -0.1449 0.5330 0.8336
vn -0.1913 0.6109 0.7682
vn 0.4169 -0.4215 0.8053
vn 0.2991 -0.0182 0.9540
vn 0.2760 -0.4247 0.8622
vn 0.4372 -0.0392 0.8985
vn 0.1516 0.3237 0.9339
vn -0.0015 -0.0064 1.0000
vn -0.0063 -0.3902 0.9207
vn -0.0588 0.3533 0.9337
vn 0.2672 0.2311 0.9355
vn -0.5680 -0.0372 -0.8222
vn -0.7350 0.3122 -0.6019
vn -0.6802 0.2212 -0.6989
vn -0.5019 -0.4052 -0.7642
vn -0.6792 -0.0172 -0.7338
vn -0.8384 0.3423 -0.4242
vn -0.6160 -0.4093 -0.6731
vn -0.8642 -0.0054 -0.5032
vn -0.8643 0.3492 -0.3620
vn -0.8016 -0.3781 -0.4631
vn -0.9938 -0.0008 -0.1115
vn -0.7640 0.6109 -0.2075
vn -0.7985 0.5330 -0.2800
vn -0.5482 0.3902 0.7397
vn -0.6746 0.6230 0.3959
vn -0.4694 0.6151 0.6336
vn -0.9131 0.3902 0.1180
vn -0.8014 0.3694 0.4704
vn -0.5680 0.7524 0.3334
vn -0.4066 0.7285 0.5513
vn -0.7820 0.6151 0.1009
vn -0.6796 0.7285 0.0862
vn 0.6076 0.7097 -0.3566
vn -0.9612 -0.2191 0.1675
vn -0.8541 0.1389 0.5012
vn -0.8402 -0.2256 0.4931
vn -0.9701 0.1668 0.1765
vn -0.7344 0.5244 0.4309
vn -0.6151 -0.2185 0.7576
vn -0.6274 0.1686 0.7603
vn -0.9470 -0.2092 -0.2439
vn -0.8055 -0.5764 0.1379
vn -0.7863 -0.5831 -0.2045
vn -0.9479 0.2109 -0.2389
vn -0.8138 0.5600 0.1555
vn -0.7463 0.6408 -0.1799
vn -0.4795 0.8696 0.1179
vn -0.4673 0.8405 0.2742
vn -0.5325 0.5620 0.6330
vn -0.3368 0.8701 0.3598
vn -0.2090 0.6479 0.7325
vn -0.2551 0.2174 0.9422
vn -0.2493 -0.2071 0.9460
vn -0.5131 -0.5763 0.6360
vn -0.2048 -0.5828 0.7863
vn -0.7076 -0.5717 0.4153
vn 0.8618 -0.0366 -0.5058
vn -0.6128 -0.2076 0.7625
vn -0.6367 -0.5754 -0.5133
vn -0.7256 -0.6616 -0.1889
vn 0.2048 -0.5828 -0.7864
vn -0.1378 -0.5753 -0.8062
vn 0.5133 -0.5759 -0.6364
vn 0.7866 -0.5825 0.2046
vn 0.8059 -0.5758 -0.1379
vn 0.7079 -0.5711 -0.4155
vn 0.6370 -0.5749 0.5136
vn 0.1378 -0.5750 0.8065
vn 0.4605 -0.0000 0.8876
vn 0.3301 -0.0000 0.9440
vn 0.0461 -0.0000 0.9989
vn 0.4587 -0.0055 0.8886
vn 0.5011 -0.0000 0.8654
vn 0.5004 -0.0106 0.8657
vn 0.3297 -0.0013 0.9441
vn -0.3558 -0.0000 0.9345
vn 0.0460 -0.0001 0.9989
vn -0.3557 -0.0043 0.9346
vn 0.0461 -0.0046 0.9989
vn 0.3301 -0.0046 0.9440
vn 0.4604 -0.0041 0.8877
vn 0.5009 -0.0032 0.8655
vn 0.9626 -0.2128 -0.1675
vn 0.8514 0.1592 -0.4998
vn 0.8414 -0.2191 -0.4939
vn 0.9669 0.1857 -0.1751
vn 0.7178 0.5542 -0.4214
vn 0.6154 -0.2134 -0.7588
vn 0.6240 0.1840 -0.7594
vn 0.9480 -0.2038 0.2444
vn 0.9442 0.2266 0.2389
vn 0.7962 0.5861 -0.1500
vn 0.7309 0.6587 0.1784
vn 0.4564 0.8830 -0.1097
vn 0.4425 0.8583 -0.2598
vn 0.5193 0.5842 -0.6238
vn 0.3182 0.8825 -0.3463
vn 0.1984 0.6518 -0.7320
vn 0.2494 0.2209 -0.9429
vn 0.2474 -0.2066 -0.9466
vn 0.1668 -0.2037 0.9647
vn 0.4961 0.1974 0.8455
vn 0.4952 -0.2064 0.8439
vn 0.1692 0.2110 0.9627
vn 0.4011 0.6096 0.6837
vn 0.7609 -0.2027 0.6164
vn 0.7570 0.2134 0.6175
vn 0.1315 0.6227 0.7714
vn 0.0859 0.9034 0.4201
vn 0.3229 0.9040 0.2801
vn 0.6069 0.6252 0.4907
vn -0.1666 -0.2073 -0.9640
vn -0.4977 0.1836 -0.8477
vn -0.4949 -0.2110 -0.8430
vn -0.1707 0.2023 -0.9643
vn -0.4080 0.5921 -0.6949
vn -0.7601 -0.2075 -0.6158
vn -0.7592 0.1992 -0.6196
vn -0.1362 0.6107 -0.7801
vn -0.0920 0.8975 -0.4314
vn -0.3338 0.8968 -0.2904
vn -0.6171 0.6080 -0.4995
vn -0.2120 0.9709 0.1114
vn -0.2587 0.9540 0.1518
vn -0.2523 0.9622 0.1025
vn -0.3319 0.9235 0.1921
vn -0.2194 0.9671 0.1288
vn -0.2007 0.9709 0.1306
vn -0.2127 0.9622 0.1698
vn -0.3296 0.9235 0.1961
vn -0.1917 0.9807 0.0374
vn -0.3475 0.9343 -0.0794
vn -0.1881 0.9784 0.0854
vn -0.3246 0.9282 0.1818
vn -0.5783 0.7441 0.3346
vn -0.5777 0.7426 0.3388
vn -0.3354 0.9213 0.1969
vn -0.5775 0.7426 0.3392
vn -0.5741 0.7441 0.3417
vn -0.3170 0.9282 0.1946
vn -0.1664 0.9785 0.1221
vn -0.1265 0.9809 0.1476
vn -0.1011 0.9363 0.3364
vn 0.6338 -0.5117 -0.5801
vn 0.6566 -0.7034 -0.2721
vn 0.7970 -0.4487 -0.4043
vn 0.5414 -0.7529 -0.3743
vn 0.5646 -0.8036 -0.1883
vn 0.8914 -0.4478 -0.0694
vn 0.7413 -0.6707 -0.0254
vn 0.2586 -0.3473 -0.9014
vn 0.6420 -0.2216 -0.7340
vn 0.4289 -0.6590 -0.6179
vn 0.4111 -0.8368 -0.3615
vn 0.4903 -0.8297 -0.2668
vn 0.4312 -0.8600 -0.2730
vn 0.6393 -0.6924 -0.3344
vn 0.6863 -0.6829 -0.2502
vn 0.7471 -0.6573 -0.0988
vn 0.6441 -0.7649 -0.0080
vn 0.7991 -0.5878 0.1262
vn 0.7253 -0.6328 0.2712
vn 0.7575 -0.5600 0.3355
vn 0.8350 -0.3780 0.3999
vn 0.8670 -0.1484 0.4756
vn 0.9782 -0.1872 -0.0896
vn 0.8556 -0.2017 -0.4767
vn -0.5171 -0.4253 0.7428
vn -0.5849 -0.6736 0.4518
vn -0.7551 -0.4206 0.5029
vn -0.4143 -0.6458 0.6413
vn -0.4714 -0.7782 0.4150
vn -0.8276 -0.4848 0.2828
vn -0.6167 -0.7254 0.3056
vn -0.0213 -0.1439 0.9894
vn -0.5657 -0.1765 0.8055
vn -0.0815 -0.3676 0.9264
vn -0.1054 -0.5466 0.8307
vn -0.3546 -0.7424 0.5683
vn -0.3170 -0.5670 0.7603
vn -0.1505 -0.6176 0.7720
vn -0.4825 -0.6304 0.6081
vn -0.5804 -0.6533 0.4861
vn -0.5021 -0.8056 0.3144
vn -0.6287 -0.6622 0.4078
vn -0.4774 -0.8394 0.2600
vn -0.5419 -0.8166 0.1989
vn -0.7652 -0.6376 0.0897
vn -0.9192 -0.3383 -0.2014
vn -0.9548 -0.2092 0.2112
vn -0.8363 -0.1883 0.5149
vn 0.3695 -0.9198 -0.1317
vn 0.2443 -0.9591 -0.1430
vn 0.4734 -0.8808 -0.0046
vn 0.4019 -0.8887 -0.2209
vn 0.2679 -0.9505 -0.1571
vn 0.2956 -0.9199 -0.2577
vn 0.2368 -0.8813 -0.4089
vn 0.3888 -0.8887 -0.2431
vn 0.7497 -0.6585 -0.0662
vn 0.5977 -0.7621 0.2491
vn 0.9106 -0.3458 0.2264
vn 0.5168 -0.8369 -0.1806
vn 0.4486 -0.8600 -0.2431
vn 0.6155 -0.6989 -0.3641
vn 0.6122 -0.7049 -0.3583
vn 0.3742 -0.9010 -0.2196
vn 0.6113 -0.7049 -0.3598
vn 0.6180 -0.6989 -0.3600
vn 0.0780 -0.7637 -0.6409
vn 0.2159 -0.9683 -0.1260
vn -0.5467 -0.6790 -0.4900
vn 0.0001 -1.0000 0.0006
vn -0.3864 -0.6467 -0.6576
vn 0.1650 -0.6776 0.7167
vn -0.1391 -0.9868 0.0824
vn -0.1647 -0.6800 -0.7145
vn 0.5420 -0.6786 0.4957
vn 0.1373 -0.9873 -0.0799
vn -0.7373 -0.2641 -0.6218
vn -0.6073 -0.7589 -0.2352
vn -0.0866 -0.7573 0.6473
vn -0.2227 -0.9660 0.1314
vn -0.2600 -0.3370 0.9049
vn 0.1922 -0.2628 0.9455
vn 0.3862 -0.6456 0.6588
vn 0.7285 -0.2635 0.6323
vn -0.1882 -0.2648 -0.9458
vn -0.4895 -0.2584 -0.8328
vn 0.2949 0.9489 0.1127
vn 0.1156 0.9919 0.0535
vn 0.2149 0.9712 0.1026
vn 0.4267 0.9028 0.0534
vn 0.1854 0.9825 0.0170
vn 0.1224 0.9923 0.0181
vn 0.3427 0.9367 -0.0716
vn 0.1605 0.9861 -0.0432
vn 0.4808 0.8673 0.1285
vn 0.1492 0.9873 0.0543
vn 0.3943 0.9179 -0.0452
vn 0.5306 0.8133 0.2390
vn 0.5992 0.7639 0.2396
vn 0.7247 0.6797 0.1127
vn 0.6642 0.7430 -0.0830
vn 0.6056 0.7657 -0.2169
vn 0.3064 0.9414 -0.1408
vn 0.5657 0.7708 -0.2931
vn 0.3016 0.9384 -0.1686
vn 0.1745 0.9815 -0.0785
vn 0.1804 0.9830 -0.0339
vn 0.3337 0.9395 0.0777
vn 0.1279 0.9883 0.0829
vn 0.0870 0.9943 0.0620
vn 0.0206 0.9958 0.0891
vn 0.0997 0.9804 0.1701
vn 0.0578 0.9821 0.1795
vn -0.0215 0.9962 0.0847
vn 0.0413 0.9967 0.0704
vn 0.0673 0.9958 0.0616
vn 0.1278 0.9821 0.1383
vn 0.0835 0.9962 0.0231
vn 0.0081 0.9881 0.1539
vn 0.0104 0.9942 0.1072
vn -0.0287 0.9868 0.1591
vn -0.2435 0.9138 0.3250
vn -0.0981 0.9899 0.1024
vn 0.0197 0.9992 0.0338
vn 0.1357 0.9902 -0.0342
vn 0.2323 0.8884 0.3960
vn 0.4820 -0.4448 -0.7549
vn 0.5549 -0.7032 -0.4446
vn 0.7401 -0.4484 -0.5012
vn 0.3721 -0.6669 -0.6456
vn 0.4362 -0.8031 -0.4059
vn 0.8173 -0.5117 -0.2650
vn 0.5910 -0.7531 -0.2890
vn -0.0121 -0.1437 -0.9896
vn 0.5403 -0.1856 -0.8207
vn 0.0386 -0.3679 -0.9291
vn 0.0582 -0.5482 -0.8343
vn 0.3108 -0.7611 -0.5693
vn 0.2617 -0.5794 -0.7718
vn 0.0989 -0.6219 -0.7769
vn 0.4410 -0.6544 -0.6143
vn 0.5494 -0.6824 -0.4821
vn 0.4713 -0.8298 -0.2988
vn 0.6029 -0.6924 -0.3964
vn 0.9562 -0.2212 -0.1917
vn 0.8327 -0.2013 -0.5158
vn 0.5112 -0.0032 0.8594
vn 0.5110 -0.0000 0.8596
vn 0.5117 -0.0106 0.8591
vn 0.4846 -0.0379 0.8739
vn 0.5024 -0.0145 0.8645
vn 0.4286 -0.0585 0.9016
vn 0.5060 -0.0238 0.8622
vn 0.5264 -0.0378 0.8494
vn 0.5098 -0.0145 0.8602
vn 0.5769 -0.0585 0.8147
vn 0.4966 -0.0247 0.8676
vn 0.4687 -0.0725 0.8804
vn 0.3521 -0.1380 0.9258
vn 0.3273 -0.0365 0.9442
vn 0.5059 -0.0286 0.8621
vn 0.6623 -0.0365 0.7483
vn 0.6316 -0.1377 0.7630
vn 0.5389 -0.0723 0.8393
vn 0.5150 -0.0246 0.8568
vn -0.3910 -0.9088 0.1458
vn -0.2569 -0.9545 0.1512
vn -0.4895 -0.8718 0.0196
vn -0.4288 -0.8719 0.2367
vn -0.2861 -0.9433 0.1681
vn -0.3174 -0.9087 0.2711
vn -0.2538 -0.8713 0.4200
vn -0.4156 -0.8719 0.2590
vn -0.6400 -0.6689 0.3781
vn -0.6365 -0.6754 0.3725
vn -0.3999 -0.8860 0.2347
vn -0.6356 -0.6754 0.3741
vn -0.6422 -0.6689 0.3743
vn -0.4595 -0.8394 0.2902
vn -0.4363 -0.8166 0.3778
vn -0.4459 -0.6371 0.6287
vn 0.9906 -0.0095 -0.1362
vn 0.8563 -0.0734 -0.5112
vn 0.9845 -0.0823 -0.1548
vn 0.8610 0.0550 -0.5057
vn 0.8615 -0.0062 -0.5076
vn 0.5926 -0.0049 -0.8055
vn 0.5821 -0.0697 -0.8101
vn 0.9529 -0.1008 0.2861
vn 0.9487 -0.0211 0.3154
vn 0.9909 0.0534 -0.1235
vn 0.9337 0.0360 0.3563
vn 0.9825 0.1552 -0.1025
vn 0.8513 0.1597 -0.4997
vn 0.5889 0.0557 -0.8063
vn 0.5681 0.1555 -0.8081
vn 0.1414 0.0409 -0.9891
vn 0.1642 -0.0025 -0.9864
vn 0.1298 -0.0479 -0.9904
vn 0.7045 -0.3446 0.6204
vn 0.5731 -0.1139 0.8115
vn 0.6634 -0.2519 0.7045
vn 0.7970 -0.3776 0.4713
vn 0.6639 -0.1483 0.7330
vn 0.5507 -0.0345 0.8340
vn 0.8259 -0.1627 0.5399
vn 0.6538 -0.0411 0.7556
vn 0.9195 -0.3559 0.1666
vn 0.9703 -0.1589 0.1822
vn 0.8317 -0.0434 0.5535
vn 0.9819 -0.0423 0.1847
vn 0.8323 -0.0047 0.5544
vn 0.6529 -0.0046 0.7575
vn 0.5479 -0.0041 0.8365
vn 0.8917 -0.0350 0.4512
vn 0.9835 0.1373 0.1176
vn 0.9523 -0.2240 0.2073
vn 0.9016 0.0466 0.4300
vn 0.9050 0.1954 0.3779
vn 0.8233 0.5527 0.1292
vn 0.8898 0.2123 0.4041
vn 0.7876 0.5165 0.3361
vn 0.6718 -0.7350 0.0922
vn 0.8983 -0.4178 -0.1363
vn 0.8462 -0.3490 0.4026
vn 0.8824 -0.0217 0.4699
vn 0.8236 -0.1116 0.5561
vn 0.9842 0.0568 0.1677
vn 0.9651 0.2067 0.1609
vn 0.8010 0.4783 0.3601
vn 0.8095 0.5626 -0.1681
vn 0.9785 0.0578 -0.1980
vn -0.5016 -0.0000 -0.8651
vn -0.5009 -0.0103 -0.8654
vn -0.5014 -0.0030 -0.8652
vn -0.5065 -0.0019 -0.8623
vn -0.5112 -0.0030 -0.8595
vn -0.5110 -0.0000 -0.8596
vn -0.5116 -0.0103 -0.8591
vn -0.4861 -0.0358 -0.8732
vn -0.5027 -0.0137 -0.8644
vn -0.4341 -0.0555 -0.8992
vn -0.5061 -0.0226 -0.8622
vn -0.5257 -0.0359 -0.8499
vn -0.5097 -0.0138 -0.8603
vn -0.5746 -0.0555 -0.8165
vn -0.4975 -0.0233 -0.8672
vn -0.4720 -0.0685 -0.8789
vn -0.3660 -0.1309 -0.9214
vn -0.3396 -0.0347 -0.9399
vn -0.5061 -0.0271 -0.8620
vn -0.6575 -0.0347 -0.7527
vn -0.8653 -0.1394 -0.4814
vn -0.6309 -0.1312 -0.7647
vn -0.5385 -0.0687 -0.8398
vn -0.5149 -0.0234 -0.8569
vn -0.0226 0.9955 -0.0922
vn -0.1045 0.9785 -0.1779
vn -0.0621 0.9805 -0.1863
vn 0.0199 0.9961 -0.0863
vn -0.0432 0.9964 -0.0734
vn -0.0699 0.9955 -0.0645
vn -0.1331 0.9805 -0.1447
vn -0.0859 0.9960 -0.0242
vn -0.0120 0.9876 -0.1568
vn 0.0938 0.9376 -0.3349
vn -0.0135 0.9938 -0.1100
vn 0.0237 0.9867 -0.1609
vn 0.2299 0.9169 -0.3262
vn 0.0956 0.9901 -0.1029
vn -0.0206 0.9992 -0.0349
vn -0.1380 0.9898 0.0348
vn -0.4050 0.9129 0.0506
vn -0.1557 0.9862 -0.0559
vn -0.0910 0.9938 -0.0647
vn -0.1336 0.9873 -0.0861
vn -0.2410 0.8795 -0.4103
vn -0.9919 -0.0290 0.1235
vn -0.8637 -0.0764 0.4982
vn -0.9906 -0.0728 0.1158
vn -0.9922 -0.0090 0.1240
vn -0.8630 -0.0306 0.5042
vn -0.6008 -0.0346 0.7986
vn -0.6171 -0.0854 0.7823
vn -0.5935 -0.0107 0.8048
vn -0.9299 -0.0515 -0.3641
vn -0.9810 -0.1750 0.0836
vn -0.9452 -0.0213 -0.3259
vn -0.9496 -0.0067 -0.3135
vn -0.9505 -0.0031 -0.3108
vn -0.9923 -0.0036 0.1240
vn -0.8625 -0.0095 0.5059
vn -0.5921 -0.0038 0.8058
vn -0.1924 -0.0039 0.9813
vn -0.1933 -0.0124 0.9811
vn -0.2008 -0.0404 0.9788
vn -0.2208 -0.1046 0.9697
vn -0.6417 -0.2088 0.7380
vn -0.8580 -0.1879 0.4780
vn 0.4566 -0.0345 0.8890
vn 0.3020 -0.1476 0.9418
vn 0.4245 -0.1140 0.8982
vn 0.3279 -0.0409 0.9438
vn 0.0369 -0.1595 0.9865
vn 0.1780 -0.3408 0.9232
vn 0.2792 -0.2509 0.9269
vn -0.0099 -0.3693 0.9292
vn 0.0459 -0.0426 0.9980
vn -0.3547 -0.0402 0.9341
vn -0.3508 -0.1512 0.9241
vn -0.3400 -0.3403 0.8767
vn -0.6466 -0.4849 0.5889
vn -0.6817 -0.6734 0.2862
vn -0.8086 -0.4203 0.4117
vn -0.5666 -0.7257 0.3903
vn -0.5945 -0.7778 0.2040
vn -0.9033 -0.4227 0.0731
vn -0.7656 -0.6425 0.0341
vn -0.5196 -0.8057 0.2842
vn -0.6632 -0.6622 0.3488
vn -0.7098 -0.6528 0.2645
vn -0.7703 -0.6278 0.1119
vn -0.6734 -0.7390 0.0186
vn -0.8209 -0.5593 -0.1153
vn -0.7484 -0.6074 -0.2665
vn -0.7758 -0.5355 -0.3337
vn -0.8436 -0.3580 -0.4002
vn 0.7158 -0.3857 -0.5821
vn 0.8327 -0.1511 -0.5327
vn 0.7748 -0.3884 -0.4988
vn 0.5778 -0.3700 -0.7275
vn 0.7727 -0.1502 -0.6167
vn 0.8416 -0.0392 -0.5387
vn 0.6166 -0.1509 -0.7727
vn 0.7813 -0.0387 -0.6229
vn 0.7924 -0.3886 -0.4701
vn 0.2825 -0.3487 -0.8936
vn 0.2922 -0.1553 -0.9437
vn 0.6241 -0.0393 -0.7804
vn 0.2951 -0.0413 -0.9546
vn 0.6247 -0.0042 -0.7808
vn 0.7818 -0.0042 -0.6235
vn 0.8421 -0.0043 -0.5393
vn 0.8601 -0.0043 -0.5100
vn 0.8595 -0.0395 -0.5096
vn 0.8503 -0.1515 -0.5041
vn 0.8646 -0.0000 -0.5024
vn 0.8624 -0.0043 -0.5062
vn 0.8601 -0.0000 -0.5101
vn 0.8525 -0.1515 -0.5003
vn 0.8617 -0.0395 -0.5058
vn 0.7946 -0.3887 -0.4664
vn 0.8639 -0.0395 -0.5021
vn 0.8646 -0.0043 -0.5024
vn 0.8546 -0.1515 -0.4967
vn 0.7967 -0.3887 -0.4628
vn 0.6095 -0.7075 -0.3577
vn 0.8410 0.0548 -0.5383
vn 0.7665 0.1945 -0.6121
vn 0.8260 0.1956 -0.5286
vn 0.7808 0.0541 -0.6225
vn 0.6114 0.1960 -0.7666
vn 0.6898 0.4577 -0.5610
vn 0.7462 0.4608 -0.4805
vn 0.5578 0.4428 -0.7020
vn 0.8601 0.0065 -0.5100
vn 0.8589 0.0552 -0.5092
vn 0.8421 0.0065 -0.5393
vn 0.7818 0.0063 -0.6235
vn 0.6235 0.0550 -0.7799
vn 0.6247 0.0064 -0.7808
vn 0.3114 0.0555 -0.9487
vn 0.3089 0.2022 -0.9294
vn 0.2873 0.4238 -0.8590
vn 0.2394 0.6718 -0.7009
vn 0.3880 0.7402 -0.5492
vn 0.4815 0.7651 -0.4276
vn 0.5310 0.7707 -0.3522
vn 0.7630 0.4614 -0.4527
vn 0.5476 0.7704 -0.3264
vn 0.8435 0.1961 -0.5001
vn 0.8799 -0.0392 -0.4735
vn 0.9128 -0.1504 -0.3797
vn 0.8704 -0.1511 -0.4686
vn 0.9224 -0.0388 -0.3843
vn 0.9724 -0.1520 -0.1770
vn 0.8548 -0.3861 -0.3469
vn 0.8126 -0.3884 -0.4346
vn 0.9134 -0.3723 -0.1645
vn 0.8807 -0.0043 -0.4737
vn 0.9231 -0.0042 -0.3844
vn 0.9828 -0.0395 -0.1802
vn 0.9835 -0.0042 -0.1806
vn 0.9232 -0.0000 -0.3844
vn 0.8807 -0.0000 -0.4736
vn 0.9835 -0.0000 -0.1807
vn 0.9829 -0.0000 0.1842
vn 0.1959 0.9753 -0.1025
vn 0.2396 0.9606 -0.1407
vn 0.2352 0.9674 -0.0941
vn 0.3081 0.9345 -0.1783
vn 0.2021 0.9721 -0.1187
vn 0.1849 0.9753 -0.1212
vn 0.1966 0.9674 -0.1599
vn 0.3058 0.9345 -0.1821
vn 0.5519 0.7704 -0.3191
vn 0.5512 0.7692 -0.3233
vn 0.3112 0.9326 -0.1826
vn 0.5510 0.7692 -0.3237
vn 0.2942 0.9384 -0.1813
vn 0.1534 0.9815 -0.1145
vn 0.1171 0.9828 -0.1425
vn 0.0430 0.9920 -0.1183
vn 0.0733 0.9819 -0.1745
vn 0.0077 0.9913 -0.1311
vn 0.1153 0.9860 -0.1205
vn 0.2269 0.9361 -0.2687
vn 0.0399 0.9458 -0.3222
vn 0.0116 0.9694 -0.2452
vn 0.1541 0.8995 -0.4088
vn 0.2718 0.9413 -0.2000
vn 0.0696 0.7538 -0.6534
vn 0.0403 0.8039 -0.5934
vn 0.1168 0.8619 -0.4935
vn -0.4621 -0.0327 -0.8862
vn -0.3261 -0.1412 -0.9347
vn -0.4333 -0.1081 -0.8947
vn -0.3496 -0.0390 -0.9361
vn -0.0880 -0.1562 -0.9838
vn -0.2126 -0.3313 -0.9193
vn -0.3024 -0.2407 -0.9223
vn -0.0429 -0.3653 -0.9299
vn -0.4655 -0.0039 -0.8850
vn -0.3516 -0.0043 -0.9361
vn -0.0972 -0.0416 -0.9944
vn -0.0977 -0.0045 -0.9952
vn -0.4657 -0.0000 -0.8850
vn -0.3516 -0.0000 -0.9361
vn -0.0977 -0.0000 -0.9952
vn -0.4639 -0.0054 -0.8859
vn -0.3512 -0.0013 -0.9363
vn -0.0977 -0.0001 -0.9952
vn 0.2957 -0.0000 -0.9553
vn -0.8437 0.0501 0.5344
vn -0.7796 0.1791 0.6001
vn -0.8311 0.1796 0.5263
vn -0.7919 0.0496 0.6086
vn -0.6453 0.1831 0.7417
vn -0.7114 0.4288 0.5568
vn -0.7612 0.4306 0.4848
vn -0.5953 0.4190 0.6856
vn -0.8604 0.0060 0.5096
vn -0.8593 0.0504 0.5089
vn -0.8447 0.0059 0.5353
vn -0.7928 0.0058 0.6094
vn -0.6566 0.0511 0.7525
vn -0.6579 0.0059 0.7531
vn -0.3722 0.0551 0.9265
vn -0.3672 0.1966 0.9091
vn -0.3381 0.4200 0.8422
vn -0.2808 0.6559 0.7007
vn -0.4280 0.7196 0.5468
vn -0.5129 0.7405 0.4343
vn -0.5584 0.7448 0.3652
vn -0.7763 0.4310 0.4600
vn -0.8464 0.1799 0.5012
vn -0.8619 -0.0361 0.5059
vn -0.8541 -0.1388 0.5013
vn -0.8043 -0.3609 0.4721
vn -0.8639 -0.0361 0.5024
vn -0.8624 -0.0039 0.5062
vn -0.8645 -0.0039 0.5026
vn -0.8561 -0.1387 0.4979
vn -0.8063 -0.3609 0.4686
vn -0.8023 -0.3609 0.4754
vn -0.8521 -0.1387 0.5046
vn -0.8599 -0.0361 0.5092
vn -0.8604 -0.0039 0.5096
vn -0.8645 -0.0000 0.5026
vn -0.8604 -0.0000 0.5096
vn -0.7350 -0.3593 0.5751
vn -0.8367 -0.1385 0.5298
vn -0.7867 -0.3609 0.5009
vn -0.6143 -0.3485 0.7080
vn -0.7850 -0.1380 0.6039
vn -0.8442 -0.0359 0.5348
vn -0.6500 -0.1407 0.7467
vn -0.7924 -0.0355 0.6089
vn -0.6572 -0.0365 0.7529
vn -0.6579 -0.0039 0.7531
vn -0.7928 -0.0038 0.6094
vn -0.8447 -0.0039 0.5353
vn -0.9209 -0.0000 0.3897
vn -0.8798 -0.0000 0.4753
vn -0.9813 -0.0000 0.1925
vn -0.9857 -0.0000 -0.1683
vn -0.9857 -0.0042 -0.1684
vn -0.9813 -0.0039 0.1924
vn -0.9209 -0.0038 0.3897
vn -0.8798 -0.0039 0.4753
vn -0.8792 -0.0359 0.4752
vn -0.9123 -0.1379 0.3857
vn -0.8712 -0.1384 0.4710
vn -0.9203 -0.0354 0.3897
vn -0.9720 -0.1399 0.1890
vn -0.8627 -0.3590 0.3561
vn -0.8215 -0.3609 0.4414
vn -0.9211 -0.3466 0.1772
vn -0.9807 -0.0363 0.1919
vn -0.9849 -0.0393 -0.1688
vn -0.9748 -0.1480 -0.1669
vn -0.9302 -0.3338 -0.1529
vn -0.7133 -0.3278 -0.6195
vn -0.5740 -0.1082 -0.8117
vn -0.6673 -0.2398 -0.7052
vn -0.8101 -0.3576 -0.4646
vn -0.6679 -0.1406 -0.7309
vn -0.5512 -0.0327 -0.8338
vn -0.8335 -0.1533 -0.5308
vn -0.6569 -0.0389 -0.7530
vn -0.8382 -0.0409 -0.5438
vn -0.8388 -0.0044 -0.5445
vn -0.6559 -0.0043 -0.7548
vn -0.5483 -0.0039 -0.8363
vn -0.0484 0.9917 0.1192
vn -0.0855 0.9807 0.1759
vn -0.0133 0.9915 0.1295
vn -0.1265 0.9840 0.1256
vn -0.2517 0.9276 0.2759
vn -0.0588 0.9460 0.3188
vn -0.0225 0.9701 0.2417
vn -0.1857 0.8937 0.4085
vn -0.2944 0.9320 0.2116
vn -0.1173 0.7490 0.6521
vn -0.0734 0.8072 0.5857
vn -0.1412 0.8620 0.4868
vn -0.9019 -0.0376 -0.4303
vn -0.9874 0.1283 -0.0927
vn -0.9574 -0.2219 -0.1846
vn -0.9094 0.0443 -0.4135
vn -0.9164 0.1838 -0.3556
vn -0.8380 0.5341 -0.1119
vn -0.9003 0.1996 -0.3868
vn -0.8066 0.4958 -0.3219
vn -0.6808 -0.7274 -0.0860
vn -0.8994 -0.4106 0.1500
vn -0.8560 -0.3425 -0.3873
vn -0.8898 -0.0238 -0.4557
vn -0.8336 -0.1107 -0.5412
vn -0.9878 0.0034 -0.1556
vn -0.9873 0.0539 -0.1496
vn -0.9705 0.1927 -0.1449
vn -0.8189 0.4559 -0.3486
vn -0.7501 0.6533 -0.1029
vn -0.6249 0.7443 -0.2357
vn -0.5543 0.7980 -0.2365
vn -0.5007 0.8567 -0.1240
vn -0.8155 0.5497 0.1813
vn -0.9756 0.0538 0.2131
vn -0.3128 0.9430 -0.1136
vn -0.1222 0.9910 -0.0552
vn -0.2269 0.9683 -0.1049
vn -0.4524 0.8905 -0.0482
vn -0.1979 0.9801 -0.0152
vn -0.1296 0.9914 -0.0179
vn -0.3660 0.9271 0.0808
vn -0.1723 0.9839 0.0479
vn -0.6904 0.7171 0.0954
vn -0.6316 0.7400 0.2313
vn -0.3290 0.9319 0.1528
vn -0.5918 0.7448 0.3084
vn -0.6559 -0.0000 -0.7548
vn -0.5482 -0.0000 -0.8363
vn -0.8388 -0.0000 -0.5445
vn -0.8388 -0.0000 -0.5444
vn -0.8388 -0.0001 -0.5444
vn -0.6562 -0.0012 -0.7546
vn -0.5499 -0.0054 -0.8352
vn -0.8645 0.0060 0.5026
vn -0.9209 0.0058 0.3897
vn -0.8798 0.0059 0.4753
vn -0.9813 0.0059 0.1924
vn -0.9867 -0.0011 -0.1625
vn -0.9860 -0.0004 -0.1665
vn -0.9858 -0.0001 -0.1680
vn -0.8624 0.0060 0.5062
vn -0.8447 -0.0000 0.5353
vn -0.7928 -0.0000 0.6094
vn -0.6580 -0.0000 0.7530
vn -0.2163 -0.0918 -0.9720
vn -0.3830 -0.1412 -0.9129
vn -0.2322 -0.2830 -0.9306
vn -0.0513 -0.0164 -0.9986
vn -0.3058 -0.0489 -0.9508
vn -0.4440 -0.0486 -0.8947
vn -0.0824 -0.0080 -0.9966
vn -0.3439 -0.0131 -0.9389
vn 0.0503 -0.3441 -0.9376
vn -0.1739 -0.5858 -0.7916
vn 0.2410 -0.7320 -0.6373
vn -0.0975 -0.1097 -0.9892
vn -0.0007 -0.0215 -0.9998
vn 0.3062 0.0052 -0.9520
vn 0.3010 -0.0011 -0.9536
vn 0.2973 -0.0004 -0.9548
vn -0.0955 -0.0018 -0.9954
vn 0.2959 -0.0001 -0.9552
vn -0.4882 -0.0915 -0.8679
vn -0.4122 -0.2729 -0.8693
vn 0.8646 0.0065 -0.5024
vn 0.9231 0.0063 -0.3844
vn 0.8807 0.0065 -0.4737
vn 0.9848 0.0054 0.1736
vn 0.9835 0.0064 -0.1806
vn 0.9839 -0.0011 0.1788
vn 0.9832 -0.0004 0.1825
vn 0.9829 -0.0001 0.1840
vn 0.8421 -0.0000 -0.5393
vn 0.7818 -0.0000 -0.6236
vn 0.6248 -0.0000 -0.7808
vn 0.8624 0.0065 -0.5062
vn -0.2066 -0.7460 -0.6331
vn -0.4577 -0.4276 -0.7796
vn -0.3076 -0.7945 -0.5236
vn -0.4971 -0.1192 -0.8595
vn -0.4233 -0.3845 -0.8204
vn -0.4539 -0.7460 -0.4873
vn -0.5082 -0.1192 -0.8530
vn -0.5107 -0.3842 -0.7691
vn 0.0415 -0.9304 -0.3642
vn -0.5019 -0.1296 -0.8551
vn -0.5203 -0.0916 -0.8490
vn -0.5606 -0.2721 -0.7821
vn -0.6134 -0.5845 -0.5311
vn -0.3404 -0.9301 -0.1384
vn -0.1398 -0.9612 -0.2377
vn 0.6528 -0.0000 0.7575
vn 0.5478 -0.0000 0.8366
vn 0.8323 -0.0000 0.5543
vn 0.8323 -0.0000 0.5544
vn 0.9829 -0.0045 0.1843
vn 0.8323 -0.0001 0.5543
vn 0.6532 -0.0013 0.7572
vn 0.5495 -0.0055 0.8355
vn 0.1991 -0.7527 0.6275
vn 0.4557 -0.4351 0.7766
vn 0.3029 -0.8008 0.5166
vn 0.4967 -0.1220 0.8593
vn 0.4202 -0.3914 0.8187
vn 0.4489 -0.7528 0.4815
vn 0.5080 -0.1220 0.8527
vn 0.5091 -0.3916 0.7664
vn -0.2627 -0.7303 0.6305
vn -0.0486 -0.9320 0.3593
vn 0.1579 -0.5920 0.7904
vn 0.4870 -0.0938 0.8684
vn 0.4068 -0.2778 0.8703
vn 0.5202 -0.0937 0.8489
vn 0.5587 -0.2786 0.7811
vn 0.6059 -0.5933 0.5300
vn 0.3352 -0.9323 0.1356
vn 0.1363 -0.9629 0.2328
vn 0.1812 -0.0940 0.9789
vn 0.3714 -0.1437 0.9173
vn 0.2080 -0.2883 0.9347
vn -0.0045 -0.0169 0.9998
vn 0.2797 -0.0500 0.9588
vn 0.4374 -0.0497 0.8979
vn 0.0293 -0.0082 0.9995
vn 0.3217 -0.0134 0.9467
vn -0.0902 -0.3472 0.9334
vn 0.0519 -0.1125 0.9923
vn -0.0572 -0.0239 0.9981
vn -0.3676 0.0036 0.9300
vn -0.3612 -0.0011 0.9325
vn -0.3575 -0.0004 0.9339
vn 0.0436 -0.0018 0.9990
vn -0.3561 -0.0001 0.9345
vn -0.3191 0.5417 0.7777
vn -0.1518 0.1902 0.9699
vn -0.4114 0.1317 0.9019
vn -0.1255 0.5079 0.8522
vn -0.1220 0.2063 0.9709
vn -0.0794 -0.0368 0.9962
vn -0.3169 -0.2226 0.9220
vn -0.1037 0.0461 0.9935
vn -0.5597 0.5514 0.6186
vn -0.1174 0.4702 0.8747
vn -0.5751 -0.4108 0.7074
vn -0.6671 0.0547 0.7429
vn -0.1697 0.9722 0.1615
vn 0.0114 0.9997 0.0197
vn -0.1528 0.9798 0.1292
vn -0.1588 0.9640 0.2133
vn 0.0231 0.9990 0.0395
vn 0.2235 0.9723 -0.0690
vn 0.1865 0.9800 -0.0694
vn 0.2637 0.9640 -0.0345
vn -0.3909 0.8621 0.3225
vn -0.4219 0.8413 0.3379
vn -0.4113 0.8318 0.3728
vn -0.3657 0.8188 0.4425
vn 0.0540 0.9943 0.0921
vn 0.5646 0.8189 -0.1034
vn 0.5259 0.8320 -0.1766
vn 0.5002 0.8421 -0.2016
vn 0.4696 0.8645 -0.1790
vn 0.0107 0.9998 0.0185
vn -0.7938 0.5036 0.3409
vn -0.9275 0.0146 0.3736
vn -0.7993 0.5105 0.3171
vn -0.8092 0.5085 0.2942
vn -0.9168 0.0045 0.3992
vn -0.8044 -0.4898 0.3361
vn -0.8297 -0.4635 0.3111
vn -0.8115 -0.5062 0.2918
vn -0.4731 0.8619 0.1822
vn -0.5016 0.8412 0.2019
vn -0.5273 0.8315 0.1748
vn -0.5666 0.8180 0.0989
vn -0.8169 0.5650 0.1158
vn -0.9417 0.0009 0.3363
vn -0.8169 -0.5650 0.1155
vn -0.5684 -0.8170 0.0975
vn -0.5358 -0.8274 0.1682
vn -0.5320 -0.8255 0.1885
vn -0.5621 -0.8125 0.1545
vn 0.7651 0.4615 -0.4491
vn 0.8457 0.1962 -0.4964
vn 0.8611 0.0552 -0.5054
vn 0.8457 0.1961 -0.4964
vn 0.7672 0.4614 -0.4456
vn 0.8633 0.0552 -0.5017
vn 0.8478 0.1961 -0.4928
vn 0.5517 0.7686 -0.3238
vn 0.8237 0.4581 -0.3341
vn 0.8635 0.1956 -0.4648
vn 0.7826 0.4608 -0.4185
vn 0.8812 0.4453 -0.1590
vn 0.9057 0.1948 -0.3765
vn 0.8793 0.0549 -0.4732
vn 0.9645 0.1973 -0.1754
vn 0.9217 0.0542 -0.3840
vn 0.8901 0.4316 0.1462
vn 0.9821 0.0553 -0.1798
vn 0.2802 0.5446 -0.7905
vn 0.0960 0.1885 -0.9774
vn 0.3655 0.1335 -0.9212
vn 0.0773 0.5038 -0.8603
vn 0.0607 0.2051 -0.9769
vn 0.0258 -0.0358 -0.9990
vn 0.2719 -0.2231 -0.9361
vn 0.0433 0.0446 -0.9981
vn 0.5374 0.5606 -0.6300
vn 0.0577 0.4655 -0.8832
vn 0.5509 -0.4174 -0.7227
vn 0.6440 0.0568 -0.7629
vn -0.8483 0.1800 0.4979
vn -0.7782 0.4310 0.4567
vn -0.7782 0.4311 0.4568
vn -0.8613 0.0504 0.5055
vn -0.7801 0.4310 0.4534
vn -0.8503 0.1799 0.4945
vn -0.8634 0.0504 0.5020
vn -0.8613 0.0505 0.5055
vn -0.5783 0.7419 0.3394
vn -0.8352 0.4285 0.3446
vn -0.8654 0.1795 0.4678
vn -0.7951 0.4306 0.4271
vn -0.8925 0.4168 0.1720
vn -0.9063 0.1789 0.3829
vn -0.8786 0.0501 0.4749
vn -0.9653 0.1820 0.1874
vn -0.9197 0.0496 0.3894
vn -0.9039 0.4066 -0.1326
vn -0.9802 0.0508 0.1916
vn -0.5680 -0.0486 -0.8216
vn -0.6931 -0.0489 -0.7192
vn -0.6163 -0.1405 -0.7749
vn -0.6624 -0.0131 -0.7491
vn -0.8477 -0.0080 -0.5304
vn -0.7585 -0.0921 -0.6452
vn -0.7106 -0.2826 -0.6443
vn -0.8649 -0.0166 -0.5017
vn -0.8401 -0.0018 -0.5424
vn 0.5673 -0.0497 0.8220
vn 0.6884 -0.0500 0.7236
vn 0.6136 -0.1444 0.7763
vn 0.6591 -0.0135 0.7519
vn 0.8408 -0.0081 0.5413
vn 0.7508 -0.0937 0.6538
vn 0.7032 -0.2887 0.6497
vn 0.8573 -0.0166 0.5145
vn 0.8335 -0.0018 0.5525
vn 0.4992 0.5651 -0.6568
vn 0.1387 0.9180 -0.3715
vn 0.3624 0.8181 -0.4465
vn 0.5806 -0.0000 -0.8142
vn 0.4990 -0.5651 -0.6570
vn -0.9939 -0.0000 0.1101
vn -0.2552 -0.9660 0.0419
vn -0.0623 -0.9924 -0.1059
vn -0.2685 -0.9633 0.0063
vn -0.2748 -0.9612 0.0230
vn -0.0443 -0.9962 -0.0754
vn 0.1604 -0.9661 -0.2025
vn 0.1348 -0.9635 -0.2313
vn 0.1539 -0.9612 -0.2288
vn 0.3620 -0.8170 -0.4488
vn 0.4074 -0.8276 -0.3861
vn 0.4218 -0.8263 -0.3732
vn 0.4029 -0.8150 -0.4165
vn 0.1685 0.9722 -0.1627
vn -0.0119 0.9997 -0.0201
vn 0.1511 0.9800 -0.1298
vn 0.1573 0.9638 -0.2155
vn -0.0238 0.9989 -0.0404
vn -0.2244 0.9721 0.0683
vn -0.1878 0.9797 0.0697
vn -0.2648 0.9638 0.0324
vn 0.3841 0.8644 -0.3245
vn 0.4188 0.8420 -0.3401
vn 0.4090 0.8317 -0.3754
vn -0.0113 0.9998 -0.0189
vn 0.6829 -0.4911 -0.5408
vn 0.7720 0.0153 -0.6354
vn 0.6690 -0.4670 -0.5783
vn 0.6495 -0.5066 -0.5670
vn 0.7931 0.0046 -0.6091
vn 0.6819 0.5051 -0.5290
vn 0.6591 0.5151 -0.5480
vn 0.6505 0.5089 -0.5638
vn 0.7520 0.0009 -0.6592
vn -0.5040 0.5667 0.6518
vn -0.5867 -0.0000 0.8098
vn -0.5038 -0.5667 0.6519
vn 0.8148 -0.5668 -0.1218
vn 0.9931 -0.0000 -0.1173
vn 0.8147 0.5668 -0.1221
vn -0.6873 -0.4900 0.5363
vn -0.7806 0.0149 0.6248
vn -0.6784 -0.4636 0.5699
vn -0.6527 -0.5066 0.5633
vn -0.7973 0.0046 0.6036
vn -0.6861 0.5039 0.5247
vn -0.6683 0.5110 0.5406
vn -0.6536 0.5090 0.5602
vn -0.4111 -0.8129 0.4125
vn -0.4253 -0.8257 0.3705
vn -0.4098 -0.8277 0.3833
vn -0.3654 -0.8177 0.4447
vn -0.7555 0.0009 0.6552
vn 0.7932 0.5053 -0.3398
vn 0.9298 0.0156 -0.3678
vn 0.7983 0.5156 -0.3113
vn 0.8079 0.5093 -0.2964
vn 0.9173 0.0047 -0.3982
vn 0.8040 -0.4912 -0.3351
vn 0.8297 -0.4671 -0.3057
vn 0.8102 -0.5070 -0.2940
vn 0.9408 0.0009 -0.3391
vn 0.5664 -0.8178 -0.1020
vn 0.5344 -0.8279 -0.1702
vn 0.5303 -0.8265 -0.1886
vn 0.5586 -0.8154 -0.1520
vn 0.2540 -0.9663 -0.0432
vn 0.0606 -0.9928 0.1035
vn 0.2662 -0.9639 -0.0076
vn 0.2736 -0.9615 -0.0253
vn 0.0432 -0.9963 0.0737
vn -0.1621 -0.9662 0.2006
vn -0.1380 -0.9636 0.2288
vn -0.1556 -0.9615 0.2264
vn 0.1555 -0.1247 0.9799
vn 0.4127 -0.0106 0.9108
vn 0.1678 -0.0230 0.9856
vn 0.1410 -0.3905 0.9097
vn 0.3788 -0.1164 0.9181
vn 0.5542 0.0317 0.8318
vn 0.3303 -0.4096 0.8503
vn 0.4848 -0.0972 0.8692
vn -0.2171 -0.0268 0.9758
vn 0.1798 -0.0012 0.9837
vn -0.2156 -0.0032 0.9765
vn -0.2169 -0.1296 0.9676
vn -0.2037 -0.3635 0.9091
vn -0.1613 -0.6682 0.7263
vn 0.0628 -0.7424 0.6670
vn 0.2022 -0.7683 0.6073
vn 0.4241 -0.4121 0.8064
vn 0.2840 -0.7767 0.5622
vn 0.4585 -0.4141 0.7863
vn 0.5258 -0.0678 0.8479
vn 0.6389 0.1160 0.7604
vn 0.8846 0.1347 0.4465
vn 0.6569 0.0310 0.7534
vn 0.4522 0.0067 0.8919
vn -0.1516 0.3237 -0.9339
vn -0.4372 -0.0392 -0.8985
vn -0.2672 0.2311 -0.9355
vn 0.0588 0.3533 -0.9337
vn -0.2991 -0.0182 -0.9540
vn -0.4169 -0.4215 -0.8053
vn 0.0015 -0.0064 -1.0000
vn -0.2760 -0.4247 -0.8622
vn 0.1253 0.3580 -0.9253
vn -0.3524 0.1160 -0.9286
vn 0.0416 0.1343 -0.9901
vn 0.1637 0.5429 -0.8237
vn 0.2093 0.6198 -0.7564
vn 0.3707 0.5663 -0.7361
vn 0.4079 -0.0017 -0.9130
vn 0.0063 -0.3902 -0.9207
vn 0.3434 -0.5944 -0.7272
vn 0.0654 -0.7203 -0.6906
vn -0.1495 -0.7719 -0.6179
vn -0.2730 -0.7822 -0.5600
vn -0.3173 -0.7802 -0.5391
vn -0.4630 -0.4141 -0.7837
vn -0.4840 -0.0678 -0.8725
vn -0.9878 -0.0346 0.1517
vn -0.8564 -0.0764 0.5107
vn -0.9814 -0.0855 0.1719
vn -0.9896 -0.0107 0.1431
vn -0.8611 -0.0306 0.5075
vn -0.6055 -0.0292 0.7953
vn -0.5981 -0.0734 0.7980
vn -0.6061 -0.0091 0.7953
vn -0.9596 -0.1051 -0.2610
vn -0.9591 -0.0406 -0.2801
vn -0.9579 -0.0125 -0.2867
vn -0.9577 -0.0040 -0.2876
vn -0.9899 -0.0038 0.1415
vn -0.8622 -0.0095 0.5064
vn -0.6061 -0.0036 0.7954
vn -0.2127 -0.0069 0.9771
vn -0.1995 -0.0218 0.9796
vn -0.1580 -0.0529 0.9860
vn -0.2415 -0.0011 -0.9704
vn -0.5078 -0.0091 -0.8614
vn -0.2648 -0.0158 -0.9642
vn -0.5300 0.0027 -0.8480
vn -0.5143 -0.0028 -0.8576
vn -0.7428 -0.0092 -0.6695
vn -0.7159 -0.0190 -0.6980
vn -0.7547 -0.0024 -0.6561
vn -0.2663 0.0133 -0.9638
vn -0.3462 0.0294 -0.9377
vn -0.5557 0.0063 -0.8314
vn -0.7609 -0.0012 -0.6489
vn -0.5064 -0.0181 -0.8621
vn -0.2126 -0.0332 -0.9766
vn -0.5058 -0.1006 -0.8568
vn -0.1970 -0.1009 -0.9752
vn -0.5318 -0.0076 -0.8468
vn -0.5152 -0.0384 -0.8562
vn -0.7630 -0.0412 -0.6451
vn -0.7588 -0.1049 -0.6429
vn -0.7665 -0.0123 -0.6421
vn 0.2340 -0.1012 -0.9669
vn 0.2093 -0.0208 -0.9776
vn -0.2521 0.0059 -0.9677
vn 0.1667 0.0372 -0.9853
vn -0.3377 0.0298 -0.9408
vn -0.5584 0.0051 -0.8295
vn -0.7713 -0.0026 -0.6364
vn 0.2056 -0.0409 0.9778
vn 0.5016 -0.1001 0.8593
vn 0.2037 -0.1042 0.9735
vn 0.2023 -0.0122 0.9793
vn 0.4968 -0.0383 0.8670
vn 0.7397 -0.0333 0.6721
vn 0.7472 -0.1004 0.6569
vn 0.4814 -0.0077 0.8765
vn 0.1954 -0.0026 0.9807
vn 0.4548 0.0048 0.8906
vn 0.7129 0.0052 0.7012
vn 0.6498 0.0283 0.7596
vn 0.4886 -0.2573 0.8337
vn 0.9899 -0.0049 -0.1420
vn 0.8635 -0.0735 -0.4989
vn 0.9889 -0.0703 -0.1307
vn 0.8612 0.0551 -0.5052
vn 0.8632 -0.0062 -0.5048
vn 0.6151 -0.0093 -0.7884
vn 0.6268 -0.0824 -0.7749
vn 0.9361 -0.0492 0.3483
vn 0.9490 -0.0026 0.3154
vn 0.9888 0.0561 -0.1385
vn 0.9404 0.0420 0.3373
vn 0.9803 0.1568 -0.1197
vn 0.8513 0.1603 -0.4996
vn 0.6049 0.0539 -0.7945
vn 0.5828 0.1565 -0.7974
vn 0.2078 -0.0096 0.9781
vn 0.5045 -0.0096 0.8634
vn 0.2475 -0.0199 0.9687
vn 0.1896 -0.0025 0.9819
vn 0.4975 -0.0030 0.8674
vn 0.7391 -0.0011 0.6736
vn 0.7218 -0.0166 0.6919
vn 0.4807 0.0029 0.8769
vn 0.7207 0.0140 0.6931
vn 0.5058 -0.0191 0.8624
vn -0.0281 -0.9995 0.0165
vn -0.2463 -0.9518 -0.1829
vn -0.1723 -0.9588 -0.2257
vn 0.0396 -0.9518 0.3042
vn -0.0996 -0.9933 0.0585
vn -0.3831 -0.9189 -0.0940
vn -0.1047 -0.9189 0.3803
vn -0.2511 -0.9567 0.1474
vn -0.1420 -0.9596 -0.2429
vn -0.3524 -0.7767 -0.5220
vn 0.0004 -1.0000 -0.0002
vn 0.1130 -0.9588 0.2605
vn 0.1428 -0.9596 0.2424
vn -0.3658 -0.7621 0.5341
vn -0.5280 -0.7907 0.3099
vn -0.6447 -0.7621 0.0590
vn -0.7128 -0.6682 -0.2133
vn -0.5517 -0.7424 -0.3801
vn -0.4316 -0.7683 -0.4726
vn -0.0968 -0.9152 0.3911
vn -0.0997 -0.9933 0.0585
vn 0.0469 -0.9478 0.3154
vn -0.3886 -0.9152 -0.1062
vn -0.2512 -0.9566 0.1474
vn 0.1200 -0.9548 0.2720
vn -0.2525 -0.9478 -0.1947
vn -0.1440 -0.6581 0.7390
vn 0.0773 -0.7293 0.6798
vn -0.3569 -0.7590 0.5446
vn -0.6495 -0.7590 0.0461
vn -0.5283 -0.7904 0.3101
vn -0.7154 -0.6581 -0.2346
vn -0.5559 -0.7293 -0.3989
vn -0.4381 -0.7540 -0.4895
vn -0.1790 -0.9548 -0.2373
vn -0.3607 -0.7620 -0.5379
vn -0.1489 -0.9555 -0.2545
vn 0.1496 -0.9555 0.2540
vn 0.2938 -0.7620 0.5771
vn 0.3252 -0.7653 0.5555
vn 0.2138 -0.7540 0.6211
vn 0.1722 -0.1192 0.9778
vn 0.4176 -0.0101 0.9086
vn 0.1841 -0.0220 0.9827
vn 0.1575 -0.3768 0.9128
vn 0.3856 -0.1107 0.9160
vn 0.5518 0.0301 0.8334
vn 0.3397 -0.3939 0.8541
vn 0.4860 -0.0922 0.8691
vn -0.1938 -0.0260 0.9807
vn -0.1940 -0.1260 0.9729
vn -0.1827 -0.3551 0.9168
vn 0.4294 -0.3959 0.8117
vn 0.4623 -0.3978 0.7925
vn 0.5248 -0.0643 0.8488
vn 0.6331 0.1105 0.7662
vn 0.8760 0.1302 0.4644
vn -0.9836 -0.1331 0.1220
vn -0.8621 -0.0270 0.5060
vn -0.9919 -0.0270 0.1239
vn -0.9061 -0.4072 0.1146
vn -0.8544 -0.1358 0.5015
vn -0.5860 -0.1331 0.7993
vn -0.5918 -0.0270 0.8057
vn -0.5418 -0.4072 0.7353
vn -0.9507 -0.0260 -0.3090
vn -0.9440 -0.1260 -0.3049
vn -0.8895 -0.3551 -0.2875
vn -0.7772 -0.4334 0.4562
vn -0.8624 -0.0036 0.5062
vn -0.4587 0.0301 -0.8881
vn -0.6118 -0.1107 -0.7832
vn -0.5897 -0.0101 -0.8076
vn -0.5219 -0.0922 -0.8480
vn -0.5801 -0.3939 -0.7130
vn -0.7698 -0.1192 -0.6271
vn -0.7682 -0.0220 -0.6398
vn -0.7202 -0.3767 -0.5826
vn 0.0215 0.1306 -0.9912
vn -0.3603 0.1105 -0.9263
vn -0.4852 -0.0643 -0.8720
vn -0.4994 -0.3959 -0.7706
vn -0.4666 -0.3978 -0.7900
vn -0.9812 -0.1342 0.1390
vn -0.9896 -0.0273 0.1412
vn -0.9028 -0.4099 0.1304
vn -0.8544 -0.1359 0.5015
vn -0.5997 -0.1342 0.7889
vn -0.6057 -0.0273 0.7952
vn -0.5540 -0.4099 0.7246
vn -0.9578 -0.0268 -0.2861
vn -0.9505 -0.1296 -0.2824
vn -0.8930 -0.3635 -0.2653
vn -0.7771 -0.4336 0.4561
vn -0.4560 0.0317 -0.8894
vn -0.6169 -0.1164 -0.7784
vn -0.5940 -0.0106 -0.8044
vn -0.5226 -0.0972 -0.8470
vn -0.5814 -0.4096 -0.7030
vn -0.7797 -0.1247 -0.6136
vn -0.7787 -0.0230 -0.6270
vn -0.7256 -0.3905 -0.5666
vn -0.4973 -0.4121 -0.7634
vn 0.9101 0.3922 -0.1335
vn 0.6745 0.6231 -0.3959
vn 0.8012 0.3699 -0.4703
vn 0.7782 0.6174 -0.1145
vn 0.5681 0.7523 -0.3335
vn 0.5603 0.3922 -0.7296
vn 0.4794 0.6174 -0.6237
vn 0.8689 0.3580 0.3417
vn 0.7990 0.5429 0.2587
vn 0.6753 0.7309 -0.0986
vn 0.8234 0.5663 0.0353
vn 0.7624 0.6198 0.1860
vn 0.7603 0.6219 -0.1874
vn 0.5343 0.6219 -0.5725
vn 0.4153 0.7309 -0.5416
vn 0.9137 0.3154 -0.2563
vn 0.8163 0.3227 -0.4791
vn 0.9137 -0.3154 -0.2563
vn 0.9633 -0.0000 -0.2683
vn 0.6692 0.3154 -0.6728
vn 0.6692 -0.3154 -0.6728
vn 0.7039 -0.0000 -0.7103
vn 0.9464 0.3150 0.0720
vn 0.9448 -0.3177 0.0800
vn 0.9960 -0.0017 0.0890
vn 0.8023 -0.5944 0.0547
vn 0.7375 -0.6526 -0.1736
vn 0.8163 -0.3227 -0.4791
vn 0.5112 -0.6526 -0.5593
vn 0.3907 -0.3177 -0.8639
vn 0.3985 0.3150 -0.8614
vn 0.6637 0.6385 -0.3896
vn 0.9174 0.3142 -0.2444
vn 0.9174 -0.3142 -0.2444
vn 0.9666 -0.0000 -0.2562
vn 0.6607 0.3141 -0.6818
vn 0.6607 -0.3141 -0.6818
vn 0.6950 -0.0000 -0.7191
vn 0.8267 0.5598 0.0559
vn 0.7643 0.6202 -0.1764
vn 0.9464 0.3088 0.0948
vn 0.9446 -0.3121 0.1018
vn 0.9938 -0.0008 0.1115
vn 0.8057 -0.5875 0.0753
vn 0.7416 -0.6508 -0.1626
vn 0.5036 -0.6508 -0.5682
vn 0.3271 -0.5875 -0.7402
vn 0.3717 -0.3121 -0.8743
vn 0.3872 -0.0008 -0.9220
vn 0.3786 0.3088 -0.8725
vn 0.3542 0.5598 -0.7491
vn 0.5266 0.6202 -0.5814
vn 0.6636 0.6386 -0.3895
vn -0.0045 -0.9412 -0.3378
vn 0.0359 -0.9991 -0.0210
vn -0.1118 -0.9544 -0.2768
vn 0.2125 -0.8727 -0.4395
vn 0.1398 -0.9868 -0.0821
vn 0.2928 -0.9412 0.1686
vn 0.1871 -0.9544 0.2326
vn 0.4873 -0.8727 0.0287
vn -0.2830 -0.7676 -0.5751
vn -0.3264 -0.7653 -0.5547
vn -0.1620 -0.7582 -0.6316
vn 0.0495 -0.7092 -0.7033
vn 0.3581 -0.9097 -0.2102
vn 0.6382 -0.7092 0.2996
vn 0.4724 -0.7582 0.4493
vn 0.3641 -0.7676 0.5275
vn 0.0029 -0.9451 -0.3268
vn -0.1049 -0.9584 -0.2653
vn 0.2206 -0.8758 -0.4293
vn 0.1399 -0.9868 -0.0821
vn 0.2868 -0.9451 0.1568
vn 0.1805 -0.9584 0.2209
vn 0.4824 -0.8758 0.0168
vn 0.3582 -0.9097 -0.2102
vn 0.6348 -0.7203 0.2796
vn 0.4666 -0.7719 0.4318
vn 0.3558 -0.7822 0.5114
vn 0.3160 -0.7802 0.5399
vn 0.5019 -0.4052 0.7642
vn 0.6792 -0.0172 0.7338
vn 0.5680 -0.0372 0.8222
vn 0.6160 -0.4093 0.6731
vn 0.8642 -0.0054 0.5032
vn 0.7350 0.3122 0.6019
vn 0.6802 0.2212 0.6989
vn 0.8383 0.3423 0.4242
vn 0.8016 -0.3781 0.4631
vn 0.7640 0.6109 0.2075
vn 0.7985 0.5330 0.2800
vn 0.8643 0.3492 0.3620
vn 0.4998 -0.4215 0.7566
vn 0.6871 -0.0182 0.7263
vn 0.5713 -0.0392 0.8198
vn 0.6183 -0.4247 0.6614
vn 0.8738 -0.0064 0.4862
vn 0.7415 0.3237 0.5877
vn 0.6865 0.2311 0.6894
vn 0.8439 0.3533 0.4038
vn 0.8069 -0.3902 0.4434
vn -0.1672 0.3122 -0.9352
vn -0.4409 -0.0372 -0.8968
vn -0.2785 0.2212 -0.9346
vn 0.0383 0.3423 -0.9388
vn -0.3095 -0.0172 -0.9507
vn -0.4225 -0.4052 -0.8107
vn -0.0180 -0.0054 -0.9998
vn -0.2874 -0.4093 -0.8660
vn 0.1053 0.3492 -0.9311
vn 0.1449 0.5330 -0.8336
vn 0.1913 0.6109 -0.7682
vn -0.0135 -0.3781 -0.9257
vn 0.9131 0.3902 -0.1180
vn 0.6746 0.6230 -0.3959
vn 0.8014 0.3694 -0.4704
vn 0.7820 0.6151 -0.1009
vn 0.5680 0.7525 -0.3334
vn 0.5482 0.3902 -0.7397
vn 0.4694 0.6151 -0.6336
vn 0.6796 0.7285 -0.0862
vn 0.4066 0.7285 -0.5513
vn -0.6337 -0.6782 0.3720
vn 0.2956 -0.0044 -0.9553
vn 0.6399 -0.6704 -0.3756
vn 0.6399 -0.6705 -0.3756
s 1
f 1545//1 1549//2 1548//3
f 1547//4 1549//2 1546//5
f 1549//2 1551//6 1548//3
f 1549//2 1553//7 1552//8
f 1//9 1545//1 234//10
f 245//11 1546//5 1545//1
f 243//12 1546//5 244//13
f 5//14 1547//4 243//12
f 254//15 1550//16 1547//4
f 1550//16 252//17 1553//7
f 1553//7 7//18 227//19
f 1552//8 227//19 226//20
f 1552//8 225//21 1551//6
f 1551//6 3//22 236//23
f 1548//3 236//23 235//24
f 234//10 1548//3 235//24
f 1554//25 1558//26 1557//27
f 1556//28 1558//26 1555//29
f 1557//27 1561//30 1560//31
f 1559//32 1561//30 1558//26
f 272//33 302//34 8//35
f 271//36 1554//25 272//33
f 271//36 1556//28 1555//29
f 270//37 297//38 1556//28
f 297//38 1559//32 1556//28
f 298//39 1562//40 1559//32
f 299//41 294//42 1562//40
f 1562//40 295//43 1561//30
f 1560//31 295//43 296//44
f 300//45 296//44 13//46
f 301//47 1560//31 300//45
f 302//34 1557//27 301//47
f 1564//48 1566//49 1563//50
f 1565//51 1567//52 1564//48
f 1566//49 1570//53 1569//54
f 1567//52 1571//55 1570//53
f 10//56 1563//50 230//57
f 232//58 1563//50 233//59
f 231//60 1564//48 232//58
f 3//22 1565//51 231//60
f 225//21 1568//61 1565//51
f 1568//61 227//19 1571//55
f 1571//55 7//18 257//62
f 1570//53 257//62 256//63
f 1569//54 256//63 255//64
f 1569//54 9//65 228//66
f 1566//49 228//66 229//67
f 230//57 1566//49 229//67
f 1573//68 1575//69 1572//70
f 1574//71 1576//72 1573//68
f 1575//69 1579//73 1578//74
f 1576//72 1580//75 1579//73
f 11//76 1572//70 239//77
f 241//78 1572//70 242//79
f 240//80 1573//68 241//78
f 1//9 1574//71 240//80
f 234//10 1577//81 1574//71
f 1577//81 236//23 1580//75
f 1580//75 3//22 231//60
f 1579//73 231//60 232//58
f 1578//74 232//58 233//59
f 1578//74 10//56 237//82
f 1575//69 237//82 238//83
f 239//77 1575//69 238//83
f 1582//84 1584//85 1581//86
f 1583//87 1585//88 1582//84
f 1584//85 1588//89 1587//90
f 1585//88 1589//91 1588//89
f 12//92 1581//86 248//93
f 250//94 1581//86 251//95
f 249//96 1582//84 250//94
f 5//14 1583//87 249//96
f 243//12 1586//97 1583//87
f 1586//97 245//11 1589//91
f 1589//91 1//9 240//80
f 1588//89 240//80 241//78
f 1587//90 241//78 242//79
f 1587//90 11//76 246//98
f 1584//85 246//98 247//99
f 248//93 1584//85 247//99
f 1591//100 1593//101 1590//102
f 1592//103 1594//104 1591//100
f 1593//101 1597//105 1596//106
f 1594//104 1598//107 1597//105
f 9//65 1590//102 260//108
f 256//63 1590//102 255//64
f 257//62 1591//100 256//63
f 7//18 1592//103 257//62
f 252//17 1595//109 1592//103
f 1595//109 254//15 1598//107
f 1598//107 5//14 249//96
f 1597//105 249//96 250//94
f 1596//106 250//94 251//95
f 1596//106 12//92 258//110
f 1593//101 258//110 259//111
f 260//108 1593//101 259//111
f 1599//112 1603//113 1602//114
f 1601//115 1603//113 1600//116
f 1602//114 1606//117 1605//118
f 1604//119 1606//117 1603//113
f 8//35 1599//112 275//120
f 261//121 1600//116 1599//112
f 263//122 1600//116 262//123
f 4//124 1601//115 263//122
f 276//125 1604//119 1601//115
f 277//126 1607//127 1604//119
f 278//128 230//57 1607//127
f 1607//127 229//67 1606//117
f 1605//118 229//67 228//66
f 273//129 228//66 9//65
f 274//130 1605//118 273//129
f 275//120 1602//114 274//130
f 1608//131 1612//132 1611//133
f 1610//134 1612//132 1609//135
f 1611//133 1615//136 1614//137
f 1613//138 1615//136 1612//132
f 4//124 1608//131 276//125
f 264//139 1609//135 1608//131
f 266//140 1609//135 265//141
f 2//142 1610//134 266//140
f 279//143 1613//138 1610//134
f 280//144 1616//145 1613//138
f 281//146 239//77 1616//145
f 1616//145 238//83 1615//136
f 1614//137 238//83 237//82
f 278//128 237//82 10//56
f 277//126 1614//137 278//128
f 276//125 1611//133 277//126
f 1617//147 1621//148 1620//149
f 1619//150 1621//148 1618//151
f 1620//149 1624//152 1623//153
f 1622//154 1624//152 1621//148
f 2//142 1617//147 279//143
f 267//155 1618//151 1617//147
f 269//156 1618//151 268//157
f 6//158 1619//150 269//156
f 282//159 1622//154 1619//150
f 283//160 1625//161 1622//154
f 284//162 248//93 1625//161
f 1625//161 247//99 1624//152
f 1623//153 247//99 246//98
f 281//146 246//98 11//76
f 280//144 1623//153 281//146
f 279//143 1620//149 280//144
f 1626//163 1630//164 1629//165
f 1628//166 1630//164 1627//167
f 1629//165 1633//168 1632//169
f 1631//170 1633//168 1630//164
f 6//158 1626//163 282//159
f 270//37 1627//167 1626//163
f 272//33 1627//167 271//36
f 8//35 1628//166 272//33
f 275//120 1631//170 1628//166
f 274//130 1634//171 1631//170
f 273//129 260//108 1634//171
f 1634//171 259//111 1633//168
f 1632//169 259//111 258//110
f 284//162 258//110 12//92
f 283//160 1632//169 284//162
f 282//159 1629//165 283//160
f 1636//172 1638//173 1635//174
f 1637//174 1639//173 1636//172
f 1638//173 1642//175 1641//175
f 1639//173 1643//176 1642//175
f 17//177 1635//174 618//178
f 554//179 1636//172 1635//174
f 553//179 1637//174 1636//172
f 28//180 1637//174 552//179
f 347//181 1640//173 1637//174
f 346//182 1643//176 1640//173
f 1643//176 53//183 579//184
f 1643//176 580//184 1642//175
f 1642//175 581//184 1641//175
f 1641//175 67//184 620//185
f 1638//173 620//185 619//186
f 1635//174 619//186 618//178
f 1644//187 1648//188 1647//189
f 1646//190 1648//188 1645//191
f 1647//189 1651//192 1650//193
f 1649//194 1651//192 1648//188
f 266//140 308//195 2//142
f 265//141 1644//187 266//140
f 265//141 1646//190 1645//191
f 264//139 303//196 1646//190
f 303//196 1649//194 1646//190
f 304//197 1652//198 1649//194
f 305//199 288//200 1652//198
f 1652//198 289//201 1651//192
f 1650//193 289//201 290//202
f 306//203 290//202 15//204
f 307//205 1650//193 306//203
f 308//195 1647//189 307//205
f 1653//206 1657//207 1656//208
f 1655//209 1657//207 1654//210
f 1656//208 1660//211 1659//212
f 1658//213 1660//211 1657//207
f 269//156 297//38 6//158
f 268//157 1653//206 269//156
f 268//157 1655//209 1654//210
f 267//155 308//195 1655//209
f 1655//209 307//205 1658//213
f 307//205 1661//214 1658//213
f 306//203 291//215 1661//214
f 1660//211 291//215 292//216
f 1660//211 293//217 1659//212
f 299//41 293//217 16//218
f 298//39 1659//212 299//41
f 1653//206 298//39 297//38
f 1662//219 1666//220 1665//221
f 1664//222 1666//220 1663//223
f 1665//221 1669//224 1668//225
f 1667//226 1669//224 1666//220
f 263//122 303//196 4//124
f 262//123 1662//219 263//122
f 262//123 1664//222 1663//223
f 261//121 302//34 1664//222
f 1664//222 301//47 1667//226
f 301//47 1670//227 1667//226
f 300//45 285//228 1670//227
f 1669//224 285//228 286//229
f 1669//224 287//230 1668//225
f 305//199 287//230 14//231
f 304//197 1668//225 305//199
f 303//196 1665//221 304//197
f 1672//232 1674//233 1671//234
f 1672//232 1676//235 1675//236
f 1675//236 1677//237 1674//233
f 1675//236 1679//238 1678//239
f 296//44 320//240 13//46
f 295//43 1671//234 296//44
f 295//43 1673//241 1672//232
f 294//42 324//242 1673//241
f 1673//241 325//243 1676//235
f 1676//235 326//244 1679//238
f 1679//238 19//245 489//246
f 1678//239 489//246 490//247
f 1678//239 491//248 1677//237
f 1677//237 18//249 318//250
f 1674//233 318//250 319//251
f 1671//234 319//251 320//240
f 1680//252 1684//253 1683//254
f 1682//255 1684//253 1681//256
f 1683//254 1687//257 1686//258
f 1685//259 1687//257 1684//253
f 23//260 1680//252 312//261
f 389//262 1681//256 1680//252
f 387//263 1681//256 388//264
f 29//265 1682//255 387//263
f 356//266 1685//259 1682//255
f 355//267 1688//268 1685//259
f 1688//268 46//269 462//270
f 1687//257 462//270 463//271
f 1686//258 463//271 464//272
f 314//273 464//272 44//274
f 313//275 1686//258 314//273
f 312//261 1683//254 313//275
f 1689//276 1693//277 1692//278
f 1691//279 1693//277 1690//280
f 1692//278 1696//281 1695//282
f 1694//283 1696//281 1693//277
f 30//284 1689//276 348//285
f 384//286 1690//280 1689//276
f 386//287 1690//280 385//288
f 24//289 1691//279 386//287
f 329//290 1694//283 1691//279
f 328//291 1697//292 1694//283
f 327//293 524//294 1697//292
f 1697//292 523//295 1696//281
f 1696//281 522//296 1695//282
f 1695//282 55//297 350//298
f 349//299 1695//282 350//298
f 348//285 1692//278 349//299
f 1699//300 1701//301 1698//302
f 1699//300 1703//303 1702//304
f 1702//304 1704//305 1701//301
f 1702//304 1706//306 1705//307
f 336//308 351//309 22//310
f 337//311 1698//302 336//308
f 337//311 1700//312 1699//300
f 338//313 312//261 1700//312
f 1700//312 313//275 1703//303
f 1703//303 314//273 1706//306
f 1706//306 44//274 449//314
f 1705//307 449//314 448//315
f 1705//307 447//316 1704//305
f 1704//305 43//317 353//318
f 1701//301 353//318 352//319
f 1698//302 352//319 351//309
f 1707//320 1711//321 1710//322
f 1709//323 1711//321 1708//324
f 1711//321 1713//325 1710//322
f 1711//321 1715//326 1714//327
f 24//289 1707//320 342//328
f 341//329 1708//324 1707//320
f 339//330 1708//324 340//331
f 23//260 1709//323 339//330
f 338//313 1712//332 1709//323
f 1712//332 336//308 1715//326
f 1715//326 22//310 335//333
f 1714//327 335//333 334//334
f 1714//327 333//335 1713//325
f 1713//325 21//336 344//337
f 1710//322 344//337 343//338
f 342//328 1710//322 343//338
f 1717//339 1719//340 1716//341
f 1718//342 1720//343 1717//339
f 1720//343 1722//344 1719//340
f 1721//345 1723//346 1720//343
f 317//347 414//348 25//349
f 316//350 1716//341 317//347
f 315//351 1717//339 316//350
f 15//204 1718//342 315//351
f 321//352 1721//345 1718//342
f 322//353 1724//354 1721//345
f 323//355 438//356 1724//354
f 1724//354 439//357 1723//346
f 1723//346 440//358 1722//344
f 1722//344 42//359 416//360
f 1719//340 416//360 415//361
f 1716//341 415//361 414//348
f 1726//362 1728//363 1725//364
f 1726//362 1730//365 1729//366
f 1729//366 1731//367 1728//363
f 1729//366 1733//368 1732//369
f 293//217 380//370 16//218
f 292//216 1725//364 293//217
f 292//216 1727//371 1726//362
f 291//215 315//351 1727//371
f 1727//371 316//350 1730//365
f 1730//365 317//347 1733//368
f 1733//368 25//349 357//372
f 1732//369 357//372 358//373
f 1732//369 359//374 1731//367
f 1731//367 26//375 378//376
f 1728//363 378//376 379//377
f 1725//364 379//377 380//370
f 1734//378 1738//379 1737//380
f 1736//381 1738//379 1735//382
f 1737//380 1741//383 1740//384
f 1739//385 1741//383 1738//379
f 36//386 1734//378 332//387
f 417//388 1735//382 1734//378
f 419//389 1735//382 418//390
f 22//310 1736//381 419//389
f 351//309 1739//385 1736//381
f 352//319 1742//391 1739//385
f 353//318 479//392 1742//391
f 1742//391 478//393 1741//383
f 1741//383 477//394 1740//384
f 1740//384 48//395 330//396
f 331//397 1740//384 330//396
f 332//387 1737//380 331//397
f 1744//398 1746//398 1743//398
f 1745//398 1747//398 1744//398
f 1747//398 1749//398 1746//398
f 1748//398 1750//398 1747//398
f 617//399 554//179 17//177
f 616//400 1743//398 617//399
f 615//401 1744//398 616//400
f 20//402 1745//398 615//401
f 363//403 1748//398 1745//398
f 364//403 1751//398 1748//398
f 1751//398 27//404 360//405
f 1751//398 361//406 1750//398
f 1750//398 362//407 1749//398
f 1749//398 28//180 552//179
f 553//179 1749//398 552//179
f 554//179 1746//398 553//179
f 1753//408 1755//409 1752//410
f 1753//408 1757//411 1756//412
f 1756//412 1758//413 1755//409
f 1756//412 1760//414 1759//415
f 362//407 372//416 28//180
f 361//406 1752//410 362//407
f 361//406 1754//417 1753//408
f 360//405 377//418 1754//417
f 1754//417 376//419 1757//411
f 1757//411 375//420 1760//414
f 1760//414 29//265 369//421
f 1759//415 369//421 370//422
f 1759//415 371//423 1758//413
f 1758//413 30//284 374//424
f 1755//409 374//424 373//425
f 1752//410 373//425 372//416
f 1762//426 1764//427 1761//428
f 1762//426 1766//429 1765//430
f 1765//430 1767//431 1764//427
f 1765//430 1769//432 1768//433
f 342//328 329//290 24//289
f 343//338 1761//428 342//328
f 343//338 1763//434 1762//426
f 344//337 383//435 1763//434
f 1763//434 382//436 1766//429
f 1766//429 381//437 1769//432
f 1769//432 52//438 503//439
f 1768//433 503//439 502//440
f 1768//433 501//441 1767//431
f 1767//431 51//442 327//293
f 1764//427 327//293 328//291
f 1761//428 328//291 329//290
f 1771//443 1773//444 1770//445
f 1771//443 1775//446 1774//447
f 1773//444 1777//448 1776//449
f 1775//446 1777//448 1774//447
f 419//389 776//450 22//310
f 418//390 1770//445 419//389
f 418//390 1772//451 1771//443
f 417//388 771//452 1772//451
f 1772//451 772//453 1775//446
f 772//453 1778//454 1775//446
f 773//455 759//456 1778//454
f 1778//454 760//457 1777//448
f 1776//449 760//457 761//458
f 774//459 761//458 90//460
f 775//461 1776//449 774//459
f 1770//445 775//461 776//450
f 1780//462 1782//463 1779//464
f 1781//465 1783//466 1780//462
f 1783//466 1785//467 1782//463
f 1784//468 1786//469 1783//466
f 375//420 356//266 29//265
f 376//419 1779//464 375//420
f 377//418 1780//462 376//419
f 27//404 1781//465 377//418
f 392//470 1784//468 1781//465
f 391//471 1787//472 1784//468
f 390//473 461//474 1787//472
f 1787//472 460//475 1786//469
f 1786//469 459//476 1785//467
f 1785//467 46//269 354//477
f 1782//463 354//477 355//267
f 1779//464 355//267 356//266
f 1789//478 1791//479 1788//480
f 1790//481 1792//482 1789//478
f 1792//482 1794//483 1791//479
f 1793//484 1795//485 1792//482
f 75//486 1788//480 690//487
f 640//488 1788//480 641//489
f 639//490 1789//478 640//488
f 25//349 1790//481 639//490
f 414//348 1793//484 1790//481
f 415//361 1796//491 1793//484
f 1796//491 42//359 648//492
f 1796//491 649//493 1795//485
f 1795//485 650//494 1794//483
f 692//495 650//494 78//496
f 1791//479 692//495 691//497
f 690//487 1791//479 691//497
f 1798//498 1800//498 1797//498
f 1798//498 1802//498 1801//498
f 1801//498 1803//498 1800//498
f 1802//498 1804//498 1801//498
f 611//499 560//500 60//501
f 611//499 1798//498 1797//498
f 609//502 1798//498 610//503
f 59//504 1799//498 609//502
f 399//505 1802//498 1799//498
f 400//505 1805//498 1802//498
f 1805//498 33//506 396//507
f 1805//498 397//508 1804//498
f 1804//498 398//509 1803//498
f 558//500 398//509 34//510
f 559//500 1803//498 558//500
f 560//500 1800//498 559//500
f 1807//511 1809//512 1806//513
f 1807//511 1811//514 1810//515
f 1810//515 1812//516 1809//512
f 1810//515 1814//517 1813//518
f 398//509 411//519 34//510
f 397//508 1806//513 398//509
f 397//508 1808//520 1807//511
f 396//507 410//521 1808//520
f 1808//520 409//522 1811//514
f 1811//514 408//523 1814//517
f 1814//517 35//524 405//525
f 1813//518 405//525 406//526
f 1813//518 407//527 1812//516
f 1812//516 36//386 413//528
f 1809//512 413//528 412//529
f 1806//513 412//529 411//519
f 1816//530 1818//531 1815//532
f 1816//530 1820//533 1819//534
f 1819//534 1821//535 1818//531
f 1819//534 1823//536 1822//537
f 287//230 309//538 14//231
f 286//229 1815//532 287//230
f 286//229 1817//539 1816//530
f 285//228 420//540 1817//539
f 1817//539 421//541 1820//533
f 1820//533 422//542 1823//536
f 1823//536 31//543 393//544
f 1822//537 393//544 394//545
f 1822//537 395//546 1821//535
f 1821//535 32//547 311//548
f 1818//531 311//548 310//549
f 1815//532 310//549 309//538
f 1825//550 1827//551 1824//552
f 1825//550 1829//553 1828//554
f 1828//554 1830//555 1827//551
f 1828//554 1832//556 1831//557
f 423//558 770//559 35//524
f 424//560 1824//552 423//558
f 424//560 1826//561 1825//550
f 425//562 765//563 1826//561
f 1826//561 766//564 1829//553
f 1829//553 767//565 1832//556
f 1832//556 89//566 764//567
f 1831//557 764//567 763//568
f 1831//557 762//569 1830//555
f 1830//555 95//570 768//571
f 1827//551 768//571 769//572
f 1824//552 769//572 770//559
f 1833//573 1837//574 1836//575
f 1834//576 1838//577 1837//574
f 1836//575 1840//578 1839//579
f 1837//574 1841//580 1840//578
f 28//180 1833//573 347//181
f 372//416 1834//576 1833//573
f 373//425 1835//581 1834//576
f 374//424 348//285 1835//581
f 1835//581 349//299 1838//577
f 1838//577 350//298 1841//580
f 1841//580 55//297 515//582
f 1840//578 515//582 514//583
f 1839//579 514//583 513//584
f 345//585 513//584 53//183
f 346//182 1839//579 345//585
f 347//181 1836//575 346//182
f 1842//586 1846//587 1845//588
f 1844//589 1846//587 1843//590
f 1845//588 1849//591 1848//592
f 1847//593 1849//591 1846//587
f 21//336 1842//586 383//435
f 425//562 1843//590 1842//586
f 423//558 1843//590 424//560
f 35//524 1844//589 423//558
f 426//594 1847//593 1844//589
f 427//595 1850//596 1847//593
f 1850//596 58//597 534//598
f 1849//591 534//598 535//599
f 1848//592 535//599 536//600
f 381//437 536//600 52//438
f 382//436 1848//592 381//437
f 383//435 1845//588 382//436
f 1852//601 1854//602 1851//603
f 1853//604 1855//605 1852//601
f 1855//605 1857//606 1854//602
f 1856//607 1858//608 1855//605
f 452//609 479//392 43//317
f 451//610 1851//603 452//609
f 450//611 1852//601 451//610
f 40//612 1853//604 450//611
f 476//613 1856//607 1853//604
f 475//614 1859//615 1856//607
f 474//616 471//617 1859//615
f 1859//615 472//618 1858//608
f 1858//608 473//619 1857//606
f 1857//606 48//395 477//394
f 1854//602 477//394 478//393
f 1851//603 478//393 479//392
f 1861//620 1863//620 1860//620
f 1862//620 1864//620 1861//620
f 1864//620 1866//620 1863//620
f 1865//620 1867//620 1864//620
f 608//620 441//621 61//621
f 607//620 1860//620 608//620
f 606//620 1861//620 607//620
f 62//622 1862//620 606//620
f 566//622 1865//620 1862//620
f 565//622 1868//620 1865//620
f 1868//620 40//612 435//623
f 1868//620 436//623 1867//620
f 1867//620 437//623 1866//620
f 1866//620 41//624 443//621
f 442//621 1866//620 443//621
f 441//621 1863//620 442//621
f 1869//625 1873//626 1872//626
f 1871//625 1873//626 1870//625
f 1873//626 1875//627 1872//626
f 1873//626 1877//627 1876//627
f 41//624 1869//625 455//628
f 436//623 1869//625 437//623
f 435//623 1870//625 436//623
f 435//623 450//611 1871//625
f 1871//625 451//610 1874//626
f 1874//626 452//609 1877//627
f 452//609 447//316 1877//627
f 1876//627 447//316 448//315
f 1876//627 449//314 1875//627
f 453//629 449//314 44//274
f 1872//626 453//629 454//630
f 1869//625 454//630 455//628
f 1878//631 1882//632 1881//633
f 1879//634 1883//635 1882//632
f 1881//633 1885//636 1884//637
f 1882//632 1886//638 1885//636
f 71//639 1878//631 687//640
f 444//641 1879//634 1878//631
f 445//642 1880//643 1879//634
f 446//644 432//645 1880//643
f 1880//643 433//646 1883//635
f 1883//635 434//647 1886//638
f 1886//638 39//648 470//649
f 1885//636 470//649 469//650
f 1884//637 469//650 468//651
f 689//652 468//651 72//653
f 688//654 1884//637 689//652
f 687//640 1881//633 688//654
f 1887//655 1891//656 1890//657
f 1888//658 1892//659 1891//656
f 1890//657 1894//660 1893//661
f 1891//656 1895//662 1894//660
f 41//624 1887//655 467//663
f 455//628 1888//658 1887//655
f 454//630 1889//664 1888//658
f 453//629 464//272 1889//664
f 1889//664 463//271 1892//659
f 1892//659 462//270 1895//662
f 1895//662 46//269 459//476
f 1894//660 459//476 460//475
f 1893//661 460//475 461//474
f 465//665 461//474 45//666
f 466//667 1893//661 465//665
f 467//663 1890//657 466//667
f 1896//668 1900//669 1899//669
f 1898//668 1900//669 1897//668
f 1899//669 1903//670 1902//670
f 1900//669 1904//670 1903//670
f 441//621 600//668 61//621
f 441//621 1897//668 1896//668
f 442//621 1898//668 1897//668
f 41//624 1898//668 443//621
f 467//663 1901//669 1898//668
f 1901//669 465//665 1904//670
f 1904//670 45//666 458//671
f 1903//670 458//671 457//671
f 1903//670 456//671 1902//670
f 602//670 456//671 63//671
f 601//669 1902//670 602//670
f 1896//668 601//669 600//668
f 1906//672 1908//673 1905//674
f 1906//672 1910//675 1909//676
f 1909//676 1911//677 1908//673
f 1909//676 1913//678 1912//679
f 290//202 321//352 15//204
f 289//201 1905//674 290//202
f 289//201 1907//680 1906//672
f 288//200 480//681 1907//680
f 1907//680 481//682 1910//675
f 1910//675 482//683 1913//678
f 1913//678 37//684 429//685
f 1912//679 429//685 430//686
f 1912//679 431//687 1911//677
f 1911//677 38//688 323//355
f 1908//673 323//355 322//353
f 1905//674 322//353 321//352
f 1914//689 1918//690 1917//691
f 1915//692 1919//693 1918//690
f 1917//691 1921//694 1920//695
f 1918//690 1922//696 1921//694
f 14//231 1914//689 480//681
f 309//538 1915//692 1914//689
f 310//549 1916//697 1915//692
f 311//548 483//698 1916//697
f 1916//697 484//699 1919//693
f 1919//693 485//700 1922//696
f 1922//696 39//648 434//647
f 1921//694 434//647 433//646
f 1920//695 433//646 432//645
f 482//683 432//645 37//684
f 481//682 1920//695 482//683
f 480//681 1917//691 481//682
f 1923//701 1927//702 1926//703
f 1924//704 1928//705 1927//702
f 1926//703 1930//706 1929//707
f 1927//702 1931//708 1930//706
f 34//510 1923//701 488//709
f 411//519 1924//704 1923//701
f 412//529 1925//710 1924//704
f 413//528 332//387 1925//710
f 1925//710 331//397 1928//705
f 1928//705 330//396 1931//708
f 1931//708 48//395 473//619
f 1930//706 473//619 472//618
f 1929//707 472//618 471//617
f 486//711 471//617 47//712
f 487//713 1929//707 486//711
f 488//709 1926//703 487//713
f 1933//714 1935//715 1932//714
f 1934//714 1936//715 1933//714
f 1935//715 1939//716 1938//716
f 1936//715 1940//716 1939//716
f 60//501 1932//714 597//717
f 559//500 1932//714 560//500
f 559//500 1934//714 1933//714
f 34//510 1934//714 558//500
f 488//709 1937//715 1934//714
f 1937//715 486//711 1940//716
f 1940//716 47//712 570//718
f 1940//716 571//718 1939//716
f 1939//716 572//718 1938//716
f 1938//716 64//718 599//719
f 1935//715 599//719 598//720
f 1932//714 598//720 597//717
f 1941//721 1945//722 1944//723
f 1942//724 1946//725 1945//722
f 1944//723 1948//726 1947//727
f 1945//722 1949//728 1948//726
f 73//729 1941//721 684//730
f 495//731 1942//724 1941//721
f 496//732 1943//733 1942//724
f 497//734 518//735 1943//733
f 1943//733 517//736 1946//725
f 1946//725 516//737 1949//728
f 1949//728 54//738 512//739
f 1948//726 512//739 511//740
f 1947//727 511//740 510//741
f 686//742 510//741 74//743
f 685//744 1947//727 686//742
f 684//730 1944//723 685//744
f 1950//745 1954//746 1953//746
f 1952//745 1954//746 1951//745
f 1954//746 1956//747 1953//746
f 1954//746 1958//747 1957//747
f 50//748 1950//745 509//749
f 494//750 1951//745 1950//745
f 492//750 1951//745 493//750
f 492//750 504//751 1952//745
f 1952//745 505//752 1955//746
f 1955//746 506//753 1958//747
f 1958//747 51//442 501//441
f 1957//747 501//441 502//440
f 1956//747 502//440 503//439
f 507//754 503//439 52//438
f 1953//746 507//754 508//755
f 1950//745 508//755 509//749
f 1960//756 1962//756 1959//756
f 1960//756 1964//756 1963//756
f 1963//756 1965//756 1962//756
f 1964//756 1966//756 1963//756
f 593//756 498//757 66//757
f 592//756 1959//756 593//756
f 591//756 1960//756 592//756
f 65//758 1961//756 591//756
f 1961//756 574//758 1964//756
f 574//758 1967//756 1964//756
f 1967//756 49//759 492//750
f 1967//756 493//750 1966//756
f 1966//756 494//750 1965//756
f 1965//756 50//748 500//757
f 499//757 1965//756 500//757
f 498//757 1962//756 499//757
f 1969//760 1971//761 1968//762
f 1970//763 1972//764 1969//760
f 1972//764 1974//765 1971//761
f 1973//766 1975//767 1972//764
f 506//753 524//294 51//442
f 505//752 1968//762 506//753
f 504//751 1969//760 505//752
f 49//759 1970//763 504//751
f 521//768 1973//766 1970//763
f 520//769 1976//770 1973//766
f 519//771 513//584 1976//770
f 1976//770 514//583 1975//767
f 1975//767 515//582 1974//765
f 1974//765 55//297 522//296
f 1971//761 522//296 523//295
f 1968//762 523//295 524//294
f 1978//772 1980//773 1977//772
f 1979//772 1981//774 1978//772
f 1980//773 1984//775 1983//775
f 1981//774 1985//775 1984//775
f 498//757 588//772 66//757
f 498//757 1978//772 1977//772
f 499//757 1979//772 1978//772
f 50//748 1979//772 500//757
f 537//776 1982//774 1979//772
f 538//777 1985//775 1982//774
f 1985//775 57//778 527//779
f 1985//775 526//779 1984//775
f 1984//775 525//779 1983//775
f 1983//775 68//779 590//775
f 1980//773 590//775 589//773
f 1977//772 589//773 588//772
f 1986//780 1990//781 1989//782
f 1987//783 1991//784 1990//781
f 1989//782 1993//785 1992//786
f 1990//781 1994//787 1993//785
f 50//748 1986//780 537//776
f 509//749 1987//783 1986//780
f 508//755 1988//788 1987//783
f 507//754 536//600 1988//788
f 1988//788 535//599 1991//784
f 1991//784 534//598 1994//787
f 1994//787 58//597 528//789
f 1993//785 528//789 529//790
f 1992//786 529//790 530//791
f 539//792 530//791 57//778
f 538//777 1992//786 539//792
f 537//776 1989//782 538//777
f 1996//793 1998//794 1995//795
f 1997//796 1999//797 1996//793
f 1999//797 2001//798 1998//794
f 2000//799 2002//800 1999//797
f 408//523 426//594 35//524
f 409//522 1995//795 408//523
f 410//521 1996//793 409//522
f 33//506 1997//796 410//521
f 543//801 2000//799 1997//796
f 544//802 2003//803 2000//799
f 545//804 530//791 2003//803
f 2003//803 529//790 2002//800
f 2002//800 528//789 2001//798
f 2001//798 58//597 428//805
f 1998//794 428//805 427//595
f 1995//795 427//595 426//594
f 2004//806 2008//807 2007//808
f 2005//809 2009//810 2008//807
f 2007//808 2011//811 2010//812
f 2008//807 2012//813 2011//811
f 16//218 2004//806 324//242
f 380//370 2005//809 2004//806
f 379//377 2006//814 2005//809
f 378//376 542//815 2006//814
f 2006//814 541//816 2009//810
f 2009//810 540//817 2012//813
f 2012//813 54//738 516//737
f 2011//811 516//737 517//736
f 2010//812 517//736 518//735
f 326//244 518//735 19//245
f 325//243 2010//812 326//244
f 324//242 2007//808 325//243
f 2014//818 2016//819 2013//820
f 2015//821 2017//822 2014//818
f 2017//822 2019//823 2016//819
f 2018//824 2020//825 2017//822
f 76//826 2013//820 681//827
f 643//828 2013//820 644//829
f 642//830 2014//818 643//828
f 31//543 2015//821 642//830
f 546//831 2018//824 2015//821
f 547//832 2021//833 2018//824
f 2021//833 56//834 654//835
f 2021//833 655//836 2020//825
f 2020//825 656//837 2019//823
f 2019//823 80//838 683//839
f 2016//819 683//839 682//840
f 681//827 2016//819 682//840
f 2023//841 2025//842 2022//843
f 2024//844 2026//845 2023//841
f 2026//845 2028//846 2025//842
f 2027//847 2029//848 2026//845
f 422//542 546//831 31//543
f 421//541 2022//843 422//542
f 420//540 2023//841 421//541
f 13//46 2024//844 420//540
f 320//240 2027//847 2024//844
f 319//251 2030//849 2027//847
f 318//250 531//850 2030//849
f 2030//849 532//851 2029//848
f 2029//848 533//852 2028//846
f 2028//846 56//834 548//853
f 2025//842 548//853 547//832
f 2022//843 547//832 546//831
f 2032//854 2034//855 2031//854
f 2033//854 2035//855 2032//854
f 2035//855 2037//856 2034//855
f 2036//855 2038//856 2035//855
f 33//506 2031//854 543//801
f 400//505 2031//854 401//505
f 399//505 2032//854 400//505
f 59//504 2033//854 399//505
f 585//857 2036//855 2033//854
f 2036//855 587//858 2039//856
f 587//858 525//779 2039//856
f 2039//856 526//779 2038//856
f 2037//856 526//779 527//779
f 2037//856 57//778 545//804
f 544//802 2037//856 545//804
f 2031//854 544//802 543//801
f 2041//772 2043//774 2040//772
f 2042//772 2044//773 2041//772
f 2044//773 2046//775 2043//774
f 2044//773 2048//775 2047//775
f 576//757 678//859 79//860
f 577//757 2040//772 576//757
f 578//757 2041//772 577//757
f 66//757 2042//772 578//757
f 588//772 2045//773 2042//772
f 2045//773 590//775 2048//775
f 590//775 584//861 2048//775
f 2048//775 583//862 2047//775
f 2047//775 582//863 2046//775
f 2046//775 80//838 680//864
f 679//865 2046//775 680//864
f 2040//772 679//865 678//859
f 2050//756 2052//756 2049//756
f 2050//756 2054//756 2053//756
f 2053//756 2055//756 2052//756
f 2053//756 2057//756 2056//756
f 79//860 2049//756 576//757
f 676//866 2049//756 677//866
f 675//866 2050//756 676//866
f 73//729 2051//756 675//866
f 2051//756 634//758 2054//756
f 634//758 2057//756 2054//756
f 633//758 591//756 2057//756
f 2056//756 591//756 592//756
f 2056//756 593//756 2055//756
f 2055//756 66//757 578//757
f 2052//756 578//757 577//757
f 2049//756 577//757 576//757
f 2059//867 2061//868 2058//867
f 2060//867 2062//868 2059//867
f 2062//868 2064//869 2061//868
f 2063//868 2065//869 2062//868
f 49//759 2058//867 521//768
f 574//758 2058//867 573//758
f 575//758 2059//867 574//758
f 65//758 2060//867 575//758
f 594//867 2063//868 2060//867
f 2063//868 596//869 2066//869
f 596//869 581//184 2066//869
f 2066//869 580//184 2065//869
f 2065//869 579//184 2064//869
f 2064//869 53//183 519//771
f 520//769 2064//869 519//771
f 2058//867 520//769 521//768
f 2068//870 2070//871 2067//872
f 2069//873 2071//874 2068//870
f 2071//874 2073//875 2070//871
f 2072//876 2074//877 2071//874
f 626//878 672//879 70//880
f 625//881 2067//872 626//878
f 625//881 2069//873 2068//870
f 624//882 597//717 2069//873
f 597//717 2072//876 2069//873
f 598//720 2075//883 2072//876
f 599//719 630//884 2075//883
f 2075//883 631//885 2074//877
f 2074//877 632//886 2073//875
f 2073//875 72//653 674//887
f 2070//871 674//887 673//888
f 2067//872 673//888 672//879
f 2077//668 2079//669 2076//668
f 2078//668 2080//669 2077//668
f 2080//669 2082//670 2079//669
f 2080//669 2084//670 2083//670
f 561//621 669//889 77//890
f 561//621 2077//668 2076//668
f 563//621 2077//668 562//621
f 563//621 600//668 2078//668
f 2078//668 601//669 2081//669
f 2081//669 602//670 2084//670
f 602//670 569//891 2084//670
f 2084//670 568//892 2083//670
f 2083//670 567//893 2082//670
f 671//894 567//893 78//496
f 670//895 2082//670 671//894
f 2076//668 670//895 669//889
f 2086//896 2088//897 2085//896
f 2087//896 2089//897 2086//896
f 2089//897 2091//898 2088//897
f 2090//897 2092//898 2089//897
f 40//612 2085//896 476//613
f 565//622 2085//896 564//622
f 566//622 2086//896 565//622
f 62//622 2087//896 566//622
f 603//896 2090//897 2087//896
f 2090//897 605//898 2093//898
f 605//898 572//718 2093//898
f 2093//898 571//718 2092//898
f 2092//898 570//718 2091//898
f 2091//898 47//712 474//616
f 2088//897 474//616 475//614
f 2085//896 475//614 476//613
f 2095//620 2097//620 2094//620
f 2096//620 2098//620 2095//620
f 2098//620 2100//620 2097//620
f 2098//620 2102//620 2101//620
f 77//890 2094//620 561//621
f 667//899 2094//620 668//899
f 667//899 2096//620 2095//620
f 71//639 2096//620 666//899
f 629//622 2099//620 2096//620
f 628//622 2102//620 2099//620
f 627//622 606//620 2102//620
f 2101//620 606//620 607//620
f 2101//620 608//620 2100//620
f 2100//620 61//621 563//621
f 2097//620 563//621 562//621
f 2094//620 562//621 561//621
f 2103//900 2107//901 2106//902
f 2105//903 2107//901 2104//904
f 2107//901 2109//905 2106//902
f 2107//901 2111//906 2110//907
f 70//880 2103//900 626//878
f 665//908 2104//904 2103//900
f 663//909 2104//904 664//910
f 76//826 2105//903 663//909
f 555//911 2108//912 2105//903
f 2108//912 557//913 2111//906
f 2111//906 59//504 609//502
f 2110//907 609//502 610//503
f 2110//907 611//499 2109//905
f 2109//905 60//501 624//882
f 2106//902 624//882 625//881
f 626//878 2106//902 625//881
f 2113//914 2115//915 2112//914
f 2113//914 2117//915 2116//915
f 2116//915 2118//916 2115//915
f 2116//915 2120//916 2119//916
f 27//404 2112//914 392//470
f 364//403 2112//914 365//403
f 364//403 2114//914 2113//914
f 363//403 612//917 2114//914
f 612//917 2117//915 2114//914
f 2117//915 614//918 2120//916
f 614//918 456//671 2120//916
f 2119//916 456//671 457//671
f 2118//916 457//671 458//671
f 2118//916 45//666 390//473
f 391//471 2118//916 390//473
f 2112//914 391//471 392//470
f 2121//919 2125//920 2124//921
f 2123//922 2125//920 2122//923
f 2125//920 2127//924 2124//921
f 2125//920 2129//925 2128//926
f 69//927 2121//919 623//928
f 662//929 2122//923 2121//919
f 660//930 2122//923 661//931
f 75//486 2123//922 660//930
f 549//932 2126//933 2123//922
f 2126//933 551//934 2129//925
f 2129//925 20//402 615//401
f 2128//926 615//401 616//400
f 2128//926 617//399 2127//924
f 2127//924 17//177 621//935
f 2124//921 621//935 622//936
f 623//928 2124//921 622//936
f 2131//937 2133//938 2130//939
f 2132//940 2134//941 2131//937
f 2134//941 2136//942 2133//938
f 2135//943 2137//944 2134//941
f 623//928 657//945 69//927
f 622//936 2130//939 623//928
f 622//936 2132//940 2131//937
f 621//935 618//178 2132//940
f 618//178 2135//943 2132//940
f 619//186 2138//946 2135//943
f 620//185 636//947 2138//946
f 2138//946 637//948 2137//944
f 2137//944 638//949 2136//942
f 2136//942 74//743 659//950
f 2133//938 659//950 658//951
f 2130//939 658//951 657//945
f 2139//952 2143//953 2142//954
f 2140//955 2144//956 2143//953
f 2142//954 2146//957 2145//958
f 2143//953 2147//959 2146//957
f 26//375 2139//952 542//815
f 368//960 2140//955 2139//952
f 367//961 2141//962 2140//955
f 69//927 2141//962 366//963
f 657//945 2144//956 2141//962
f 2144//956 659//950 2147//959
f 2147//959 74//743 510//741
f 2146//957 510//741 511//740
f 2145//958 511//740 512//739
f 540//817 512//739 54//738
f 541//816 2145//958 540//817
f 542//815 2142//954 541//816
f 2149//964 2151//965 2148//966
f 2149//964 2153//967 2152//968
f 2152//968 2154//969 2151//965
f 2152//968 2156//970 2155//971
f 359//374 734//972 26//375
f 358//373 2148//966 359//374
f 358//373 2150//973 2149//964
f 357//372 729//974 2150//973
f 2150//973 730//975 2153//967
f 2153//967 731//976 2156//970
f 2156//970 85//977 717//978
f 2155//971 717//978 718//979
f 2155//971 719//980 2154//969
f 2154//969 86//981 732//982
f 2151//965 732//982 733//983
f 2148//966 733//983 734//972
f 2158//984 2160//985 2157//986
f 2158//984 2162//987 2161//988
f 2161//988 2163//989 2160//985
f 2161//988 2165//990 2164//991
f 642//830 710//992 31//543
f 643//828 2157//986 642//830
f 643//828 2159//993 2158//984
f 644//829 705//994 2159//993
f 2159//993 706//995 2162//987
f 2162//987 707//996 2165//990
f 2165//990 84//997 701//998
f 2164//991 701//998 700//999
f 2164//991 699//1000 2163//989
f 2163//989 81//1001 708//1002
f 2160//985 708//1002 709//1003
f 2157//986 709//1003 710//992
f 2166//1004 2170//1005 2169//1005
f 2167//1004 2171//1006 2170//1005
f 2169//1005 2173//1007 2172//1007
f 2171//1006 2173//1007 2170//1005
f 431//687 645//1008 38//688
f 431//687 2167//1004 2166//1004
f 429//685 2167//1004 430//686
f 429//685 446//644 2168//1004
f 2168//1004 445//642 2171//1006
f 445//642 2174//1007 2171//1006
f 444//641 666//899 2174//1007
f 2173//1007 666//899 667//899
f 2173//1007 668//899 2172//1007
f 2172//1007 77//890 647//1009
f 646//1010 2172//1007 647//1009
f 2166//1004 646//1010 645//1008
f 2176//1011 2178//1012 2175//1013
f 2177//1014 2179//1015 2176//1011
f 2179//1015 2181//1016 2178//1012
f 2180//1017 2182//1018 2179//1015
f 645//1008 438//356 38//688
f 646//1010 2175//1013 645//1008
f 647//1009 2176//1011 646//1010
f 77//890 2177//1014 647//1009
f 669//889 2180//1017 2177//1014
f 670//895 2183//1019 2180//1017
f 671//894 650//494 2183//1019
f 2183//1019 649//493 2182//1018
f 2182//1018 648//492 2181//1016
f 2181//1016 42//359 440//358
f 2178//1012 440//358 439//357
f 2175//1013 439//357 438//356
f 2184//1020 2188//1021 2187//1022
f 2185//1023 2189//1024 2188//1021
f 2187//1022 2191//1025 2190//1026
f 2188//1021 2192//1027 2191//1025
f 32//547 2184//1020 483//698
f 404//1028 2185//1023 2184//1020
f 403//1029 2186//1030 2185//1023
f 70//880 2186//1030 402//1031
f 672//879 2189//1024 2186//1030
f 2189//1024 674//887 2192//1027
f 674//887 468//651 2192//1027
f 2191//1025 468//651 469//650
f 2190//1026 469//650 470//649
f 2190//1026 39//648 485//700
f 484//699 2190//1026 485//700
f 483//698 2187//1022 484//699
f 2193//1032 2197//1033 2196//1033
f 2194//1032 2198//1033 2197//1033
f 2197//1033 2199//1034 2196//1033
f 2197//1033 2201//1034 2200//1034
f 18//249 2193//1032 651//1035
f 490//247 2193//1032 491//248
f 490//247 2195//1036 2194//1032
f 489//246 497//734 2195//1036
f 2195//1036 496//732 2198//1033
f 496//732 2201//1034 2198//1033
f 495//731 675//866 2201//1034
f 2201//1034 676//866 2200//1034
f 2200//1034 677//866 2199//1034
f 2199//1034 79//860 653//1037
f 652//1038 2199//1034 653//1037
f 2193//1032 652//1038 651//1035
f 2203//1039 2205//1040 2202//1041
f 2204//1042 2206//1043 2203//1039
f 2206//1043 2208//1044 2205//1040
f 2207//1045 2209//1046 2206//1043
f 651//1035 531//850 18//249
f 652//1038 2202//1041 651//1035
f 653//1037 2203//1039 652//1038
f 79//860 2204//1042 653//1037
f 678//859 2207//1045 2204//1042
f 679//865 2210//1047 2207//1045
f 680//864 656//837 2210//1047
f 2210//1047 655//836 2209//1046
f 2209//1046 654//835 2208//1044
f 2208//1044 56//834 533//852
f 2205//1040 533//852 532//851
f 2202//1041 532//851 531//850
f 2211//1048 2215//1049 2214//1050
f 2212//1051 2216//1052 2215//1049
f 2214//1050 2218//1053 2217//1054
f 2215//1049 2219//1055 2218//1053
f 557//913 585//857 59//504
f 556//1056 2211//1048 557//913
f 556//1056 2213//1057 2212//1051
f 555//911 681//827 2213//1057
f 2213//1057 682//840 2216//1052
f 2216//1052 683//839 2219//1055
f 2219//1055 80//838 582//863
f 2218//1053 582//863 583//862
f 2217//1054 583//862 584//861
f 587//858 584//861 68//779
f 586//1058 2217//1054 587//858
f 585//857 2214//1050 586//1058
f 2220//867 2224//868 2223//868
f 2222//867 2224//868 2221//867
f 2224//868 2226//869 2223//868
f 2225//868 2227//869 2224//868
f 633//758 594//867 65//758
f 634//758 2220//867 633//758
f 635//758 2221//867 634//758
f 635//758 684//730 2222//867
f 684//730 2225//868 2222//867
f 2225//868 686//742 2228//869
f 686//742 638//949 2228//869
f 2228//869 637//948 2227//869
f 2226//869 637//948 636//947
f 596//869 636//947 67//184
f 2223//868 596//869 595//868
f 594//867 2223//868 595//868
f 2229//896 2233//897 2232//897
f 2231//896 2233//897 2230//896
f 2233//897 2235//898 2232//897
f 2234//897 2236//898 2233//897
f 627//622 603//896 62//622
f 628//622 2229//896 627//622
f 629//622 2230//896 628//622
f 629//622 687//640 2231//896
f 687//640 2234//897 2231//896
f 2234//897 689//652 2237//898
f 689//652 632//886 2237//898
f 2237//898 631//885 2236//898
f 2235//898 631//885 630//884
f 605//898 630//884 64//718
f 2232//897 605//898 604//897
f 603//896 2232//897 604//897
f 2238//1059 2242//1060 2241//1061
f 2239//1062 2243//1063 2242//1060
f 2241//1061 2245//1064 2244//1065
f 2242//1060 2246//1066 2245//1064
f 551//934 612//917 20//402
f 550//1067 2238//1059 551//934
f 550//1067 2240//1068 2239//1062
f 549//932 690//487 2240//1068
f 2240//1068 691//497 2243//1063
f 2243//1063 692//495 2246//1066
f 2246//1066 78//496 567//893
f 2245//1064 567//893 568//892
f 2244//1065 568//892 569//891
f 614//918 569//891 63//671
f 613//1069 2244//1065 614//918
f 612//917 2241//1061 613//1069
f 2248//1070 2250//1071 2247//1072
f 2248//1070 2252//1073 2251//498
f 2250//1071 2254//1074 2253//1075
f 2252//1073 2254//1074 2251//498
f 695//1076 698//1077 82//1078
f 694//1079 2247//1072 695//1076
f 694//1079 2249//1080 2248//1070
f 693//1081 699//1000 2249//1080
f 2249//1080 700//999 2252//1073
f 700//999 2255//1082 2252//1073
f 701//998 702//1083 2255//1082
f 2255//1082 703//1084 2254//1074
f 2253//1075 703//1084 704//1085
f 696//1086 704//1085 83//1087
f 697//1088 2253//1075 696//1086
f 2247//1072 697//1088 698//1077
f 2257//1089 2259//1090 2256//1091
f 2257//1089 2261//1092 2260//1093
f 2260//1093 2262//1094 2259//1090
f 2260//1093 2264//1095 2263//1096
f 663//909 705//994 76//826
f 664//910 2256//1091 663//909
f 664//910 2258//1097 2257//1089
f 665//908 711//1098 2258//1097
f 2258//1097 712//1099 2261//1092
f 2261//1092 713//1100 2264//1095
f 2264//1095 83//1087 704//1085
f 2263//1096 704//1085 703//1084
f 2263//1096 702//1083 2262//1094
f 2262//1094 84//997 707//996
f 2259//1090 707//996 706//995
f 2256//1091 706//995 705//994
f 2266//1101 2268//1102 2265//1103
f 2266//1101 2270//1104 2269//1105
f 2269//1105 2271//1106 2268//1102
f 2269//1105 2273//1107 2272//1108
f 395//546 716//1109 32//547
f 394//545 2265//1103 395//546
f 394//545 2267//1110 2266//1101
f 393//544 710//992 2267//1110
f 2267//1110 709//1003 2270//1104
f 2270//1104 708//1002 2273//1107
f 2273//1107 81//1001 693//1081
f 2272//1108 693//1081 694//1079
f 2272//1108 695//1076 2271//1106
f 2271//1106 82//1078 714//1111
f 2268//1102 714//1111 715//1112
f 2265//1103 715//1112 716//1109
f 2275//1113 2277//1114 2274//1115
f 2275//1113 2279//1116 2278//1117
f 2278//1117 2280//1118 2277//1114
f 2278//1117 2282//1119 2281//1120
f 402//1031 711//1098 70//880
f 403//1029 2274//1115 402//1031
f 403//1029 2276//1121 2275//1113
f 404//1028 716//1109 2276//1121
f 2276//1121 715//1112 2279//1116
f 2279//1116 714//1111 2282//1119
f 2282//1119 82//1078 698//1077
f 2281//1120 698//1077 697//1088
f 2281//1120 696//1086 2280//1118
f 2280//1118 83//1087 713//1100
f 2277//1114 713//1100 712//1099
f 2274//1115 712//1099 711//1098
f 2284//1122 2286//1123 2283//1124
f 2284//1122 2288//1125 2287//398
f 2286//1123 2290//1126 2289//1127
f 2288//1125 2290//1126 2287//398
f 719//980 722//1128 86//981
f 718//979 2283//1124 719//980
f 718//979 2285//1129 2284//1122
f 717//978 723//1130 2285//1129
f 2285//1129 724//1131 2288//1125
f 724//1131 2291//1132 2288//1125
f 725//1133 726//1134 2291//1132
f 2291//1132 727//1135 2290//1126
f 2289//1127 727//1135 728//1136
f 720//1137 728//1136 87//1138
f 721//1139 2289//1127 720//1137
f 2283//1124 721//1139 722//1128
f 2293//1140 2295//1141 2292//1142
f 2293//1140 2297//1143 2296//1144
f 2296//1144 2298//1145 2295//1141
f 2296//1144 2300//1146 2299//1147
f 366//963 737//1148 69//927
f 367//961 2292//1142 366//963
f 367//961 2294//1149 2293//1140
f 368//960 734//972 2294//1149
f 2294//1149 733//983 2297//1143
f 2297//1143 732//982 2300//1146
f 2300//1146 86//981 722//1128
f 2299//1147 722//1128 721//1139
f 2299//1147 720//1137 2298//1145
f 2298//1145 87//1138 735//1150
f 2295//1141 735//1150 736//1151
f 2292//1142 736//1151 737//1148
f 2302//1152 2304//1153 2301//1154
f 2302//1152 2306//1155 2305//1156
f 2305//1156 2307//1157 2304//1153
f 2305//1156 2309//1158 2308//1159
f 639//490 729//974 25//349
f 640//488 2301//1154 639//490
f 640//488 2303//1160 2302//1152
f 641//489 738//1161 2303//1160
f 2303//1160 739//1162 2306//1155
f 2306//1155 740//1163 2309//1158
f 2309//1158 88//1164 725//1133
f 2308//1159 725//1133 724//1131
f 2308//1159 723//1130 2307//1157
f 2307//1157 85//977 731//976
f 2304//1153 731//976 730//975
f 2301//1154 730//975 729//974
f 2311//1165 2313//1166 2310//1167
f 2311//1165 2315//1168 2314//1169
f 2314//1169 2316//1170 2313//1166
f 2314//1169 2318//1171 2317//1172
f 660//930 738//1161 75//486
f 661//931 2310//1167 660//930
f 661//931 2312//1173 2311//1165
f 662//929 737//1148 2312//1173
f 2312//1173 736//1151 2315//1168
f 2315//1168 735//1150 2318//1171
f 2318//1171 87//1138 728//1136
f 2317//1172 728//1136 727//1135
f 2317//1172 726//1134 2316//1170
f 2316//1170 88//1164 740//1163
f 2313//1166 740//1163 739//1162
f 2310//1167 739//1162 738//1161
f 2320//1174 2322//1175 2319//1176
f 2321//1177 2323//1178 2320//1174
f 2323//1178 2325//1179 2322//1175
f 2324//1180 2326//1181 2323//1178
f 749//1182 821//1183 94//1184
f 748//1185 2319//1176 749//1182
f 747//1186 2320//1174 748//1185
f 93//1187 2321//1177 747//1186
f 818//1188 2324//1180 2321//1177
f 817//1189 2327//1190 2324//1180
f 816//1191 795//1192 2327//1190
f 2327//1190 796//1193 2326//1181
f 2326//1181 797//1194 2325//1179
f 2325//1179 102//1195 819//1196
f 2322//1175 819//1196 820//1197
f 2319//1176 820//1197 821//1183
f 2329//1198 2331//1199 2328//1200
f 2330//1201 2332//1202 2329//1198
f 2332//1202 2334//1203 2331//1199
f 2333//1204 2335//1205 2332//1202
f 813//1206 861//1207 91//1208
f 814//1209 2328//1200 813//1206
f 815//1210 2329//1198 814//1209
f 99//1211 2330//1201 815//1210
f 867//1212 2333//1204 2330//1201
f 868//1213 2336//1214 2333//1204
f 2336//1214 110//1215 851//1216
f 2336//1214 850//1217 2335//1205
f 2334//1203 850//1217 849//1218
f 2334//1203 106//1219 863//1220
f 2331//1199 863//1220 862//1221
f 2328//1200 862//1221 861//1207
f 2338//1222 2340//1223 2337//1224
f 2338//1222 2342//1225 2341//1226
f 2341//1226 2343//1227 2340//1223
f 2341//1226 2345//1228 2344//1229
f 386//287 782//1230 24//289
f 385//288 2337//1224 386//287
f 385//288 2339//1231 2338//1222
f 384//286 777//1232 2339//1231
f 2339//1231 778//1233 2342//1225
f 2342//1225 779//1234 2345//1228
f 2345//1228 94//1184 750//1235
f 2344//1229 750//1235 751//568
f 2344//1229 752//1236 2343//1227
f 2343//1227 92//1237 780//1238
f 2340//1223 780//1238 781//1239
f 2337//1224 781//1239 782//1230
f 2347//1240 2349//1241 2346//1242
f 2347//1240 2351//1243 2350//1244
f 2349//1241 2353//1245 2352//1246
f 2350//1244 2354//1247 2353//1245
f 407//527 771//452 36//386
f 406//526 2346//1242 407//527
f 406//526 2348//1248 2347//1240
f 405//525 770//559 2348//1248
f 2348//1248 769//572 2351//1243
f 2351//1243 768//571 2354//1247
f 2354//1247 95//570 756//1249
f 2353//1245 756//1249 757//1250
f 2352//1246 757//1250 758//1251
f 773//455 758//1251 96//1252
f 772//453 2352//1246 773//455
f 2346//1242 772//453 771//452
f 2356//1253 2358//1254 2355//1255
f 2356//1253 2360//1256 2359//1257
f 2358//1254 2362//1258 2361//1259
f 2359//1257 2363//1260 2362//1258
f 339//330 785//1261 23//260
f 340//331 2355//1255 339//330
f 340//331 2357//1262 2356//1253
f 341//329 782//1230 2357//1262
f 2357//1262 781//1239 2360//1256
f 2360//1256 780//1238 2363//1260
f 2363//1260 92//1237 746//1263
f 2362//1258 746//1263 745//1264
f 2361//1259 745//1264 744//1265
f 783//1266 744//1265 91//1208
f 784//1267 2361//1259 783//1266
f 2355//1255 784//1267 785//1261
f 2365//1268 2367//1269 2364//1270
f 2365//1268 2369//1271 2368//1272
f 2368//1272 2370//1273 2367//1269
f 2369//1271 2371//1274 2368//1272
f 333//335 765//563 21//336
f 334//334 2364//1270 333//335
f 334//334 2366//1275 2365//1268
f 335//333 776//450 2366//1275
f 2366//1275 775//461 2369//1271
f 775//461 2372//1276 2369//1271
f 774//459 743//1277 2372//1276
f 2372//1276 742//1278 2371//1274
f 2371//1274 741//1279 2370//1273
f 2370//1273 89//566 767//565
f 2367//1269 767//565 766//564
f 2364//1270 766//564 765//563
f 2374//1280 2376//1281 2373//1282
f 2374//1280 2378//1283 2377//1284
f 2376//1281 2380//1285 2379//1286
f 2378//1283 2380//1285 2377//1284
f 387//263 788//1287 29//265
f 388//264 2373//1282 387//263
f 388//264 2375//1288 2374//1280
f 389//262 785//1261 2375//1288
f 2375//1288 784//1267 2378//1283
f 784//1267 2381//1289 2378//1283
f 783//1266 755//1290 2381//1289
f 2381//1289 754//1291 2380//1285
f 2379//1286 754//1291 753//1292
f 786//1293 753//1292 93//1187
f 787//1294 2379//1286 786//1293
f 2373//1282 787//1294 788//1287
f 2383//1295 2385//1296 2382//1297
f 2383//1295 2387//1298 2386//1299
f 2386//1299 2388//1300 2385//1296
f 2387//1298 2389//1301 2386//1299
f 371//423 777//1232 30//284
f 370//422 2382//1297 371//423
f 370//422 2384//1302 2383//1295
f 369//421 788//1287 2384//1302
f 2384//1302 787//1294 2387//1298
f 787//1294 2390//1303 2387//1298
f 786//1293 747//1186 2390//1303
f 2390//1303 748//1185 2389//1301
f 2389//1301 749//1182 2388//1300
f 2388//1300 94//1184 779//1234
f 2385//1296 779//1234 778//1233
f 2382//1297 778//1233 777//1232
f 2392//1304 2394//1305 2391//1306
f 2393//1307 2395//1308 2392//1304
f 2394//1305 2398//1309 2397//1310
f 2395//1308 2399//1311 2398//1309
f 792//1312 803//1313 99//1211
f 793//1314 2391//1306 792//1312
f 794//1315 2392//1304 793//1314
f 100//1316 2393//1307 794//1315
f 800//1317 2396//1318 2393//1307
f 2396//1318 798//1319 2399//1311
f 2399//1311 102//1195 797//1194
f 2398//1309 797//1194 796//1193
f 2397//1310 796//1193 795//1192
f 801//1320 795//1192 101//1321
f 802//1322 2397//1310 801//1320
f 2391//1306 802//1322 803//1313
f 2400//1323 2404//1324 2403//1325
f 2401//1326 2405//1305 2404//1324
f 2404//1324 2406//1327 2403//1325
f 2405//1305 2407//1328 2404//1324
f 97//1329 2400//1323 812//1330
f 789//1331 2401//1326 2400//1323
f 790//1332 2402//1333 2401//1326
f 791//1334 809//1335 2402//1333
f 2402//1333 808//1322 2405//1305
f 808//1322 2408//1336 2405//1305
f 807//1337 806//1338 2408//1336
f 2408//1336 805//1339 2407//1328
f 2407//1328 804//1340 2406//1327
f 2406//1327 103//1341 810//1342
f 2403//1325 810//1342 811//1343
f 812//1330 2403//1325 811//1343
f 2410//1344 2412//1345 2409//1346
f 2411//1347 2413//1348 2410//1344
f 2413//1348 2415//1349 2412//1345
f 2414//1350 2416//1351 2413//1348
f 741//1279 827//1352 89//566
f 742//1278 2409//1346 741//1279
f 743//1277 2410//1344 742//1278
f 90//460 2411//1347 743//1277
f 822//1353 2414//1350 2411//1347
f 823//1354 2417//1355 2414//1350
f 824//1356 791//1334 2417//1355
f 2417//1355 790//1332 2416//1351
f 2416//1351 789//1331 2415//1349
f 2415//1349 97//1329 825//1357
f 2412//1345 825//1357 826//1358
f 2409//1346 826//1358 827//1352
f 2419//1359 2421//1360 2418//1361
f 2419//1359 2423//1362 2422//1363
f 2422//1363 2424//1364 2421//1360
f 2422//1363 2426//1365 2425//1366
f 762//569 830//1367 95//570
f 763//568 2418//1361 762//569
f 763//568 2420//1368 2419//1359
f 764//567 827//1352 2420//1368
f 2420//1368 826//1358 2423//1362
f 2423//1362 825//1357 2426//1365
f 2426//1365 97//1329 812//1330
f 2426//1365 811//1343 2425//1366
f 2424//1364 811//1343 810//1342
f 2424//1364 103//1341 828//1369
f 2421//1360 828//1369 829//1370
f 2418//1361 829//1370 830//1367
f 2427//1371 2431//1372 2430//1373
f 2428//1374 2432//1375 2431//1372
f 2430//1373 2434//1376 2433//1377
f 2431//1372 2435//1378 2434//1376
f 96//1252 2427//1371 833//1379
f 758//1251 2428//1374 2427//1371
f 757//1250 2429//1380 2428//1374
f 756//1249 830//1367 2429//1380
f 2429//1380 829//1370 2432//1375
f 2432//1375 828//1369 2435//1378
f 2435//1378 103//1341 804//1340
f 2434//1376 804//1340 805//1339
f 2433//1377 805//1339 806//1338
f 831//1381 806//1338 104//1382
f 832//1383 2433//1377 831//1381
f 833//1379 2430//1373 832//1383
f 2437//1359 2439//1384 2436//1385
f 2437//1359 2441//1386 2440//1387
f 2440//1387 2442//1388 2439//1384
f 2440//1387 2444//1389 2443//1390
f 752//1236 836//1391 92//1237
f 751//568 2436//1385 752//1236
f 751//568 2438//1392 2437//1359
f 750//1235 821//1183 2438//1392
f 2438//1392 820//1197 2441//1386
f 2441//1386 819//1196 2444//1389
f 2444//1389 102//1195 798//1319
f 2444//1389 799//1393 2443//1390
f 2442//1388 799//1393 800//1317
f 2442//1388 100//1316 834//1394
f 2439//1384 834//1394 835//1395
f 2436//1385 835//1395 836//1391
f 2445//1396 2449//1397 2448//1398
f 2446//1399 2450//1400 2449//1397
f 2448//1398 2452//1401 2451//1402
f 2449//1397 2453//1403 2452//1401
f 91//1208 2445//1396 813//1206
f 744//1265 2446//1399 2445//1396
f 745//1264 2447//1404 2446//1399
f 746//1263 836//1391 2447//1404
f 2447//1404 835//1395 2450//1400
f 2450//1400 834//1394 2453//1403
f 2453//1403 100//1316 794//1315
f 2452//1401 794//1315 793//1314
f 2451//1402 793//1314 792//1312
f 815//1210 792//1312 99//1211
f 814//1209 2451//1402 815//1210
f 813//1206 2448//1398 814//1209
f 2454//1405 2458//1406 2457//1407
f 2456//1408 2458//1406 2455//1409
f 2457//1407 2461//1410 2460//1411
f 2459//1412 2461//1410 2458//1406
f 93//1187 2454//1405 866//1413
f 753//1292 2455//1409 2454//1405
f 755//1290 2455//1409 754//1291
f 91//1208 2456//1408 755//1290
f 861//1207 2459//1412 2456//1408
f 862//1221 2462//1414 2459//1412
f 2462//1414 106//1219 839//1415
f 2461//1410 839//1415 838//1416
f 2461//1410 837//1417 2460//1411
f 2460//1411 105//1418 864//1419
f 865//1420 2460//1411 864//1419
f 866//1413 2457//1407 865//1420
f 2463//1421 2467//620 2466//1422
f 2465//1423 2467//620 2464//1424
f 2467//620 2469//1425 2466//1422
f 2467//620 2471//1426 2470//1427
f 105//1418 2463//1421 854//1428
f 837//1417 2464//1424 2463//1421
f 839//1415 2464//1424 838//1416
f 106//1219 2465//1423 839//1415
f 849//1218 2468//1429 2465//1423
f 2468//1429 851//1216 2471//1426
f 2471//1426 110//1215 845//1430
f 2470//1427 845//1430 844//1431
f 2470//1427 843//1432 2469//1425
f 2469//1425 109//1433 852//1434
f 2466//1422 852//1434 853//1435
f 854//1428 2466//1422 853//1435
f 2472//1436 2476//620 2475//1437
f 2474//1438 2476//620 2473//1424
f 2476//620 2478//1439 2475//1437
f 2476//620 2480//1440 2479//1441
f 108//1442 2472//1436 855//1443
f 842//1444 2473//1424 2472//1436
f 840//1445 2473//1424 841//1446
f 107//1447 2474//1438 840//1445
f 860//1448 2477//1449 2474//1438
f 2477//1449 858//1450 2480//1440
f 2480//1440 111//1451 846//1452
f 2479//1441 846//1452 847//1453
f 2479//1441 848//1454 2478//1439
f 2478//1439 112//1455 857//1456
f 2475//1437 857//1456 856//1457
f 855//1443 2475//1437 856//1457
f 2482//1458 2484//1459 2481//1460
f 2482//1458 2486//1461 2485//1462
f 2485//1462 2487//1463 2484//1459
f 2485//1462 2489//1464 2488//1465
f 807//1337 875//1466 104//1382
f 808//1322 2481//1460 807//1337
f 808//1322 2483//1467 2482//1458
f 809//1335 870//1468 2483//1467
f 2483//1467 871//1469 2486//1461
f 2486//1461 872//1470 2489//1464
f 2489//1464 112//1455 848//1454
f 2488//1465 848//1454 847//1453
f 2488//1465 846//1452 2487//1463
f 2487//1463 111//1451 873//1471
f 2484//1459 873//1471 874//1472
f 2481//1460 874//1472 875//1466
f 2491//1458 2493//1473 2490//1474
f 2491//1458 2495//1475 2494//1462
f 2494//1462 2496//1476 2493//1473
f 2494//1462 2498//1477 2497//1478
f 803//1313 867//1212 99//1211
f 802//1322 2490//1474 803//1313
f 802//1322 2492//1479 2491//1458
f 801//1320 876//1480 2492//1479
f 2492//1479 877//1481 2495//1475
f 2495//1475 878//1482 2498//1477
f 2498//1477 109//1433 843//1432
f 2497//1478 843//1432 844//1431
f 2497//1478 845//1430 2496//1476
f 2496//1476 110//1215 869//1483
f 2493//1473 869//1483 868//1213
f 2490//1474 868//1213 867//1212
f 2499//1484 2503//1485 2502//1486
f 2500//1487 2504//1488 2503//1485
f 2502//1486 2506//1489 2505//1490
f 2503//1485 2507//1491 2506//1489
f 98//1492 2499//1484 870//1468
f 824//1356 2500//1487 2499//1484
f 823//1354 2501//1493 2500//1487
f 822//1353 879//1494 2501//1493
f 2501//1493 880//1495 2504//1488
f 2504//1488 881//1496 2507//1491
f 2507//1491 108//1442 855//1443
f 2506//1489 855//1443 856//1457
f 2505//1490 856//1457 857//1456
f 2505//1490 112//1455 872//1470
f 871//1469 2505//1490 872//1470
f 870//1468 2502//1486 871//1469
f 2508//1497 2512//1498 2511//1499
f 2509//1500 2513//1501 2512//1498
f 2511//1499 2515//1502 2514//1503
f 2512//1498 2516//1504 2515//1502
f 101//1321 2508//1497 876//1480
f 816//1191 2509//1500 2508//1497
f 817//1189 2510//1505 2509//1500
f 818//1188 866//1413 2510//1505
f 2510//1505 865//1420 2513//1501
f 2513//1501 864//1419 2516//1504
f 2516//1504 105//1418 854//1428
f 2516//1504 853//1435 2515//1502
f 2514//1503 853//1435 852//1434
f 2514//1503 109//1433 878//1482
f 877//1481 2514//1503 878//1482
f 876//1480 2511//1499 877//1481
f 2518//1506 2520//1507 2517//1508
f 2519//1509 2521//1510 2518//1506
f 2521//1510 2523//1511 2520//1507
f 2522//1512 2524//1513 2521//1510
f 833//1379 884//1514 96//1252
f 832//1383 2517//1508 833//1379
f 831//1381 2518//1506 832//1383
f 104//1382 2519//1509 831//1381
f 875//1466 2522//1512 2519//1509
f 874//1472 2525//1515 2522//1512
f 2525//1515 111//1451 858//1450
f 2525//1515 859//1516 2524//1513
f 2524//1513 860//1448 2523//1511
f 2523//1511 107//1447 882//1517
f 2520//1507 882//1517 883//1518
f 2517//1508 883//1518 884//1514
f 2526//1519 2530//1520 2529//1521
f 2528//1522 2530//1520 2527//1523
f 2529//1521 2533//1524 2532//1525
f 2531//1526 2533//1524 2530//1520
f 90//460 2526//1519 879//1494
f 761//458 2527//1523 2526//1519
f 759//456 2527//1523 760//457
f 96//1252 2528//1522 759//456
f 884//1514 2531//1526 2528//1522
f 883//1518 2534//1527 2531//1526
f 2534//1527 107//1447 840//1445
f 2533//1524 840//1445 841//1446
f 2533//1524 842//1444 2532//1525
f 2532//1525 108//1442 881//1496
f 880//1495 2532//1525 881//1496
f 879//1494 2529//1521 880//1495
f 2535//4 2539//2 2538//5
f 2537//7 2539//2 2536//16
f 2539//2 2541//1 2538//5
f 2539//2 2543//6 2542//3
f 113//14 2535//4 905//12
f 894//15 2536//16 2535//4
f 896//17 2536//16 895//1528
f 115//18 2537//7 896//17
f 885//19 2540//8 2537//7
f 2540//8 887//21 2543//6
f 2543//6 119//22 912//23
f 2542//3 912//23 913//24
f 2542//3 914//10 2541//1
f 2541//1 117//9 903//11
f 2538//5 903//11 904//13
f 905//12 2538//5 904//13
f 2544//1529 2548//1530 2547//1531
f 2545//1532 2549//1533 2548//1530
f 2548//1530 2550//1534 2547//1531
f 2549//1533 2551//1535 2548//1530
f 962//1536 932//1537 120//1538
f 962//1536 2545//1532 2544//1529
f 961//1539 2546//1540 2545//1532
f 960//1541 956//1542 2546//1540
f 2546//1540 955//1543 2549//1533
f 955//1543 2552//1544 2549//1533
f 954//1545 959//1546 2552//1544
f 2552//1544 958//1547 2551//1535
f 2551//1535 957//1548 2550//1534
f 930//1549 957//1548 118//1550
f 931//1551 2550//1534 930//1549
f 2544//1529 931//1551 932//1537
f 2554//49 2556//53 2553//54
f 2554//49 2558//48 2557//52
f 2557//52 2559//55 2556//53
f 2557//52 2561//51 2560//61
f 122//65 2553//54 893//64
f 890//66 2554//49 2553//54
f 888//57 2554//49 889//67
f 121//56 2555//50 888//57
f 2555//50 916//58 2558//48
f 2558//48 917//60 2561//51
f 2561//51 119//22 887//21
f 2560//61 887//21 886//20
f 2560//61 885//19 2559//55
f 2559//55 115//18 891//62
f 2556//53 891//62 892//63
f 2553//54 892//63 893//64
f 2563//1552 2565//105 2562//106
f 2563//1552 2567//100 2566//104
f 2566//104 2568//107 2565//105
f 2566//104 2570//103 2569//109
f 123//92 2562//106 902//95
f 899//110 2563//1552 2562//106
f 897//108 2563//1552 898//111
f 122//65 2564//102 897//108
f 2564//102 892//63 2567//100
f 2567//100 891//62 2570//103
f 2570//103 115//18 896//17
f 2569//109 896//17 895//1528
f 2569//109 894//15 2568//107
f 2568//107 113//14 900//96
f 2565//105 900//96 901//94
f 2562//106 901//94 902//95
f 2572//85 2574//89 2571//90
f 2572//85 2576//84 2575//88
f 2575//88 2577//91 2574//89
f 2575//88 2579//87 2578//97
f 124//76 2571//90 911//79
f 908//98 2572//85 2571//90
f 906//93 2572//85 907//99
f 123//92 2573//86 906//93
f 2573//86 901//94 2576//84
f 2576//84 900//96 2579//87
f 2579//87 113//14 905//12
f 2578//97 905//12 904//13
f 2578//97 903//11 2577//91
f 2577//91 117//9 909//80
f 2574//89 909//80 910//78
f 2571//90 910//78 911//79
f 2581//69 2583//73 2580//74
f 2581//69 2585//68 2584//72
f 2584//72 2586//75 2583//73
f 2584//72 2588//71 2587//81
f 121//56 2580//74 915//59
f 920//82 2581//69 2580//74
f 918//1553 2581//69 919//83
f 124//76 2582//70 918//1553
f 2582//70 910//78 2585//68
f 2585//68 909//80 2588//71
f 2588//71 117//9 914//10
f 2587//81 914//10 913//24
f 2587//81 912//23 2586//75
f 2586//75 119//22 917//60
f 2583//73 917//60 916//58
f 2580//74 916//58 915//59
f 2589//115 2593//113 2592//116
f 2590//119 2594//117 2593//113
f 2593//113 2595//112 2592//116
f 2594//117 2596//114 2593//113
f 120//1538 2589//115 921//1554
f 935//125 2590//119 2589//115
f 934//1555 2591//127 2590//119
f 933//128 888//57 2591//127
f 2591//127 889//67 2594//117
f 889//67 2597//118 2594//117
f 890//66 938//129 2597//118
f 2597//118 937//130 2596//114
f 2596//114 936//120 2595//112
f 2595//112 116//1556 923//1557
f 2592//116 923//1557 922//123
f 921//1554 2592//116 922//123
f 2598//166 2602//164 2601//167
f 2599//170 2603//168 2602//164
f 2602//164 2604//163 2601//167
f 2603//168 2605//165 2602//164
f 116//1556 2598//166 924//1558
f 936//120 2599//170 2598//166
f 937//130 2600//171 2599//170
f 938//129 897//108 2600//171
f 2600//171 898//111 2603//168
f 898//111 2606//169 2603//168
f 899//110 941//162 2606//169
f 2606//169 940//160 2605//165
f 2605//165 939//159 2604//163
f 2604//163 114//1559 926//1560
f 2601//167 926//1560 925//1561
f 924//1558 2601//167 925//1561
f 2607//150 2611//148 2610//151
f 2608//154 2612//152 2611//148
f 2611//148 2613//147 2610//151
f 2612//152 2614//149 2611//148
f 114//1559 2607//150 927//1562
f 939//159 2608//154 2607//150
f 940//160 2609//161 2608//154
f 941//162 906//93 2609//161
f 2609//161 907//99 2612//152
f 907//99 2615//153 2612//152
f 908//98 944//146 2615//153
f 2615//153 943//144 2614//149
f 2614//149 942//143 2613//147
f 2613//147 118//1550 929//1563
f 2610//151 929//1563 928//157
f 927//1562 2610//151 928//157
f 2616//134 2620//132 2619//135
f 2617//138 2621//136 2620//132
f 2620//132 2622//131 2619//135
f 2621//136 2623//133 2620//132
f 118//1550 2616//134 930//1549
f 942//143 2617//138 2616//134
f 943//144 2618//145 2617//138
f 944//146 918//1553 2618//145
f 2618//145 919//83 2621//136
f 919//83 2624//137 2621//136
f 920//82 933//128 2624//137
f 2624//137 934//1555 2623//133
f 2623//133 935//125 2622//131
f 2622//131 120//1538 932//1537
f 2619//135 932//1537 931//1551
f 930//1549 2619//135 931//1551
f 2625//1564 2629//1565 2628//1564
f 2626//1565 2630//1566 2629//1565
f 2629//1565 2631//1564 2628//1564
f 2630//1566 2632//1565 2629//1565
f 1278//1567 1214//1568 129//1569
f 1279//1570 2625//1564 1278//1567
f 1279//1570 2627//1566 2626//1565
f 179//1571 2627//1566 1280//1572
f 1241//1571 2630//1566 2627//1566
f 1240//1571 2633//1566 2630//1566
f 2633//1566 165//1573 1005//1574
f 2633//1566 1006//1575 2632//1565
f 2632//1565 1007//1576 2631//1564
f 2631//1564 140//1577 1212//1568
f 1213//1568 2631//1564 1212//1568
f 1214//1568 2628//1564 1213//1568
f 2634//1578 2638//1579 2637//1580
f 2635//1581 2639//1582 2638//1579
f 2638//1579 2640//1583 2637//1580
f 2639//1582 2641//1584 2638//1579
f 968//1585 926//1560 114//1559
f 968//1585 2635//1581 2634//1578
f 967//1586 2636//1587 2635//1581
f 966//1588 950//1589 2636//1587
f 2636//1587 949//1590 2639//1582
f 949//1590 2642//1591 2639//1582
f 948//1592 965//1593 2642//1591
f 2642//1591 964//1594 2641//1584
f 2641//1584 963//1595 2640//1583
f 924//1558 963//1595 116//1556
f 925//1561 2640//1583 924//1558
f 2634//1578 925//1561 926//1560
f 2643//1596 2647//1597 2646//1598
f 2644//1599 2648//1600 2647//1597
f 2647//1597 2649//1601 2646//1598
f 2648//1600 2650//1602 2647//1597
f 957//1548 929//1563 118//1550
f 958//1547 2643//1596 957//1548
f 958//1547 2645//1603 2644//1599
f 959//1546 953//1604 2645//1603
f 953//1604 2648//1600 2645//1603
f 2648//1600 951//1605 2651//1606
f 951//1605 966//1588 2651//1606
f 2651//1606 967//1586 2650//1602
f 2649//1601 967//1586 968//1585
f 927//1562 968//1585 114//1559
f 928//157 2649//1601 927//1562
f 2643//1596 928//157 929//1563
f 2652//1607 2656//1608 2655//1609
f 2653//1610 2657//1611 2656//1608
f 2656//1608 2658//1612 2655//1609
f 2657//1611 2659//1613 2656//1608
f 963//1595 923//1557 116//1556
f 963//1595 2653//1610 2652//1607
f 964//1594 2654//1614 2653//1610
f 965//1593 947//1615 2654//1614
f 947//1615 2657//1611 2654//1614
f 2657//1611 945//1616 2660//1617
f 945//1616 960//1541 2660//1617
f 2660//1617 961//1539 2659//1613
f 2658//1612 961//1539 962//1536
f 921//1554 962//1536 120//1538
f 922//123 2658//1612 921//1554
f 2652//1607 922//123 923//1557
f 2662//1618 2664//1619 2661//1620
f 2663//1621 2665//1622 2662//1618
f 2664//1619 2668//1623 2667//1624
f 2665//1622 2669//1625 2668//1623
f 980//1626 956//1542 125//1627
f 979//1628 2661//1620 980//1626
f 978//1629 2662//1618 979//1628
f 130//1630 2663//1621 978//1629
f 1151//1631 2666//1632 2663//1621
f 2666//1632 1149//1633 2669//1625
f 2669//1625 131//1634 986//1635
f 2668//1623 986//1635 985//1636
f 2667//1624 985//1636 984//1637
f 954//1545 984//1637 128//1638
f 955//1543 2667//1624 954//1545
f 2661//1620 955//1543 956//1542
f 2670//1639 2674//1640 2673//1641
f 2671//1642 2675//1643 2674//1640
f 2674//1640 2676//1644 2673//1641
f 2675//1643 2677//1645 2674//1640
f 135//1646 2670//1639 1049//1647
f 972//1648 2671//1642 2670//1639
f 973//1649 2672//1650 2671//1642
f 974//1651 1124//1652 2672//1650
f 2672//1650 1123//1653 2675//1643
f 2675//1643 1122//1654 2678//1655
f 2678//1655 158//1656 1014//1657
f 2678//1655 1015//1658 2677//1645
f 2677//1645 1016//1659 2676//1644
f 2676//1644 141//1660 1047//1661
f 2673//1641 1047//1661 1048//1662
f 1049//1647 2673//1641 1048//1662
f 2679//1663 2683//1664 2682//1665
f 2680//1666 2684//1667 2683//1664
f 2683//1664 2685//1668 2682//1665
f 2684//1667 2686//1669 2683//1664
f 142//1670 2679//1663 1044//1671
f 1008//1672 2680//1666 2679//1663
f 1009//1673 2681//1674 2680//1666
f 167//1675 2681//1674 1010//1676
f 1182//1677 2684//1667 2681//1674
f 1183//1678 2687//1679 2684//1667
f 1184//1680 987//1681 2687//1679
f 2687//1679 988//1682 2686//1669
f 2686//1669 989//1683 2685//1668
f 2685//1668 136//1684 1046//1685
f 2682//1665 1046//1685 1045//1686
f 1044//1671 2682//1665 1045//1686
f 2689//1687 2691//1688 2688//1689
f 2690//1690 2692//1691 2689//1687
f 2691//1688 2695//1692 2694//1693
f 2692//1691 2696//1694 2695//1692
f 1011//1695 996//1696 134//1697
f 1012//1698 2688//1689 1011//1695
f 1013//1699 2689//1687 1012//1698
f 155//1700 2690//1690 1013//1699
f 1107//1701 2693//1702 2690//1690
f 2693//1702 1109//1703 2696//1694
f 2696//1694 156//1704 974//1651
f 2695//1692 974//1651 973//1649
f 2694//1693 973//1649 972//1648
f 998//1705 972//1648 135//1646
f 997//1706 2694//1693 998//1705
f 2688//1689 997//1706 996//1696
f 2697//1707 2701//1708 2700//1709
f 2699//1710 2701//1708 2698//1711
f 2701//1708 2703//1712 2700//1709
f 2701//1708 2705//1713 2704//1714
f 136//1684 2697//1707 1001//1715
f 1002//1716 2698//1711 2697//1707
f 1004//1717 2698//1711 1003//1718
f 133//1719 2699//1710 1004//1717
f 993//1720 2702//1721 2699//1710
f 2702//1721 995//1722 2705//1713
f 2705//1713 134//1697 996//1696
f 2704//1714 996//1696 997//1706
f 2704//1714 998//1705 2703//1712
f 2703//1712 135//1646 999//1723
f 2700//1709 999//1723 1000//1724
f 1001//1715 2700//1709 1000//1724
f 2707//1725 2709//1726 2706//1727
f 2708//1728 2710//1729 2707//1725
f 2710//1729 2712//1730 2709//1726
f 2711//1731 2713//1732 2710//1729
f 1074//1733 977//1734 137//1735
f 1075//1736 2706//1727 1074//1733
f 1076//1737 2707//1725 1075//1736
f 154//1738 2708//1728 1076//1737
f 1100//1739 2711//1731 2708//1728
f 1099//1740 2714//1741 2711//1731
f 1098//1742 983//1743 2714//1741
f 2714//1741 982//1744 2713//1732
f 2713//1732 981//1745 2712//1730
f 2712//1730 127//1746 975//1747
f 2709//1726 975//1747 976//1748
f 2706//1727 976//1748 977//1734
f 2716//1749 2718//1750 2715//1751
f 2717//1752 2719//1753 2716//1749
f 2718//1750 2722//1754 2721//1755
f 2719//1753 2723//1756 2722//1754
f 1040//1757 953//1604 128//1638
f 1039//1758 2715//1751 1040//1757
f 1038//1759 2716//1749 1039//1758
f 138//1760 2717//1752 1038//1759
f 1019//1761 2720//1762 2717//1752
f 2720//1762 1017//1763 2723//1756
f 2723//1756 137//1735 977//1734
f 2722//1754 977//1734 976//1748
f 2721//1755 976//1748 975//1747
f 951//1605 975//1747 127//1746
f 952//1764 2721//1755 951//1605
f 2715//1751 952//1764 953//1604
f 2724//1765 2728//1766 2727//1767
f 2725//1768 2729//1769 2728//1766
f 2728//1766 2730//1770 2727//1767
f 2729//1769 2731//1771 2728//1766
f 148//1772 2724//1765 1077//1773
f 992//1774 2725//1768 2724//1765
f 991//1775 2726//1776 2725//1768
f 160//1777 2726//1776 990//1778
f 1137//1779 2729//1769 2726//1776
f 1138//1780 2732//1781 2729//1769
f 1139//1782 1013//1699 2732//1781
f 2732//1781 1012//1698 2731//1771
f 2731//1771 1011//1695 2730//1770
f 2730//1770 134//1697 1079//1783
f 2727//1767 1079//1783 1078//1784
f 1077//1773 2727//1767 1078//1784
f 2734//398 2736//398 2733//398
f 2735//398 2737//398 2734//398
f 2736//398 2740//398 2739//398
f 2737//398 2741//398 2740//398
f 1214//1568 1277//401 129//1569
f 1213//1568 2733//398 1214//1568
f 1213//1568 2735//398 2734//398
f 140//1577 2735//398 1212//1568
f 1022//405 2738//398 2735//398
f 2738//398 1020//407 2741//398
f 2741//398 139//1785 1025//1786
f 2741//398 1024//1786 2740//398
f 2740//398 1023//1786 2739//398
f 2739//398 132//1787 1275//399
f 2736//398 1275//399 1276//400
f 2733//398 1276//400 1277//401
f 2743//1788 2745//408 2742//1789
f 2744//1790 2746//1791 2743//1788
f 2745//408 2749//1792 2748//1793
f 2746//1791 2750//1794 2749//1792
f 1032//1795 1022//405 140//1577
f 1033//1796 2742//1789 1032//1795
f 1034//1797 2743//1788 1033//1796
f 142//1670 2744//1790 1034//1797
f 1031//1798 2747//1799 2744//1790
f 2747//1799 1029//1800 2750//1794
f 2750//1794 141//1660 1035//1801
f 2749//1792 1035//1801 1036//1802
f 2748//1793 1036//1802 1037//1803
f 1020//407 1037//1803 139//1785
f 1021//406 2748//1793 1020//407
f 2742//1789 1021//406 1022//405
f 2752//1804 2754//1805 2751//1806
f 2753//1807 2755//1808 2752//1804
f 2754//1805 2758//1809 2757//1810
f 2755//1808 2759//1811 2758//1809
f 989//1683 1002//1716 136//1684
f 988//1682 2751//1806 989//1683
f 987//1681 2752//1804 988//1682
f 163//1812 2753//1807 987//1681
f 1161//1813 2756//1814 2753//1807
f 2756//1814 1163//1815 2759//1811
f 2759//1811 164//1816 1041//1817
f 2758//1809 1041//1817 1042//1818
f 2757//1810 1042//1818 1043//1819
f 1004//1717 1043//1819 133//1719
f 1003//1718 2757//1810 1004//1717
f 2751//1806 1003//1718 1002//1716
f 2761//1820 2763//1821 2760//1822
f 2761//1820 2765//1823 2764//1824
f 2763//1821 2767//1825 2766//1826
f 2765//1823 2767//1825 2764//1824
f 1436//1827 1079//1783 134//1697
f 1435//1828 2760//1822 1436//1827
f 1435//1828 2762//1829 2761//1820
f 1434//1830 1421//1831 2762//1829
f 2762//1829 1420//1832 2765//1823
f 1420//1832 2768//1833 2765//1823
f 1419//1834 1433//1835 2768//1833
f 2768//1833 1432//1836 2767//1825
f 2766//1826 1432//1836 1431//1837
f 1077//1773 1431//1837 148//1772
f 1078//1784 2766//1826 1077//1773
f 2760//1822 1078//1784 1079//1783
f 2770//1838 2772//1839 2769//1840
f 2771//1841 2773//1842 2770//1838
f 2773//1842 2775//1843 2772//1839
f 2774//1844 2776//1845 2773//1842
f 1016//1659 1035//1801 141//1660
f 1015//1658 2769//1840 1016//1659
f 1014//1657 2770//1838 1015//1658
f 158//1656 2771//1841 1014//1657
f 1119//1846 2774//1844 2771//1841
f 1120//1847 2777//1848 2774//1844
f 1121//1849 1050//1850 2777//1848
f 2777//1848 1051//1851 2776//1845
f 2776//1845 1052//1852 2775//1843
f 2775//1843 139//1785 1037//1803
f 2772//1839 1037//1803 1036//1802
f 2769//1840 1036//1802 1035//1801
f 2779//1853 2781//1854 2778//1855
f 2780//1856 2782//1857 2779//1853
f 2782//1857 2784//1858 2781//1854
f 2783//1859 2785//1860 2782//1857
f 187//1861 2778//1855 1301//1862
f 1350//1863 2779//1853 2778//1855
f 1352//1864 2779//1853 1351//1865
f 1352//1864 1310//1866 2780//1856
f 1310//1866 2783//1859 2780//1856
f 1309//1867 2786//1868 2783//1859
f 2786//1868 154//1738 1076//1737
f 2786//1868 1075//1736 2785//1860
f 2785//1860 1074//1733 2784//1858
f 2784//1858 137//1735 1299//1869
f 2781//1854 1299//1869 1300//1870
f 2778//1855 1300//1870 1301//1862
f 2787//498 2791//498 2790//498
f 2789//498 2791//498 2788//498
f 2790//498 2794//498 2793//498
f 2791//498 2795//498 2794//498
f 1220//1871 1271//502 172//1872
f 1219//1871 2787//498 1220//1871
f 1219//1871 2789//498 2788//498
f 146//1873 2789//498 1218//1871
f 1058//507 2792//498 2789//498
f 2792//498 1056//1874 2795//498
f 2795//498 145//1875 1061//1876
f 2795//498 1060//1876 2794//498
f 2794//498 1059//1876 2793//498
f 2793//498 171//1877 1269//499
f 2790//498 1269//499 1270//503
f 1271//502 2790//498 1270//503
f 2797//1878 2799//511 2796//1879
f 2798//1880 2800//1881 2797//1878
f 2799//511 2803//1882 2802//1883
f 2800//1881 2804//1884 2803//1882
f 1071//1885 1058//507 146//1873
f 1072//1886 2796//1879 1071//1885
f 1073//1887 2797//1878 1072//1886
f 148//1772 2798//1880 1073//1887
f 1067//1888 2801//1889 2798//1880
f 2801//1889 1065//1890 2804//1884
f 2804//1884 147//1891 1068//1892
f 2803//1882 1068//1892 1069//1893
f 2802//1883 1069//1893 1070//1894
f 1056//1874 1070//1894 145//1875
f 1057//508 2802//1883 1056//1874
f 2796//1879 1057//508 1058//507
f 2806//1895 2808//1896 2805//1897
f 2807//1898 2809//1899 2806//1895
f 2808//1896 2812//1900 2811//1901
f 2809//1899 2813//1902 2812//1900
f 969//1903 947//1615 126//1904
f 970//1905 2805//1897 969//1903
f 971//1906 2806//1895 970//1905
f 144//1907 2807//1898 971//1906
f 1055//1908 2810//1909 2807//1898
f 2810//1909 1053//1910 2813//1902
f 2813//1902 143//1911 1082//1912
f 2812//1900 1082//1912 1081//1913
f 2811//1901 1081//1913 1080//1914
f 945//1616 1080//1914 125//1627
f 946//1915 2811//1901 945//1616
f 2805//1897 946//1915 947//1615
f 2815//1916 2817//1917 2814//1918
f 2816//1919 2818//1920 2815//1916
f 2817//1917 2821//1921 2820//1922
f 2818//1920 2822//1923 2821//1921
f 1430//1924 1083//1925 147//1891
f 1429//1926 2814//1918 1430//1924
f 1428//1927 2815//1916 1429//1926
f 207//1928 2816//1919 1428//1927
f 1422//1929 2819//1930 2816//1919
f 2819//1930 1424//1931 2822//1923
f 2822//1923 201//1932 1427//1933
f 2821//1921 1427//1933 1426//1934
f 2820//1922 1426//1934 1425//1935
f 1085//1936 1425//1935 133//1719
f 1084//1937 2820//1922 1085//1936
f 2814//1918 1084//1937 1083//1925
f 2823//1938 2827//1939 2826//1940
f 2824//1941 2828//1942 2827//1939
f 2826//1940 2830//1943 2829//1944
f 2827//1939 2831//1945 2830//1943
f 140//1577 2823//1938 1032//1795
f 1007//1576 2824//1941 2823//1938
f 1006//1575 2825//1946 2824//1941
f 1005//1574 1173//1947 2825//1946
f 2825//1946 1174//1948 2828//1942
f 2828//1942 1175//1949 2831//1945
f 2831//1945 167//1675 1010//1676
f 2830//1943 1010//1676 1009//1673
f 2829//1944 1009//1673 1008//1672
f 1034//1797 1008//1672 142//1670
f 1033//1796 2829//1944 1034//1797
f 1032//1795 2826//1940 1033//1796
f 2832//1950 2836//1951 2835//1952
f 2833//1953 2837//1954 2836//1951
f 2836//1951 2838//1955 2835//1952
f 2837//1954 2839//1956 2836//1951
f 133//1719 2832//1950 1085//1936
f 1043//1819 2833//1953 2832//1950
f 1042//1818 2834//1957 2833//1953
f 1041//1817 1196//1958 2834//1957
f 2834//1957 1195//1959 2837//1954
f 2837//1954 1194//1960 2840//1961
f 2840//1961 170//1962 1088//1963
f 2840//1961 1087//1964 2839//1956
f 2839//1956 1086//1965 2838//1955
f 2838//1955 147//1891 1083//1925
f 2835//1952 1083//1925 1084//1937
f 1085//1936 2835//1952 1084//1937
f 2842//1966 2844//1967 2841//1968
f 2843//1969 2845//1970 2842//1966
f 2845//1970 2847//1971 2844//1967
f 2846//1972 2848//1973 2845//1970
f 1139//1782 1112//1974 155//1700
f 1138//1780 2841//1968 1139//1782
f 1137//1779 2842//1966 1138//1780
f 160//1777 2843//1969 1137//1779
f 1133//1975 2846//1972 2843//1969
f 1132//1976 2849//1977 2846//1972
f 1131//1978 1134//1979 2849//1977
f 2849//1977 1135//1980 2848//1973
f 2848//1973 1136//1981 2847//1971
f 2847//1971 152//1982 1110//1983
f 2844//1967 1110//1983 1111//1984
f 2841//1968 1111//1984 1112//1974
f 2851//756 2853//756 2850//756
f 2852//756 2854//756 2851//756
f 2853//756 2857//756 2856//756
f 2854//756 2858//756 2857//756
f 1101//1985 1268//756 173//1985
f 1101//1985 2851//756 2850//756
f 1103//1985 2851//756 1102//1985
f 1103//1985 1097//1986 2852//756
f 2852//756 1096//1986 2855//756
f 1096//1986 2858//756 2855//756
f 2858//756 152//1982 1224//1987
f 2858//756 1225//1987 2857//756
f 2857//756 1226//1987 2856//756
f 2856//756 174//1987 1266//756
f 2853//756 1266//756 1267//756
f 1268//756 2853//756 1267//756
f 2860//1988 2862//1989 2859//1989
f 2861//1990 2863//1988 2860//1988
f 2862//1989 2866//1988 2865//1989
f 2863//1988 2867//1990 2866//1988
f 1115//1991 1097//1986 153//1992
f 1114//1993 2859//1989 1115//1991
f 1114//1993 2861//1990 2860//1988
f 1113//1994 1109//1703 2861//1990
f 1109//1703 2864//1990 2861//1990
f 1108//1995 2867//1990 2864//1990
f 1107//1701 1112//1974 2867//1990
f 2867//1990 1111//1984 2866//1988
f 2866//1988 1110//1983 2865//1989
f 1095//1986 1110//1983 152//1982
f 2862//1989 1095//1986 1096//1986
f 2859//1989 1096//1986 1097//1986
f 2868//1996 2872//1997 2871//1998
f 2869//1999 2873//2000 2872//1997
f 2871//1998 2875//2001 2874//2002
f 2872//1997 2876//2003 2875//2001
f 183//2004 2868//1996 1104//2005
f 1347//2006 2869//1999 2868//1996
f 1348//2007 2870//2008 2869//1999
f 1349//2009 1128//2010 2870//2008
f 2870//2008 1129//2011 2873//2000
f 2873//2000 1130//2012 2876//2003
f 2876//2003 151//2013 1094//2014
f 2875//2001 1094//2014 1093//2015
f 2874//2002 1093//2015 1092//2016
f 1106//2017 1092//2016 149//2018
f 1105//2019 2874//2002 1106//2017
f 1104//2005 2871//1998 1105//2019
f 2877//2020 2881//2021 2880//2022
f 2878//2023 2882//2024 2881//2021
f 2880//2022 2884//2025 2883//2026
f 2881//2021 2885//2027 2884//2025
f 153//1992 2877//2020 1115//1991
f 1127//2028 2878//2023 2877//2020
f 1126//2029 2879//2030 2878//2023
f 1125//2031 1121//1849 2879//2030
f 2879//2030 1120//1847 2882//2024
f 2882//2024 1119//1846 2885//2027
f 2885//2027 158//1656 1122//1654
f 2884//2025 1122//1654 1123//1653
f 2883//2026 1123//1653 1124//1652
f 1113//1994 1124//1652 156//1704
f 1114//1993 2883//2026 1113//1994
f 1115//1991 2880//2022 1114//1993
f 2887//2032 2889//2033 2886//2033
f 2888//2034 2890//2032 2887//2032
f 2890//2032 2892//2033 2889//2033
f 2891//2034 2893//2032 2890//2032
f 1260//2033 1101//1985 173//1985
f 1261//2032 2886//2033 1260//2033
f 1262//2034 2887//2032 1261//2032
f 175//2035 2888//2034 1262//2034
f 1116//2035 2891//2034 2888//2034
f 1117//2035 2894//2034 2891//2034
f 1118//2035 1125//2031 2894//2034
f 2893//2032 1125//2031 1126//2029
f 2892//2033 1126//2029 1127//2028
f 2892//2033 153//1992 1103//1985
f 1102//1985 2892//2033 1103//1985
f 1101//1985 2889//2033 1102//1985
f 2896//2036 2898//2037 2895//2038
f 2897//2039 2899//2040 2896//2036
f 2898//2037 2902//2041 2901//2042
f 2899//2040 2903//2043 2902//2041
f 981//1745 950//1589 127//1746
f 982//1744 2895//2038 981//1745
f 983//1743 2896//2036 982//1744
f 150//2044 2897//2039 983//1743
f 1091//2045 2900//2046 2897//2039
f 2900//2046 1089//2047 2903//2043
f 2903//2043 149//2018 1142//2048
f 2902//2041 1142//2048 1141//2049
f 2901//2042 1141//2049 1140//2050
f 948//1592 1140//2050 126//1904
f 949//1590 2901//2042 948//1592
f 2895//2038 949//1590 950//1589
f 2904//2051 2908//2052 2907//2053
f 2905//2054 2909//2055 2908//2052
f 2907//2053 2911//2056 2910//2057
f 2908//2052 2912//2058 2911//2056
f 126//1904 2904//2051 969//1903
f 1140//2050 2905//2054 2904//2051
f 1141//2049 2906//2059 2905//2054
f 1142//2048 1092//2016 2906//2059
f 2906//2059 1093//2015 2909//2055
f 2909//2055 1094//2014 2912//2058
f 2912//2058 151//2013 1145//2060
f 2911//2056 1145//2060 1144//2061
f 2910//2057 1144//2061 1143//2062
f 971//1906 1143//2062 144//1907
f 970//1905 2910//2057 971//1906
f 969//1903 2907//2053 970//1905
f 2913//2063 2917//2064 2916//2065
f 2914//2066 2918//2067 2917//2064
f 2916//2065 2920//2068 2919//2069
f 2917//2064 2921//2070 2920//2068
f 146//1873 2913//2063 1071//1885
f 1148//2071 2914//2066 2913//2063
f 1147//2072 2915//2073 2914//2066
f 1146//2074 1131//1978 2915//2073
f 2915//2073 1132//1976 2918//2067
f 2918//2067 1133//1975 2921//2070
f 2921//2070 160//1777 990//1778
f 2920//2068 990//1778 991//1775
f 2919//2069 991//1775 992//1774
f 1073//1887 992//1774 148//1772
f 1072//1886 2919//2069 1073//1887
f 1071//1885 2916//2065 1072//1886
f 2922//2075 2926//2076 2925//2075
f 2924//2077 2926//2076 2923//2076
f 2925//2075 2929//2076 2928//2075
f 2927//2077 2929//2076 2926//2076
f 1257//2078 1220//1871 172//1872
f 1258//2079 2922//2075 1257//2078
f 1259//2080 2923//2076 1258//2079
f 176//2081 2924//2077 1259//2080
f 1232//2081 2927//2077 2924//2077
f 1231//2081 2930//2077 2927//2077
f 1230//2081 1146//2074 2930//2077
f 2930//2077 1147//2072 2929//2076
f 2929//2076 1148//2071 2928//2075
f 2928//2075 146//1873 1218//1871
f 1219//1871 2928//2075 1218//1871
f 2922//2075 1219//1871 1220//1871
f 2931//2082 2935//2083 2934//2084
f 2932//2085 2936//2086 2935//2083
f 2934//2084 2938//2087 2937//2088
f 2935//2083 2939//2089 2938//2087
f 185//2090 2931//2082 1155//2091
f 1344//2092 2932//2085 2931//2082
f 1345//2093 2933//2094 2932//2085
f 1346//2095 1170//2096 2933//2094
f 2933//2094 1171//2097 2936//2086
f 2936//2086 1172//2098 2939//2089
f 2939//2089 166//2099 1176//2100
f 2938//2087 1176//2100 1177//2101
f 2937//2088 1177//2101 1178//2102
f 1157//2103 1178//2102 131//1634
f 1156//2104 2937//2088 1157//2103
f 1155//2091 2934//2084 1156//2104
f 2940//2105 2944//2106 2943//2105
f 2942//2107 2944//2106 2941//2106
f 2944//2106 2946//2105 2943//2105
f 2944//2106 2948//2107 2947//2106
f 1169//2108 1154//2109 162//2110
f 1169//2108 2941//2106 2940//2105
f 1168//2111 2942//2107 2941//2106
f 1167//2112 1163//1815 2942//2107
f 1163//1815 2945//2107 2942//2107
f 2945//2107 1161//1813 2948//2107
f 1161//1813 1166//2113 2948//2107
f 2947//2106 1166//2113 1165//2114
f 2947//2106 1164//2115 2946//2105
f 1152//2109 1164//2115 161//2116
f 2943//2105 1152//2109 1153//2109
f 2940//2105 1153//2109 1154//2109
f 2950//620 2952//620 2949//620
f 2951//620 2953//620 2950//620
f 2952//620 2956//620 2955//620
f 2953//620 2957//620 2956//620
f 1158//2117 1253//620 178//2117
f 1158//2117 2950//620 2949//620
f 1159//2117 2951//620 2950//620
f 162//2110 2951//620 1160//2117
f 1154//2109 2954//620 2951//620
f 1153//2109 2957//620 2954//620
f 2957//620 161//2116 1233//2118
f 2957//620 1234//2118 2956//620
f 2956//620 1235//2118 2955//620
f 2955//620 177//2118 1251//620
f 2952//620 1251//620 1252//620
f 2949//620 1252//620 1253//620
f 2959//2119 2961//2120 2958//2121
f 2960//2122 2962//2123 2959//2119
f 2962//2123 2964//2124 2961//2120
f 2963//2125 2965//2126 2962//2123
f 1184//1680 1166//2113 163//1812
f 1183//1678 2958//2121 1184//1680
f 1182//1677 2959//2119 1183//1678
f 167//1675 2960//2122 1182//1677
f 1175//1949 2963//2125 2960//2122
f 1174//1948 2966//2127 2963//2125
f 1173//1947 1179//2128 2966//2127
f 2966//2127 1180//2129 2965//2126
f 2965//2126 1181//2130 2964//2124
f 2964//2124 161//2116 1164//2115
f 2961//2120 1164//2115 1165//2114
f 2958//2121 1165//2114 1166//2113
f 2968//2131 2970//2132 2967//2132
f 2969//2133 2971//2131 2968//2131
f 2970//2132 2974//2131 2973//2132
f 2972//2133 2974//2131 2971//2131
f 1248//2132 1158//2117 178//2117
f 1249//2131 2967//2132 1248//2132
f 1250//2133 2968//2131 1249//2131
f 1250//2133 1185//2134 2969//2133
f 1185//2134 2972//2133 2969//2133
f 1186//2134 2975//2133 2972//2133
f 2975//2133 169//2135 1199//2136
f 2975//2133 1198//2137 2974//2131
f 2973//2132 1198//2137 1197//2138
f 2973//2132 162//2110 1160//2117
f 1159//2117 2973//2132 1160//2117
f 1158//2117 2970//2132 1159//2117
f 2976//2139 2980//2140 2979//2141
f 2977//2142 2981//2143 2980//2140
f 2979//2141 2983//2144 2982//2145
f 2980//2140 2984//2146 2983//2144
f 162//2110 2976//2139 1169//2108
f 1197//2138 2977//2142 2976//2139
f 1198//2137 2978//2147 2977//2142
f 1199//2136 1190//2148 2978//2147
f 2978//2147 1189//2149 2981//2143
f 2981//2143 1188//2150 2984//2146
f 2984//2146 170//1962 1194//1960
f 2983//2144 1194//1960 1195//1959
f 2982//2145 1195//1959 1196//1958
f 1167//2112 1196//1958 164//1816
f 1168//2111 2982//2145 1167//2112
f 1169//2108 2979//2141 1168//2111
f 2986//2151 2988//2152 2985//2153
f 2987//2154 2989//2155 2986//2151
f 2989//2155 2991//2156 2988//2152
f 2990//2157 2992//2158 2989//2155
f 1086//1965 1068//1892 147//1891
f 1087//1964 2985//2153 1086//1965
f 1088//1963 2986//2151 1087//1964
f 170//1962 2987//2154 1088//1963
f 1188//2150 2990//2157 2987//2154
f 1189//2149 2993//2159 2990//2157
f 1190//2148 1205//2160 2993//2159
f 2993//2159 1204//2161 2992//2158
f 2992//2158 1203//2162 2991//2156
f 2991//2156 145//1875 1070//1894
f 2988//2152 1070//1894 1069//1893
f 2985//2153 1069//1893 1068//1892
f 2994//2163 2998//2164 2997//2165
f 2995//2166 2999//2167 2998//2164
f 2997//2165 3001//2168 3000//2169
f 2998//2164 3002//2170 3001//2168
f 128//1638 2994//2163 1040//1757
f 984//1637 2995//2166 2994//2163
f 985//1636 2996//2171 2995//2166
f 986//1635 1178//2102 2996//2171
f 2996//2171 1177//2101 2999//2167
f 2999//2167 1176//2100 3002//2170
f 3002//2170 166//2099 1200//2172
f 3001//2168 1200//2172 1201//2173
f 3000//2169 1201//2173 1202//2174
f 1038//1759 1202//2174 138//1760
f 1039//1758 3000//2169 1038//1759
f 1040//1757 2997//2165 1039//1758
f 3004//2175 3006//2176 3003//2177
f 3005//2178 3007//2179 3004//2175
f 3007//2179 3009//2180 3006//2176
f 3008//2181 3010//2182 3007//2179
f 188//2183 3003//2177 1304//2184
f 1341//2185 3004//2175 3003//2177
f 1343//2186 3004//2175 1342//2187
f 192//2188 3005//2178 1343//2186
f 1316//2189 3008//2181 3005//2178
f 1315//2190 3011//2191 3008//2181
f 3011//2191 168//2192 1208//2193
f 3011//2191 1207//2194 3010//2182
f 3010//2182 1206//2195 3009//2180
f 3009//2180 143//1911 1302//2196
f 3006//2176 1302//2196 1303//2197
f 3003//2177 1303//2197 1304//2184
f 3013//2198 3015//2199 3012//2200
f 3014//2201 3016//2202 3013//2198
f 3016//2202 3018//2203 3015//2199
f 3017//2204 3019//2205 3016//2202
f 1206//2195 1082//1912 143//1911
f 1207//2194 3012//2200 1206//2195
f 1208//2193 3013//2198 1207//2194
f 168//2192 3014//2201 1208//2193
f 1193//2206 3017//2204 3014//2201
f 1192//2207 3020//2208 3017//2204
f 1191//2209 978//1629 3020//2208
f 3020//2208 979//1628 3019//2205
f 3019//2205 980//1626 3018//2203
f 3018//2203 125//1627 1080//1914
f 3015//2199 1080//1914 1081//1913
f 3012//2200 1081//1913 1082//1912
f 3022//2210 3024//2211 3021//2211
f 3023//2212 3025//2210 3022//2210
f 3025//2210 3027//2211 3024//2211
f 3026//2213 3028//2210 3025//2210
f 145//1875 3021//2211 1061//1876
f 1203//2162 3022//2210 3021//2211
f 1204//2161 3023//2212 3022//2210
f 169//2135 3023//2212 1205//2160
f 3023//2212 1186//2134 3026//2213
f 1186//2134 3029//2212 3026//2213
f 1185//2134 1247//2214 3029//2212
f 3029//2212 1246//2215 3028//2210
f 3028//2210 1245//2216 3027//2211
f 1059//1876 1245//2216 171//1877
f 3024//2211 1059//1876 1060//1876
f 3021//2211 1060//1876 1061//1876
f 3031//2131 3033//2132 3030//2132
f 3032//2133 3034//2131 3031//2131
f 3033//2132 3037//2131 3036//2132
f 3034//2131 3038//2133 3037//2131
f 191//2217 3030//2132 1236//2117
f 1339//2218 3030//2132 1338//2219
f 1339//2218 3032//2133 3031//2131
f 192//2188 3032//2133 1340//2220
f 1242//2221 3035//2133 3032//2133
f 1243//2222 3038//2133 3035//2133
f 1244//2223 1250//2133 3038//2133
f 3037//2131 1250//2133 1249//2131
f 3037//2131 1248//2132 3036//2132
f 3036//2132 178//2117 1238//2117
f 1237//2117 3036//2132 1238//2117
f 3030//2132 1237//2117 1236//2117
f 3040//620 3042//620 3039//620
f 3041//620 3043//620 3040//620
f 3043//620 3045//620 3042//620
f 3043//620 3047//620 3046//620
f 1236//2117 1337//2224 191//2217
f 1237//2117 3039//620 1236//2117
f 1238//2117 3040//620 1237//2117
f 178//2117 3041//620 1238//2117
f 1253//620 3044//620 3041//620
f 3044//620 1251//620 3047//620
f 1251//620 1293//2118 3047//620
f 3047//620 1294//2118 3046//620
f 3046//620 1295//2118 3045//620
f 3045//620 185//2090 1335//2224
f 1336//2224 3045//620 1335//2224
f 3039//620 1336//2224 1337//2224
f 3048//2225 3052//2226 3051//2225
f 3050//2227 3052//2226 3049//2226
f 3052//2226 3054//2225 3051//2225
f 3053//2227 3055//2226 3052//2226
f 1181//2130 1233//2118 161//2116
f 1180//2129 3048//2225 1181//2130
f 1180//2129 3050//2227 3049//2226
f 165//1573 3050//2227 1179//2128
f 1239//1571 3053//2227 3050//2227
f 3053//2227 1241//1571 3056//2227
f 1241//1571 1256//2227 3056//2227
f 3056//2227 1255//2226 3055//2226
f 3055//2226 1254//2225 3054//2225
f 1235//2118 1254//2225 177//2118
f 3051//2225 1235//2118 1234//2118
f 3048//2225 1234//2118 1233//2118
f 3058//2228 3060//2229 3057//2230
f 3059//2231 3061//2232 3058//2228
f 3061//2232 3063//2233 3060//2229
f 3062//2234 3064//2235 3061//2232
f 1332//2236 1286//2237 182//2238
f 1333//2239 3057//2230 1332//2236
f 1334//2240 3058//2228 1333//2239
f 184//2241 3059//2231 1334//2240
f 1292//2242 3062//2234 3059//2231
f 1291//2243 3065//2244 3062//2234
f 1290//2245 1259//2080 3065//2244
f 3065//2244 1258//2079 3064//2235
f 3064//2235 1257//2078 3063//2233
f 1284//2246 1257//2078 172//1872
f 1285//2247 3063//2233 1284//2246
f 3057//2230 1285//2247 1286//2237
f 3067//2032 3069//2033 3066//2033
f 3068//2034 3070//2032 3067//2032
f 3070//2032 3072//2033 3069//2033
f 3070//2032 3074//2034 3073//2032
f 189//2248 3066//2033 1221//1985
f 1330//2249 3066//2033 1329//2250
f 1330//2249 3068//2034 3067//2032
f 190//2251 3068//2034 1331//2252
f 1227//2253 3071//2034 3068//2034
f 1228//2254 3074//2034 3071//2034
f 1229//2255 1262//2034 3074//2034
f 3073//2032 1262//2034 1261//2032
f 3073//2032 1260//2033 3072//2033
f 3072//2033 173//1985 1223//1985
f 3069//2033 1223//1985 1222//1985
f 3066//2033 1222//1985 1221//1985
f 3075//2256 3079//2257 3078//2256
f 3077//2258 3079//2257 3076//2257
f 3078//2256 3082//2257 3081//2256
f 3080//2258 3082//2257 3079//2257
f 152//1982 3075//2256 1224//1987
f 1135//1980 3075//2256 1136//1981
f 1135//1980 3077//2258 3076//2257
f 1134//1979 1230//2081 3077//2258
f 1230//2081 3080//2258 3077//2258
f 1231//2081 3083//2258 3080//2258
f 1232//2081 1265//2258 3083//2258
f 3083//2258 1264//2257 3082//2257
f 3081//2256 1264//2257 1263//2256
f 3081//2256 174//1987 1226//1987
f 1225//1987 3081//2256 1226//1987
f 3075//2256 1225//1987 1224//1987
f 3085//756 3087//756 3084//756
f 3086//756 3088//756 3085//756
f 3088//756 3090//756 3087//756
f 3088//756 3092//756 3091//756
f 189//2248 3084//756 1328//2259
f 1221//1985 3085//756 3084//756
f 1223//1985 3085//756 1222//1985
f 1223//1985 1268//756 3086//756
f 3086//756 1267//756 3089//756
f 3089//756 1266//756 3092//756
f 1266//756 1287//1987 3092//756
f 3092//756 1288//1987 3091//756
f 3091//756 1289//1987 3090//756
f 3090//756 183//2004 1326//2259
f 1327//2259 3090//756 1326//2259
f 3084//756 1327//2259 1328//2259
f 3093//2260 3097//2261 3096//2262
f 3095//2263 3097//2261 3094//2264
f 3097//2261 3099//2265 3096//2262
f 3097//2261 3101//2266 3100//2267
f 182//2238 3093//2260 1325//2268
f 1286//2237 3094//2264 3093//2260
f 1284//2246 3094//2264 1285//2247
f 172//1872 3095//2263 1284//2246
f 1271//502 3098//2269 3095//2263
f 3098//2269 1269//499 3101//2266
f 3101//2266 171//1877 1217//2270
f 3100//2267 1217//2270 1216//2271
f 3100//2267 1215//2272 3099//2265
f 3099//2265 188//2183 1323//2273
f 3096//2262 1323//2273 1324//2274
f 1325//2268 3096//2262 1324//2274
f 3103//2275 3105//2276 3102//2276
f 3104//2277 3106//2275 3103//2275
f 3106//2275 3108//2276 3105//2276
f 3107//2278 3109//2275 3106//2275
f 139//1785 3102//2276 1025//1786
f 1051//1851 3102//2276 1052//1852
f 1051//1851 3104//2277 3103//2275
f 157//2279 3104//2277 1050//1850
f 1118//2035 3107//2278 3104//2277
f 3107//2278 1116//2035 3110//2277
f 1116//2035 1274//2280 3110//2277
f 3110//2277 1273//2281 3109//2275
f 3109//2275 1272//2282 3108//2276
f 1023//1786 1272//2282 132//1787
f 3105//2276 1023//1786 1024//1786
f 3102//2276 1024//1786 1025//1786
f 3111//2283 3115//2284 3114//2285
f 3113//2286 3115//2284 3112//2287
f 3115//2284 3117//2288 3114//2285
f 3115//2284 3119//2289 3118//2290
f 181//2291 3111//2283 1322//2292
f 1283//2293 3112//2287 3111//2283
f 1281//2294 3112//2287 1282//2295
f 129//1569 3113//2286 1281//2294
f 1277//401 3116//926 3113//2286
f 3116//926 1275//399 3119//2289
f 3119//2289 132//1787 1211//2296
f 3118//2290 1211//2296 1210//2297
f 3118//2290 1209//2298 3117//2288
f 3117//2288 187//1861 1320//2299
f 3114//2285 1320//2299 1321//2300
f 1322//2292 3114//2285 1321//2300
f 3121//2301 3123//2302 3120//2303
f 3122//2304 3124//2305 3121//2301
f 3124//2305 3126//2306 3123//2302
f 3125//2307 3127//2308 3124//2305
f 1317//2309 1283//2293 181//2291
f 1318//2310 3120//2303 1317//2309
f 1319//2311 3121//2301 1318//2310
f 186//2312 3122//2304 1319//2311
f 1298//2313 3125//2307 3122//2304
f 1297//2314 3128//2315 3125//2307
f 1296//2316 1280//1572 3128//2315
f 3128//2315 1279//1570 3127//2308
f 3127//2308 1278//1567 3126//2306
f 1281//2294 1278//1567 129//1569
f 1282//2295 3126//2306 1281//2294
f 3120//2303 1282//2295 1283//2293
f 3129//2317 3133//2318 3132//2319
f 3130//2320 3134//2321 3133//2318
f 3132//2319 3136//2322 3135//2323
f 3133//2318 3137//2324 3136//2322
f 138//1760 3129//2317 1028//2325
f 1202//2174 3130//2320 3129//2317
f 1201//2173 3131//2326 3130//2320
f 1200//2172 1172//2098 3131//2326
f 3131//2326 1171//2097 3134//2321
f 3134//2321 1170//2096 3137//2324
f 3137//2324 186//2312 1319//2311
f 3136//2322 1319//2311 1318//2310
f 3136//2322 1317//2309 3135//2323
f 3135//2323 181//2291 1026//2327
f 1027//2328 3135//2323 1026//2327
f 1028//2325 3132//2319 1027//2328
f 3139//2329 3141//2330 3138//2331
f 3140//2332 3142//2333 3139//2329
f 3141//2330 3145//2334 3144//2335
f 3142//2333 3146//2336 3145//2334
f 1394//2337 1019//1761 138//1760
f 1393//2338 3138//2331 1394//2337
f 1392//2339 3139//2329 1393//2338
f 198//2340 3140//2332 1392//2339
f 1379//978 3143//2341 3140//2332
f 3143//2341 1377//980 3146//2336
f 3146//2336 197//2342 1391//2343
f 3145//2334 1391//2343 1390//2344
f 3144//2335 1390//2344 1389//2345
f 1017//1763 1389//2345 137//1735
f 1018//2346 3144//2335 1017//1763
f 3138//2331 1018//2346 1019//1761
f 3148//2347 3150//2348 3147//2349
f 3149//2350 3151//2351 3148//2347
f 3150//2348 3154//2352 3153//2353
f 3151//2351 3155//2354 3154//2352
f 1370//2355 1302//2196 143//1911
f 1369//2356 3147//2349 1370//2355
f 1368//2357 3148//2347 1369//2356
f 193//2358 3149//2350 1368//2357
f 1359//2359 3152//2360 3149//2350
f 3152//2360 1361//2361 3155//2354
f 3155//2354 196//2362 1367//2363
f 3154//2352 1367//2363 1366//2364
f 3153//2353 1366//2364 1365//2365
f 1304//2184 1365//2365 188//2183
f 1303//2197 3153//2353 1304//2184
f 3147//2349 1303//2197 1302//2196
f 3156//2366 3160//2367 3159//2366
f 3158//2368 3160//2367 3157//2369
f 3159//2366 3163//2369 3162//2366
f 3160//2367 3164//2368 3163//2369
f 1305//2370 1091//2045 150//2044
f 1305//2370 3157//2369 3156//2366
f 1307//2371 3157//2369 1306//2372
f 1307//2371 1328//2259 3158//2368
f 3158//2368 1327//2259 3161//2368
f 3161//2368 1326//2259 3164//2368
f 1326//2259 1104//2005 3164//2368
f 3163//2369 1104//2005 1105//2019
f 3162//2366 1105//2019 1106//2017
f 1089//2047 1106//2017 149//2018
f 1090//2373 3162//2366 1089//2047
f 1091//2045 3159//2366 1090//2373
f 3166//2374 3168//2375 3165//2376
f 3167//2377 3169//2378 3166//2374
f 3169//2378 3171//2379 3168//2375
f 3170//2380 3172//2381 3169//2378
f 1098//1742 1305//2370 150//2044
f 1099//1740 3165//2376 1098//1742
f 1100//1739 3166//2374 1099//1740
f 154//1738 3167//2377 1100//1739
f 1308//2382 3170//2380 3167//2377
f 1309//1867 3173//2383 3170//2380
f 1310//1866 1331//2252 3173//2383
f 3173//2383 1330//2249 3172//2381
f 3172//2381 1329//2250 3171//2379
f 3171//2379 189//2248 1307//2371
f 3168//2375 1307//2371 1306//2372
f 3165//2376 1306//2372 1305//2370
f 3174//2384 3178//2385 3177//2386
f 3175//2387 3179//2388 3178//2385
f 3177//2386 3181//2389 3180//2390
f 3178//2385 3182//2391 3181//2389
f 144//1907 3174//2384 1064//2392
f 1143//2062 3175//2387 3174//2384
f 1144//2061 3176//2393 3175//2387
f 151//2013 3176//2393 1145//2060
f 3176//2393 1129//2011 3179//2388
f 3179//2388 1128//2010 3182//2391
f 1128//2010 1334//2240 3182//2391
f 3181//2389 1334//2240 1333//2239
f 3181//2389 1332//2236 3180//2390
f 3180//2390 182//2238 1062//2394
f 1063//2395 3180//2390 1062//2394
f 1064//2392 3177//2386 1063//2395
f 3184//2396 3186//2397 3183//2398
f 3185//2399 3187//2396 3184//2396
f 3187//2396 3189//2397 3186//2397
f 3187//2396 3191//2399 3190//2396
f 1311//2400 1151//1631 130//1630
f 1312//2401 3183//2398 1311//2400
f 1312//2401 3185//2399 3184//2396
f 1313//2402 1337//2224 3185//2399
f 3185//2399 1336//2224 3188//2403
f 1336//2224 3191//2399 3188//2403
f 3191//2399 185//2090 1155//2091
f 3190//2396 1155//2091 1156//2104
f 3190//2396 1157//2103 3189//2397
f 1149//1633 1157//2103 131//1634
f 1150//2404 3189//2397 1149//1633
f 3183//2398 1150//2404 1151//1631
f 3193//2405 3195//2406 3192//2407
f 3194//2408 3196//2409 3193//2405
f 3196//2409 3198//2410 3195//2406
f 3197//2411 3199//2412 3196//2409
f 1191//2209 1311//2400 130//1630
f 1192//2207 3192//2407 1191//2209
f 1193//2206 3193//2405 1192//2207
f 168//2192 3194//2408 1193//2206
f 1314//2413 3197//2411 3194//2408
f 1315//2190 3200//2414 3197//2411
f 1316//2189 1340//2220 3200//2414
f 3200//2414 1339//2218 3199//2412
f 3199//2412 1338//2219 3198//2410
f 3198//2410 191//2217 1313//2402
f 3195//2406 1313//2402 1312//2401
f 3192//2407 1312//2401 1311//2400
f 3201//2415 3205//2416 3204//2417
f 3202//2418 3206//2419 3205//2416
f 3204//2417 3208//2420 3207//2421
f 3205//2416 3209//2422 3208//2420
f 1245//2216 1217//2270 171//1877
f 1245//2216 3202//2418 3201//2415
f 1246//2215 3203//2423 3202//2418
f 1247//2214 1244//2223 3203//2423
f 3203//2423 1243//2222 3206//2419
f 3206//2419 1242//2221 3209//2422
f 3209//2422 192//2188 1343//2186
f 3208//2420 1343//2186 1342//2187
f 3207//2421 1342//2187 1341//2185
f 1215//2272 1341//2185 188//2183
f 1216//2271 3207//2421 1215//2272
f 3201//2415 1216//2271 1217//2270
f 3210//2225 3214//2226 3213//2225
f 3212//2227 3214//2226 3211//2226
f 3214//2226 3216//2225 3213//2225
f 3214//2226 3218//2227 3217//2226
f 1254//2225 1293//2118 177//2118
f 1255//2226 3210//2225 1254//2225
f 1256//2227 3211//2226 1255//2226
f 1256//2227 1296//2316 3212//2227
f 3212//2227 1297//2314 3215//2227
f 3215//2227 1298//2313 3218//2227
f 1298//2313 1346//2095 3218//2227
f 3217//2226 1346//2095 1345//2093
f 3217//2226 1344//2092 3216//2225
f 1295//2118 1344//2092 185//2090
f 3213//2225 1295//2118 1294//2118
f 3210//2225 1294//2118 1293//2118
f 3219//2256 3223//2257 3222//2256
f 3221//2258 3223//2257 3220//2257
f 3222//2256 3226//2257 3225//2256
f 3223//2257 3227//2258 3226//2257
f 174//1987 3219//2256 1287//1987
f 1263//2256 3220//2257 3219//2256
f 1265//2258 3220//2257 1264//2257
f 1265//2258 1290//2245 3221//2258
f 3221//2258 1291//2243 3224//2258
f 1291//2243 3227//2258 3224//2258
f 1292//2242 1349//2009 3227//2258
f 3226//2257 1349//2009 1348//2007
f 3226//2257 1347//2006 3225//2256
f 1289//1987 1347//2006 183//2004
f 3222//2256 1289//1987 1288//1987
f 3219//2256 1288//1987 1287//1987
f 3228//2424 3232//2425 3231//2426
f 3229//2427 3233//2428 3232//2425
f 3231//2426 3235//2429 3234//2430
f 3232//2425 3236//2431 3235//2429
f 1272//2282 1211//2296 132//1787
f 1272//2282 3229//2427 3228//2424
f 1273//2281 3230//2432 3229//2427
f 1274//2280 1229//2255 3230//2432
f 3230//2432 1228//2254 3233//2428
f 3233//2428 1227//2253 3236//2431
f 3236//2431 190//2251 1352//1864
f 3235//2429 1352//1864 1351//1865
f 3234//2430 1351//1865 1350//1863
f 1209//2298 1350//1863 187//1861
f 1210//2297 3234//2430 1209//2298
f 3228//2424 1210//2297 1211//2296
f 3238//1073 3240//1070 3237//1080
f 3238//1073 3242//1074 3241//498
f 3240//1070 3244//1071 3243//1072
f 3242//1074 3244//1071 3241//498
f 1358//2433 1355//2434 194//2435
f 1357//2436 3237//1080 1358//2433
f 1357//2436 3239//1082 3238//1073
f 1356//2437 1364//1083 3239//1082
f 3239//1082 1363//1084 3242//1074
f 1363//1084 3245//1075 3242//1074
f 1362//1085 1361//2361 3245//1075
f 3245//1075 1360//2438 3244//1071
f 3243//1072 1360//2438 1359//2359
f 1353//1076 1359//2359 193//2358
f 1354//1079 3243//1072 1353//1076
f 3237//1080 1354//1079 1355//2434
f 3247//2439 3249//2440 3246//2441
f 3248//2442 3250//2443 3247//2439
f 3249//2440 3253//2444 3252//2445
f 3250//2443 3254//2446 3253//2444
f 1365//2365 1323//2273 188//2183
f 1366//2364 3246//2441 1365//2365
f 1367//2363 3247//2439 1366//2364
f 196//2362 3248//2442 1367//2363
f 1362//1085 3251//1096 3248//2442
f 3251//1096 1364//1083 3254//2446
f 3254//2446 195//2447 1373//2448
f 3253//2444 1373//2448 1372//2449
f 3252//2445 1372//2449 1371//2450
f 1325//2268 1371//2450 182//2238
f 1324//2274 3252//2445 1325//2268
f 3246//2441 1324//2274 1323//2273
f 3256//2451 3258//2452 3255//2453
f 3257//2454 3259//2455 3256//2451
f 3258//2452 3262//2456 3261//2457
f 3259//2455 3263//2458 3262//2456
f 1376//2459 1055//1908 144//1907
f 1375//2460 3255//2453 1376//2459
f 1374//2461 3256//2451 1375//2460
f 194//2435 3257//2454 1374//2461
f 1355//2434 3260//1108 3257//2454
f 3260//1108 1353//1076 3263//2458
f 3263//2458 193//2358 1368//2357
f 3262//2456 1368//2357 1369//2356
f 3261//2457 1369//2356 1370//2355
f 1053//1910 1370//2355 143//1911
f 1054//2462 3261//2457 1053//1910
f 3255//2453 1054//2462 1055//1908
f 3265//2463 3267//2464 3264//2465
f 3266//2466 3268//2467 3265//2463
f 3267//2464 3271//2468 3270//2469
f 3268//2467 3272//2470 3271//2468
f 1371//2450 1062//2394 182//2238
f 1372//2449 3264//2465 1371//2450
f 1373//2448 3265//2463 1372//2449
f 195//2447 3266//2466 1373//2448
f 1356//2437 3269//2471 3266//2466
f 3269//2471 1358//2433 3272//2470
f 3272//2470 194//2435 1374//2461
f 3271//2468 1374//2461 1375//2460
f 3270//2469 1375//2460 1376//2459
f 1064//2392 1376//2459 144//1907
f 1063//2395 3270//2469 1064//2392
f 3264//2465 1063//2395 1062//2394
f 3274//1125 3276//1122 3273//1129
f 3274//1125 3278//1126 3277//398
f 3276//1122 3280//1123 3279//1124
f 3278//1126 3280//1123 3277//398
f 1382//2472 1379//978 198//2340
f 1381//2473 3273//1129 1382//2472
f 1381//2473 3275//1132 3274//1125
f 1380//2474 1388//1134 3275//1132
f 3275//1132 1387//1135 3278//1126
f 1387//1135 3281//1127 3278//1126
f 1386//1136 1385//2475 3281//1127
f 3281//1127 1384//2476 3280//1123
f 3279//1124 1384//2476 1383//2477
f 1377//980 1383//2477 197//2342
f 1378//979 3279//1124 1377//980
f 3273//1129 1378//979 1379//978
f 3283//2478 3285//2479 3282//2480
f 3284//2481 3286//2482 3283//2478
f 3285//2479 3289//2483 3288//2484
f 3286//2482 3290//2485 3289//2483
f 1397//2486 1026//2327 181//2291
f 1396//2487 3282//2480 1397//2486
f 1395//2488 3283//2478 1396//2487
f 199//2489 3284//2481 1395//2488
f 1380//2474 3287//2490 3284//2481
f 3287//2490 1382//2472 3290//2485
f 3290//2485 198//2340 1392//2339
f 3289//2483 1392//2339 1393//2338
f 3288//2484 1393//2338 1394//2337
f 1028//2325 1394//2337 138//1760
f 1027//2328 3288//2484 1028//2325
f 3282//2480 1027//2328 1026//2327
f 3292//2491 3294//2492 3291//2493
f 3293//2494 3295//2495 3292//2491
f 3294//2492 3298//2496 3297//2497
f 3295//2495 3299//2498 3298//2496
f 1389//2345 1299//1869 137//1735
f 1390//2344 3291//2493 1389//2345
f 1391//2343 3292//2491 1390//2344
f 197//2342 3293//2494 1391//2343
f 1383//2477 3296//2499 3293//2494
f 3296//2499 1385//2475 3299//2498
f 3299//2498 200//2500 1400//2501
f 3298//2496 1400//2501 1399//2502
f 3297//2497 1399//2502 1398//2503
f 1301//1862 1398//2503 187//1861
f 1300//1870 3297//2497 1301//1862
f 3291//2493 1300//1870 1299//1869
f 3301//2504 3303//2505 3300//2506
f 3302//2507 3304//2508 3301//2504
f 3303//2505 3307//2509 3306//2510
f 3304//2508 3308//2511 3307//2509
f 1398//2503 1320//2299 187//1861
f 1399//2502 3300//2506 1398//2503
f 1400//2501 3301//2504 1399//2502
f 200//2500 3302//2507 1400//2501
f 1386//1136 3305//1172 3302//2507
f 3305//1172 1388//1134 3308//2511
f 3308//2511 199//2489 1395//2488
f 3307//2509 1395//2488 1396//2487
f 3306//2510 1396//2487 1397//2486
f 1322//2292 1397//2486 181//2291
f 1321//2300 3306//2510 1322//2292
f 3300//2506 1321//2300 1320//2299
f 3310//2512 3312//2513 3309//2514
f 3311//2515 3313//2516 3310//2512
f 3313//2516 3315//2517 3312//2513
f 3314//2518 3316//2519 3313//2516
f 1481//2520 1409//2521 206//2522
f 1480//2523 3309//2514 1481//2520
f 1479//2524 3310//2512 1480//2523
f 214//2525 3311//2515 1479//2524
f 1457//2526 3314//2518 3311//2515
f 1456//2527 3317//2528 3314//2518
f 1455//2529 1476//2530 3317//2528
f 3317//2528 1477//2531 3316//2519
f 3316//2519 1478//2532 3315//2517
f 3315//2517 205//2533 1407//2534
f 3312//2513 1407//2534 1408//2535
f 3309//2514 1408//2535 1409//2521
f 3319//2536 3321//2537 3318//2538
f 3320//2539 3322//2540 3319//2536
f 3322//2540 3324//2541 3321//2537
f 3323//2542 3325//2543 3322//2540
f 1521//2544 1473//2545 203//2546
f 1522//2547 3318//2538 1521//2544
f 1523//2548 3319//2536 1522//2547
f 218//2549 3320//2539 1523//2548
f 3320//2539 1510//2550 3323//2542
f 1510//2550 3326//2551 3323//2542
f 3326//2551 222//2552 1529//2553
f 3326//2551 1528//2554 3325//2543
f 3325//2543 1527//2555 3324//2541
f 3324//2541 211//2556 1475//2557
f 3321//2537 1475//2557 1474//2558
f 3318//2538 1474//2558 1473//2545
f 3328//2559 3330//2560 3327//2561
f 3329//2562 3331//2563 3328//2559
f 3330//2560 3334//2564 3333//2565
f 3331//2563 3335//2566 3334//2564
f 1442//2567 1046//1685 136//1684
f 1441//2568 3327//2561 1442//2567
f 1440//2569 3328//2559 1441//2568
f 204//2570 3329//2562 1440//2569
f 1412//2571 3332//2572 3329//2562
f 3332//2572 1410//2573 3335//2566
f 3335//2566 206//2522 1439//2574
f 3334//2564 1439//2574 1438//2575
f 3333//2565 1438//2575 1437//2576
f 1044//1671 1437//2576 142//1670
f 1045//1686 3333//2565 1044//1671
f 3327//2561 1045//1686 1046//1685
f 3337//2577 3339//2578 3336//2579
f 3337//2577 3341//2580 3340//2581
f 3339//2578 3343//2582 3342//2583
f 3340//2581 3344//2584 3343//2582
f 1431//1837 1067//1888 148//1772
f 1432//1836 3336//2579 1431//1837
f 1432//1836 3338//2585 3337//2577
f 1433//1835 1418//2586 3338//2585
f 3338//2585 1417//2587 3341//2580
f 3341//2580 1416//2588 3344//2584
f 3344//2584 207//1928 1428//1927
f 3343//2582 1428//1927 1429//1926
f 3342//2583 1429//1926 1430//1924
f 1065//1890 1430//1924 147//1891
f 1066//2589 3342//2583 1065//1890
f 3336//2579 1066//2589 1067//1888
f 3346//2590 3348//2591 3345//2592
f 3346//2590 3350//2593 3349//2594
f 3348//2591 3352//2595 3351//2596
f 3349//2594 3353//2597 3352//2595
f 1445//2598 999//1723 135//1646
f 1444//2599 3345//2592 1445//2598
f 1444//2599 3347//2600 3346//2590
f 1443//2601 1404//2602 3347//2600
f 3347//2600 1405//2603 3350//2593
f 3350//2593 1406//2604 3353//2597
f 3353//2597 204//2570 1440//2569
f 3352//2595 1440//2569 1441//2568
f 3351//2596 1441//2568 1442//2567
f 1001//1715 1442//2567 136//1684
f 1000//1724 3351//2596 1001//1715
f 3345//2592 1000//1724 999//1723
f 3355//2605 3357//2606 3354//2607
f 3356//2608 3358//2609 3355//2605
f 3357//2606 3361//2610 3360//2611
f 3359//2612 3361//2610 3358//2609
f 1425//1935 993//1720 133//1719
f 1426//1934 3354//2607 1425//1935
f 1427//1933 3355//2605 1426//1934
f 201//1932 3356//2608 1427//1933
f 1401//2613 3359//2612 3356//2608
f 1402//2614 3362//2615 3359//2612
f 1403//2616 1434//1830 3362//2615
f 3362//2615 1435//1828 3361//2610
f 3360//2611 1435//1828 1436//1827
f 995//1722 1436//1827 134//1697
f 994//2617 3360//2611 995//1722
f 3354//2607 994//2617 993//1720
f 3364//2618 3366//2619 3363//2620
f 3364//2618 3368//2621 3367//2622
f 3366//2619 3370//2623 3369//2624
f 3368//2621 3370//2623 3367//2622
f 1448//2625 1047//1661 141//1660
f 1447//2626 3363//2620 1448//2625
f 1447//2626 3365//2627 3364//2618
f 1446//2628 1413//2629 3365//2627
f 3365//2627 1414//2630 3368//2621
f 1414//2630 3371//2631 3368//2621
f 1415//2632 1443//2601 3371//2631
f 3371//2631 1444//2599 3370//2623
f 3369//2624 1444//2599 1445//2598
f 1049//1647 1445//2598 135//1646
f 1048//1662 3369//2624 1049//1647
f 3363//2620 1048//1662 1047//1661
f 3373//2633 3375//2634 3372//2635
f 3374//2636 3376//2637 3373//2633
f 3375//2634 3379//2638 3378//2639
f 3377//2640 3379//2638 3376//2637
f 1437//2576 1031//1798 142//1670
f 1438//2575 3372//2635 1437//2576
f 1439//2574 3373//2633 1438//2575
f 206//2522 3374//2636 1439//2574
f 1409//2521 3377//2640 3374//2636
f 1408//2535 3380//2641 3377//2640
f 1407//2534 1446//2628 3380//2641
f 3380//2641 1447//2626 3379//2638
f 3378//2639 1447//2626 1448//2625
f 1029//1800 1448//2625 141//1660
f 1030//2642 3378//2639 1029//1800
f 3372//2635 1030//2642 1031//1798
f 3382//2643 3384//2644 3381//2645
f 3382//2643 3386//2646 3385//2647
f 3385//2647 3387//2648 3384//2644
f 3385//2647 3389//2649 3388//2650
f 1463//2651 1452//2652 211//2556
f 1462//2653 3381//2645 1463//2651
f 1462//2653 3383//2654 3382//2643
f 1461//2655 1455//2529 3383//2654
f 3383//2654 1456//2527 3386//2646
f 3386//2646 1457//2526 3389//2649
f 3389//2649 214//2525 1458//2656
f 3388//2650 1458//2656 1459//2657
f 3388//2650 1460//2658 3387//2648
f 3387//2648 212//2659 1454//2660
f 3384//2644 1454//2660 1453//2661
f 3381//2645 1453//2661 1452//2652
f 3390//2662 3394//2663 3393//2664
f 3392//2665 3394//2663 3391//2666
f 3393//2664 3397//2643 3396//2667
f 3395//2668 3397//2643 3394//2663
f 209//2669 3390//2662 1449//2670
f 1472//2671 3391//2666 3390//2662
f 1470//2672 3391//2666 1471//2673
f 215//2674 3392//2665 1470//2672
f 1464//2675 3395//2668 3392//2665
f 1465//2676 3398//2677 3395//2668
f 1466//2678 1467//2679 3398//2677
f 3398//2677 1468//2653 3397//2643
f 3396//2667 1468//2653 1469//2680
f 1451//2681 1469//2680 210//2682
f 1450//2683 3396//2667 1451//2681
f 1449//2670 3393//2664 1450//2683
f 3400//2684 3402//2685 3399//2686
f 3401//2687 3403//2688 3400//2684
f 3403//2688 3405//2689 3402//2685
f 3404//2690 3406//2691 3403//2688
f 1487//2692 1401//2613 201//1932
f 1486//2693 3399//2686 1487//2692
f 1485//2694 3400//2684 1486//2693
f 209//2669 3401//2687 1485//2694
f 1449//2670 3404//2690 3401//2687
f 1450//2683 3407//2695 3404//2690
f 1451//2681 1484//2696 3407//2695
f 3407//2695 1483//2697 3406//2691
f 3406//2691 1482//2698 3405//2689
f 3405//2689 202//2699 1403//2616
f 3402//2685 1403//2616 1402//2614
f 3399//2686 1402//2614 1401//2613
f 3409//2700 3411//2701 3408//2702
f 3410//2703 3412//2704 3409//2700
f 3411//2701 3415//2705 3414//2706
f 3412//2704 3416//2707 3415//2705
f 1490//2708 1422//1929 207//1928
f 1489//2709 3408//2702 1490//2708
f 1488//2710 3409//2700 1489//2709
f 215//2674 3410//2703 1488//2710
f 3410//2703 1471//2673 3413//2711
f 1471//2673 3416//2707 3413//2711
f 3416//2707 209//2669 1485//2694
f 3415//2705 1485//2694 1486//2693
f 3414//2706 1486//2693 1487//2692
f 1424//1931 1487//2692 201//1932
f 1423//2712 3414//2706 1424//1931
f 3408//2702 1423//2712 1422//1929
f 3417//2713 3421//2714 3420//2715
f 3418//2716 3422//2717 3421//2714
f 3420//2715 3424//2718 3423//2719
f 3421//2714 3425//2720 3424//2718
f 208//2721 3417//2713 1418//2586
f 1493//2722 3418//2716 3417//2713
f 1492//2723 3419//2724 3418//2716
f 1491//2725 1466//2678 3419//2724
f 3419//2724 1465//2676 3422//2717
f 3422//2717 1464//2675 3425//2720
f 3425//2720 215//2674 1488//2710
f 3424//2718 1488//2710 1489//2709
f 3423//2719 1489//2709 1490//2708
f 1416//2588 1490//2708 207//1928
f 1417//2587 3423//2719 1416//2588
f 1418//2586 3420//2715 1417//2587
f 3427//2726 3429//2701 3426//2727
f 3428//2728 3430//2729 3427//2726
f 3429//2701 3433//2730 3432//2731
f 3430//2729 3434//2732 3433//2730
f 1496//2733 1412//2571 204//2570
f 1495//2734 3426//2727 1496//2733
f 1494//2735 3427//2726 1495//2734
f 212//2659 3428//2728 1494//2735
f 3428//2728 1459//2657 3431//2736
f 1459//2657 3434//2732 3431//2736
f 3434//2732 214//2525 1479//2524
f 3433//2730 1479//2524 1480//2523
f 3432//2731 1480//2523 1481//2520
f 1410//2573 1481//2520 206//2522
f 1411//2712 3432//2731 1410//2573
f 3426//2727 1411//2712 1412//2571
f 3435//2737 3439//2738 3438//2739
f 3436//2740 3440//2741 3439//2738
f 3438//2739 3442//2742 3441//2743
f 3439//2738 3443//2744 3442//2742
f 203//2546 3435//2737 1404//2602
f 1473//2545 3436//2740 3435//2737
f 1474//2558 3437//2745 3436//2740
f 1475//2557 1452//2652 3437//2745
f 3437//2745 1453//2661 3440//2741
f 3440//2741 1454//2660 3443//2744
f 3443//2744 212//2659 1494//2735
f 3442//2742 1494//2735 1495//2734
f 3441//2743 1495//2734 1496//2733
f 1406//2604 1496//2733 204//2570
f 1405//2603 3441//2743 1406//2604
f 1404//2602 3438//2739 1405//2603
f 3444//2746 3448//2747 3447//2748
f 3445//2749 3449//2750 3448//2747
f 3448//2747 3450//2751 3447//2748
f 3449//2750 3451//2752 3448//2747
f 205//2533 3444//2746 1413//2629
f 1526//2753 3445//2749 3444//2746
f 1525//2754 3446//2755 3445//2749
f 217//2756 3446//2755 1524//2757
f 1497//2758 3449//2750 3446//2755
f 3449//2750 1499//2759 3452//2760
f 3452//2760 218//2549 1523//2548
f 3452//2760 1522//2547 3451//2752
f 3451//2752 1521//2544 3450//2751
f 3450//2751 203//2546 1415//2632
f 3447//2748 1415//2632 1414//2630
f 1413//2629 3447//2748 1414//2630
f 3453//2761 3457//756 3456//2762
f 3455//2763 3457//756 3454//2764
f 3457//756 3459//2765 3456//2762
f 3457//756 3461//2766 3460//2767
f 217//2756 3453//2761 1497//2758
f 1514//2768 3454//2764 3453//2761
f 1512//2769 3454//2764 1513//2770
f 221//2771 3455//2763 1512//2769
f 1503//2772 3458//2773 3455//2763
f 3458//2773 1505//2774 3461//2766
f 3461//2766 222//2552 1511//2775
f 3460//2767 1511//2775 1510//2550
f 3460//2767 1509//2776 3459//2765
f 3459//2765 218//2549 1499//2759
f 3456//2762 1499//2759 1498//2777
f 1497//2758 3456//2762 1498//2777
f 3462//2778 3466//756 3465//2762
f 3464//2779 3466//756 3463//2780
f 3466//756 3468//2781 3465//2762
f 3466//756 3470//2782 3469//2783
f 220//2784 3462//2778 1502//2785
f 1515//2786 3463//2780 3462//2778
f 1517//2787 3463//2780 1516//2788
f 224//2789 3464//2779 1517//2787
f 1508//2790 3467//2773 3464//2779
f 3467//2773 1506//2791 3470//2782
f 3470//2782 223//2792 1518//2793
f 3469//2783 1518//2793 1519//2794
f 3469//2783 1520//2795 3468//2781
f 3468//2781 219//2796 1500//2797
f 3465//2762 1500//2797 1501//2798
f 1502//2785 3465//2762 1501//2798
f 3472//2799 3474//2800 3471//2801
f 3473//2802 3475//2803 3472//2799
f 3474//2800 3478//2804 3477//2805
f 3475//2803 3479//2806 3478//2804
f 1535//2807 1467//2679 216//2808
f 1534//2809 3471//2801 1535//2807
f 1533//2810 3472//2799 1534//2809
f 223//2792 3473//2802 1533//2810
f 1506//2791 3476//2811 3473//2802
f 3476//2811 1508//2790 3479//2806
f 3479//2806 224//2789 1532//2812
f 3478//2804 1532//2812 1531//2813
f 3477//2805 1531//2813 1530//2814
f 1469//2680 1530//2814 210//2682
f 1468//2653 3477//2805 1469//2680
f 3471//2801 1468//2653 1467//2679
f 3481//2815 3483//2800 3480//2816
f 3482//2817 3484//2818 3481//2815
f 3483//2800 3487//2819 3486//2820
f 3484//2818 3488//2821 3487//2819
f 1527//2555 1463//2651 211//2556
f 1528//2554 3480//2816 1527//2555
f 1529//2553 3481//2815 1528//2554
f 222//2552 3482//2817 1529//2553
f 1505//2774 3485//2822 3482//2817
f 3485//2822 1503//2772 3488//2821
f 3488//2821 221//2771 1538//2823
f 3487//2819 1538//2823 1537//2824
f 3486//2820 1537//2824 1536//2825
f 1461//2655 1536//2825 213//2826
f 1462//2653 3486//2820 1461//2655
f 3480//2816 1462//2653 1463//2651
f 3489//2827 3493//2828 3492//2829
f 3490//2830 3494//2831 3493//2828
f 3492//2829 3496//2832 3495//2833
f 3493//2828 3497//2834 3496//2832
f 210//2682 3489//2827 1484//2696
f 1530//2814 3490//2830 3489//2827
f 1531//2813 3491//2835 3490//2830
f 224//2789 3491//2835 1532//2812
f 3491//2835 1516//2788 3494//2831
f 3494//2831 1515//2786 3497//2834
f 3497//2834 220//2784 1541//2836
f 3496//2832 1541//2836 1540//2837
f 3495//2833 1540//2837 1539//2838
f 1482//2698 1539//2838 202//2699
f 1483//2697 3495//2833 1482//2698
f 1484//2696 3492//2829 1483//2697
f 3498//2839 3502//2840 3501//2841
f 3499//2842 3503//2843 3502//2840
f 3501//2841 3505//2844 3504//2845
f 3502//2840 3506//2846 3505//2844
f 213//2826 3498//2839 1476//2530
f 1536//2825 3499//2842 3498//2839
f 1537//2824 3500//2847 3499//2842
f 221//2771 3500//2847 1538//2823
f 3500//2847 1513//2770 3503//2843
f 1513//2770 3506//2846 3503//2843
f 3506//2846 217//2756 1524//2757
f 3505//2844 1524//2757 1525//2754
f 3504//2845 1525//2754 1526//2753
f 1478//2532 1526//2753 205//2533
f 1477//2531 3504//2845 1478//2532
f 1476//2530 3501//2841 1477//2531
f 3508//2848 3510//2849 3507//2850
f 3509//2851 3511//2852 3508//2848
f 3511//2852 3513//2853 3510//2849
f 3512//2854 3514//2855 3511//2852
f 1544//2856 1493//2722 208//2721
f 1543//2857 3507//2850 1544//2856
f 1542//2858 3508//2848 1543//2857
f 219//2796 3509//2851 1542//2858
f 1520//2795 3512//2854 3509//2851
f 1519//2794 3515//2859 3512//2854
f 3515//2859 223//2792 1533//2810
f 3515//2859 1534//2809 3514//2855
f 3514//2855 1535//2807 3513//2853
f 3513//2853 216//2808 1491//2725
f 3510//2849 1491//2725 1492//2723
f 3507//2850 1492//2723 1493//2722
f 3516//2860 3520//2861 3519//2862
f 3517//2863 3521//2864 3520//2861
f 3520//2861 3522//2865 3519//2862
f 3521//2864 3523//2866 3520//2861
f 202//2699 3516//2860 1421//1831
f 1539//2838 3517//2863 3516//2860
f 1540//2837 3518//2867 3517//2863
f 220//2784 3518//2867 1541//2836
f 1502//2785 3521//2864 3518//2867
f 3521//2864 1500//2797 3524//2868
f 3524//2868 219//2796 1542//2858
f 3524//2868 1543//2857 3523//2866
f 3523//2866 1544//2856 3522//2865
f 3522//2865 208//2721 1419//1834
f 3519//2862 1419//1834 1420//1832
f 1421//1831 3519//2862 1420//1832
f 1545//1 1546//5 1549//2
f 1547//4 1550//16 1549//2
f 1549//2 1552//8 1551//6
f 1549//2 1550//16 1553//7
f 1//9 245//11 1545//1
f 245//11 244//13 1546//5
f 243//12 1547//4 1546//5
f 5//14 254//15 1547//4
f 254//15 253//1528 1550//16
f 1550//16 253//1528 252//17
f 1553//7 252//17 7//18
f 1552//8 1553//7 227//19
f 1552//8 226//20 225//21
f 1551//6 225//21 3//22
f 1548//3 1551//6 236//23
f 234//10 1545//1 1548//3
f 1554//25 1555//29 1558//26
f 1556//28 1559//32 1558//26
f 1557//27 1558//26 1561//30
f 1559//32 1562//40 1561//30
f 272//33 1554//25 302//34
f 271//36 1555//29 1554//25
f 271//36 270//37 1556//28
f 270//37 6//158 297//38
f 297//38 298//39 1559//32
f 298//39 299//41 1562//40
f 299//41 16//218 294//42
f 1562//40 294//42 295//43
f 1560//31 1561//30 295//43
f 300//45 1560//31 296//44
f 301//47 1557//27 1560//31
f 302//34 1554//25 1557//27
f 1564//48 1567//52 1566//49
f 1565//51 1568//61 1567//52
f 1566//49 1567//52 1570//53
f 1567//52 1568//61 1571//55
f 10//56 233//59 1563//50
f 232//58 1564//48 1563//50
f 231//60 1565//51 1564//48
f 3//22 225//21 1565//51
f 225//21 226//20 1568//61
f 1568//61 226//20 227//19
f 1571//55 227//19 7//18
f 1570//53 1571//55 257//62
f 1569//54 1570//53 256//63
f 1569//54 255//64 9//65
f 1566//49 1569//54 228//66
f 230//57 1563//50 1566//49
f 1573//68 1576//72 1575//69
f 1574//71 1577//81 1576//72
f 1575//69 1576//72 1579//73
f 1576//72 1577//81 1580//75
f 11//76 242//79 1572//70
f 241//78 1573//68 1572//70
f 240//80 1574//71 1573//68
f 1//9 234//10 1574//71
f 234//10 235//24 1577//81
f 1577//81 235//24 236//23
f 1580//75 236//23 3//22
f 1579//73 1580//75 231//60
f 1578//74 1579//73 232//58
f 1578//74 233//59 10//56
f 1575//69 1578//74 237//82
f 239//77 1572//70 1575//69
f 1582//84 1585//88 1584//85
f 1583//87 1586//97 1585//88
f 1584//85 1585//88 1588//89
f 1585//88 1586//97 1589//91
f 12//92 251//95 1581//86
f 250//94 1582//84 1581//86
f 249//96 1583//87 1582//84
f 5//14 243//12 1583//87
f 243//12 244//13 1586//97
f 1586//97 244//13 245//11
f 1589//91 245//11 1//9
f 1588//89 1589//91 240//80
f 1587//90 1588//89 241//78
f 1587//90 242//79 11//76
f 1584//85 1587//90 246//98
f 248//93 1581//86 1584//85
f 1591//100 1594//104 1593//101
f 1592//103 1595//109 1594//104
f 1593//101 1594//104 1597//105
f 1594//104 1595//109 1598//107
f 9//65 255//64 1590//102
f 256//63 1591//100 1590//102
f 257//62 1592//103 1591//100
f 7//18 252//17 1592//103
f 252//17 253//1528 1595//109
f 1595//109 253//1528 254//15
f 1598//107 254//15 5//14
f 1597//105 1598//107 249//96
f 1596//106 1597//105 250//94
f 1596//106 251//95 12//92
f 1593//101 1596//106 258//110
f 260//108 1590//102 1593//101
f 1599//112 1600//116 1603//113
f 1601//115 1604//119 1603//113
f 1602//114 1603//113 1606//117
f 1604//119 1607//127 1606//117
f 8//35 261//121 1599//112
f 261//121 262//123 1600//116
f 263//122 1601//115 1600//116
f 4//124 276//125 1601//115
f 276//125 277//126 1604//119
f 277//126 278//128 1607//127
f 278//128 10//56 230//57
f 1607//127 230//57 229//67
f 1605//118 1606//117 229//67
f 273//129 1605//118 228//66
f 274//130 1602//114 1605//118
f 275//120 1599//112 1602//114
f 1608//131 1609//135 1612//132
f 1610//134 1613//138 1612//132
f 1611//133 1612//132 1615//136
f 1613//138 1616//145 1615//136
f 4//124 264//139 1608//131
f 264//139 265//141 1609//135
f 266//140 1610//134 1609//135
f 2//142 279//143 1610//134
f 279//143 280//144 1613//138
f 280//144 281//146 1616//145
f 281//146 11//76 239//77
f 1616//145 239//77 238//83
f 1614//137 1615//136 238//83
f 278//128 1614//137 237//82
f 277//126 1611//133 1614//137
f 276//125 1608//131 1611//133
f 1617//147 1618//151 1621//148
f 1619//150 1622//154 1621//148
f 1620//149 1621//148 1624//152
f 1622//154 1625//161 1624//152
f 2//142 267//155 1617//147
f 267//155 268//157 1618//151
f 269//156 1619//150 1618//151
f 6//158 282//159 1619//150
f 282//159 283//160 1622//154
f 283//160 284//162 1625//161
f 284//162 12//92 248//93
f 1625//161 248//93 247//99
f 1623//153 1624//152 247//99
f 281//146 1623//153 246//98
f 280//144 1620//149 1623//153
f 279//143 1617//147 1620//149
f 1626//163 1627//167 1630//164
f 1628//166 1631//170 1630//164
f 1629//165 1630//164 1633//168
f 1631//170 1634//171 1633//168
f 6//158 270//37 1626//163
f 270//37 271//36 1627//167
f 272//33 1628//166 1627//167
f 8//35 275//120 1628//166
f 275//120 274//130 1631//170
f 274//130 273//129 1634//171
f 273//129 9//65 260//108
f 1634//171 260//108 259//111
f 1632//169 1633//168 259//111
f 284//162 1632//169 258//110
f 283//160 1629//165 1632//169
f 282//159 1626//163 1629//165
f 1636//172 1639//173 1638//173
f 1637//174 1640//173 1639//173
f 1638//173 1639//173 1642//175
f 1639//173 1640//173 1643//176
f 17//177 554//179 1635//174
f 554//179 553//179 1636//172
f 553//179 552//179 1637//174
f 28//180 347//181 1637//174
f 347//181 346//182 1640//173
f 346//182 345//585 1643//176
f 1643//176 345//585 53//183
f 1643//176 579//184 580//184
f 1642//175 580//184 581//184
f 1641//175 581//184 67//184
f 1638//173 1641//175 620//185
f 1635//174 1638//173 619//186
f 1644//187 1645//191 1648//188
f 1646//190 1649//194 1648//188
f 1647//189 1648//188 1651//192
f 1649//194 1652//198 1651//192
f 266//140 1644//187 308//195
f 265//141 1645//191 1644//187
f 265//141 264//139 1646//190
f 264//139 4//124 303//196
f 303//196 304//197 1649//194
f 304//197 305//199 1652//198
f 305//199 14//231 288//200
f 1652//198 288//200 289//201
f 1650//193 1651//192 289//201
f 306//203 1650//193 290//202
f 307//205 1647//189 1650//193
f 308//195 1644//187 1647//189
f 1653//206 1654//210 1657//207
f 1655//209 1658//213 1657//207
f 1656//208 1657//207 1660//211
f 1658//213 1661//214 1660//211
f 269//156 1653//206 297//38
f 268//157 1654//210 1653//206
f 268//157 267//155 1655//209
f 267//155 2//142 308//195
f 1655//209 308//195 307//205
f 307//205 306//203 1661//214
f 306//203 15//204 291//215
f 1660//211 1661//214 291//215
f 1660//211 292//216 293//217
f 299//41 1659//212 293//217
f 298//39 1656//208 1659//212
f 1653//206 1656//208 298//39
f 1662//219 1663//223 1666//220
f 1664//222 1667//226 1666//220
f 1665//221 1666//220 1669//224
f 1667//226 1670//227 1669//224
f 263//122 1662//219 303//196
f 262//123 1663//223 1662//219
f 262//123 261//121 1664//222
f 261//121 8//35 302//34
f 1664//222 302//34 301//47
f 301//47 300//45 1670//227
f 300//45 13//46 285//228
f 1669//224 1670//227 285//228
f 1669//224 286//229 287//230
f 305//199 1668//225 287//230
f 304//197 1665//221 1668//225
f 303//196 1662//219 1665//221
f 1672//232 1675//236 1674//233
f 1672//232 1673//241 1676//235
f 1675//236 1678//239 1677//237
f 1675//236 1676//235 1679//238
f 296//44 1671//234 320//240
f 295//43 1672//232 1671//234
f 295//43 294//42 1673//241
f 294//42 16//218 324//242
f 1673//241 324//242 325//243
f 1676//235 325//243 326//244
f 1679//238 326//244 19//245
f 1678//239 1679//238 489//246
f 1678//239 490//247 491//248
f 1677//237 491//248 18//249
f 1674//233 1677//237 318//250
f 1671//234 1674//233 319//251
f 1680//252 1681//256 1684//253
f 1682//255 1685//259 1684//253
f 1683//254 1684//253 1687//257
f 1685//259 1688//268 1687//257
f 23//260 389//262 1680//252
f 389//262 388//264 1681//256
f 387//263 1682//255 1681//256
f 29//265 356//266 1682//255
f 356//266 355//267 1685//259
f 355//267 354//477 1688//268
f 1688//268 354//477 46//269
f 1687//257 1688//268 462//270
f 1686//258 1687//257 463//271
f 314//273 1686//258 464//272
f 313//275 1683//254 1686//258
f 312//261 1680//252 1683//254
f 1689//276 1690//280 1693//277
f 1691//279 1694//283 1693//277
f 1692//278 1693//277 1696//281
f 1694//283 1697//292 1696//281
f 30//284 384//286 1689//276
f 384//286 385//288 1690//280
f 386//287 1691//279 1690//280
f 24//289 329//290 1691//279
f 329//290 328//291 1694//283
f 328//291 327//293 1697//292
f 327//293 51//442 524//294
f 1697//292 524//294 523//295
f 1696//281 523//295 522//296
f 1695//282 522//296 55//297
f 349//299 1692//278 1695//282
f 348//285 1689//276 1692//278
f 1699//300 1702//304 1701//301
f 1699//300 1700//312 1703//303
f 1702//304 1705//307 1704//305
f 1702//304 1703//303 1706//306
f 336//308 1698//302 351//309
f 337//311 1699//300 1698//302
f 337//311 338//313 1700//312
f 338//313 23//260 312//261
f 1700//312 312//261 313//275
f 1703//303 313//275 314//273
f 1706//306 314//273 44//274
f 1705//307 1706//306 449//314
f 1705//307 448//315 447//316
f 1704//305 447//316 43//317
f 1701//301 1704//305 353//318
f 1698//302 1701//301 352//319
f 1707//320 1708//324 1711//321
f 1709//323 1712//332 1711//321
f 1711//321 1714//327 1713//325
f 1711//321 1712//332 1715//326
f 24//289 341//329 1707//320
f 341//329 340//331 1708//324
f 339//330 1709//323 1708//324
f 23//260 338//313 1709//323
f 338//313 337//311 1712//332
f 1712//332 337//311 336//308
f 1715//326 336//308 22//310
f 1714//327 1715//326 335//333
f 1714//327 334//334 333//335
f 1713//325 333//335 21//336
f 1710//322 1713//325 344//337
f 342//328 1707//320 1710//322
f 1717//339 1720//343 1719//340
f 1718//342 1721//345 1720//343
f 1720//343 1723//346 1722//344
f 1721//345 1724//354 1723//346
f 317//347 1716//341 414//348
f 316//350 1717//339 1716//341
f 315//351 1718//342 1717//339
f 15//204 321//352 1718//342
f 321//352 322//353 1721//345
f 322//353 323//355 1724//354
f 323//355 38//688 438//356
f 1724//354 438//356 439//357
f 1723//346 439//357 440//358
f 1722//344 440//358 42//359
f 1719//340 1722//344 416//360
f 1716//341 1719//340 415//361
f 1726//362 1729//366 1728//363
f 1726//362 1727//371 1730//365
f 1729//366 1732//369 1731//367
f 1729//366 1730//365 1733//368
f 293//217 1725//364 380//370
f 292//216 1726//362 1725//364
f 292//216 291//215 1727//371
f 291//215 15//204 315//351
f 1727//371 315//351 316//350
f 1730//365 316//350 317//347
f 1733//368 317//347 25//349
f 1732//369 1733//368 357//372
f 1732//369 358//373 359//374
f 1731//367 359//374 26//375
f 1728//363 1731//367 378//376
f 1725//364 1728//363 379//377
f 1734//378 1735//382 1738//379
f 1736//381 1739//385 1738//379
f 1737//380 1738//379 1741//383
f 1739//385 1742//391 1741//383
f 36//386 417//388 1734//378
f 417//388 418//390 1735//382
f 419//389 1736//381 1735//382
f 22//310 351//309 1736//381
f 351//309 352//319 1739//385
f 352//319 353//318 1742//391
f 353//318 43//317 479//392
f 1742//391 479//392 478//393
f 1741//383 478//393 477//394
f 1740//384 477//394 48//395
f 331//397 1737//380 1740//384
f 332//387 1734//378 1737//380
f 1744//398 1747//398 1746//398
f 1745//398 1748//398 1747//398
f 1747//398 1750//398 1749//398
f 1748//398 1751//398 1750//398
f 617//399 1743//398 554//179
f 616//400 1744//398 1743//398
f 615//401 1745//398 1744//398
f 20//402 363//403 1745//398
f 363//403 364//403 1748//398
f 364//403 365//403 1751//398
f 1751//398 365//403 27//404
f 1751//398 360//405 361//406
f 1750//398 361//406 362//407
f 1749//398 362//407 28//180
f 553//179 1746//398 1749//398
f 554//179 1743//398 1746//398
f 1753//408 1756//412 1755//409
f 1753//408 1754//417 1757//411
f 1756//412 1759//415 1758//413
f 1756//412 1757//411 1760//414
f 362//407 1752//410 372//416
f 361//406 1753//408 1752//410
f 361//406 360//405 1754//417
f 360//405 27//404 377//418
f 1754//417 377//418 376//419
f 1757//411 376//419 375//420
f 1760//414 375//420 29//265
f 1759//415 1760//414 369//421
f 1759//415 370//422 371//423
f 1758//413 371//423 30//284
f 1755//409 1758//413 374//424
f 1752//410 1755//409 373//425
f 1762//426 1765//430 1764//427
f 1762//426 1763//434 1766//429
f 1765//430 1768//433 1767//431
f 1765//430 1766//429 1769//432
f 342//328 1761//428 329//290
f 343//338 1762//426 1761//428
f 343//338 344//337 1763//434
f 344//337 21//336 383//435
f 1763//434 383//435 382//436
f 1766//429 382//436 381//437
f 1769//432 381//437 52//438
f 1768//433 1769//432 503//439
f 1768//433 502//440 501//441
f 1767//431 501//441 51//442
f 1764//427 1767//431 327//293
f 1761//428 1764//427 328//291
f 1771//443 1774//447 1773//444
f 1771//443 1772//451 1775//446
f 1773//444 1774//447 1777//448
f 1775//446 1778//454 1777//448
f 419//389 1770//445 776//450
f 418//390 1771//443 1770//445
f 418//390 417//388 1772//451
f 417//388 36//386 771//452
f 1772//451 771//452 772//453
f 772//453 773//455 1778//454
f 773//455 96//1252 759//456
f 1778//454 759//456 760//457
f 1776//449 1777//448 760//457
f 774//459 1776//449 761//458
f 775//461 1773//444 1776//449
f 1770//445 1773//444 775//461
f 1780//462 1783//466 1782//463
f 1781//465 1784//468 1783//466
f 1783//466 1786//469 1785//467
f 1784//468 1787//472 1786//469
f 375//420 1779//464 356//266
f 376//419 1780//462 1779//464
f 377//418 1781//465 1780//462
f 27//404 392//470 1781//465
f 392//470 391//471 1784//468
f 391//471 390//473 1787//472
f 390//473 45//666 461//474
f 1787//472 461//474 460//475
f 1786//469 460//475 459//476
f 1785//467 459//476 46//269
f 1782//463 1785//467 354//477
f 1779//464 1782//463 355//267
f 1789//478 1792//482 1791//479
f 1790//481 1793//484 1792//482
f 1792//482 1795//485 1794//483
f 1793//484 1796//491 1795//485
f 75//486 641//489 1788//480
f 640//488 1789//478 1788//480
f 639//490 1790//481 1789//478
f 25//349 414//348 1790//481
f 414//348 415//361 1793//484
f 415//361 416//360 1796//491
f 1796//491 416//360 42//359
f 1796//491 648//492 649//493
f 1795//485 649//493 650//494
f 692//495 1794//483 650//494
f 1791//479 1794//483 692//495
f 690//487 1788//480 1791//479
f 1798//498 1801//498 1800//498
f 1798//498 1799//498 1802//498
f 1801//498 1804//498 1803//498
f 1802//498 1805//498 1804//498
f 611//499 1797//498 560//500
f 611//499 610//503 1798//498
f 609//502 1799//498 1798//498
f 59//504 399//505 1799//498
f 399//505 400//505 1802//498
f 400//505 401//505 1805//498
f 1805//498 401//505 33//506
f 1805//498 396//507 397//508
f 1804//498 397//508 398//509
f 558//500 1803//498 398//509
f 559//500 1800//498 1803//498
f 560//500 1797//498 1800//498
f 1807//511 1810//515 1809//512
f 1807//511 1808//520 1811//514
f 1810//515 1813//518 1812//516
f 1810//515 1811//514 1814//517
f 398//509 1806//513 411//519
f 397//508 1807//511 1806//513
f 397//508 396//507 1808//520
f 396//507 33//506 410//521
f 1808//520 410//521 409//522
f 1811//514 409//522 408//523
f 1814//517 408//523 35//524
f 1813//518 1814//517 405//525
f 1813//518 406//526 407//527
f 1812//516 407//527 36//386
f 1809//512 1812//516 413//528
f 1806//513 1809//512 412//529
f 1816//530 1819//534 1818//531
f 1816//530 1817//539 1820//533
f 1819//534 1822//537 1821//535
f 1819//534 1820//533 1823//536
f 287//230 1815//532 309//538
f 286//229 1816//530 1815//532
f 286//229 285//228 1817//539
f 285//228 13//46 420//540
f 1817//539 420//540 421//541
f 1820//533 421//541 422//542
f 1823//536 422//542 31//543
f 1822//537 1823//536 393//544
f 1822//537 394//545 395//546
f 1821//535 395//546 32//547
f 1818//531 1821//535 311//548
f 1815//532 1818//531 310//549
f 1825//550 1828//554 1827//551
f 1825//550 1826//561 1829//553
f 1828//554 1831//557 1830//555
f 1828//554 1829//553 1832//556
f 423//558 1824//552 770//559
f 424//560 1825//550 1824//552
f 424//560 425//562 1826//561
f 425//562 21//336 765//563
f 1826//561 765//563 766//564
f 1829//553 766//564 767//565
f 1832//556 767//565 89//566
f 1831//557 1832//556 764//567
f 1831//557 763//568 762//569
f 1830//555 762//569 95//570
f 1827//551 1830//555 768//571
f 1824//552 1827//551 769//572
f 1833//573 1834//576 1837//574
f 1834//576 1835//581 1838//577
f 1836//575 1837//574 1840//578
f 1837//574 1838//577 1841//580
f 28//180 372//416 1833//573
f 372//416 373//425 1834//576
f 373//425 374//424 1835//581
f 374//424 30//284 348//285
f 1835//581 348//285 349//299
f 1838//577 349//299 350//298
f 1841//580 350//298 55//297
f 1840//578 1841//580 515//582
f 1839//579 1840//578 514//583
f 345//585 1839//579 513//584
f 346//182 1836//575 1839//579
f 347//181 1833//573 1836//575
f 1842//586 1843//590 1846//587
f 1844//589 1847//593 1846//587
f 1845//588 1846//587 1849//591
f 1847//593 1850//596 1849//591
f 21//336 425//562 1842//586
f 425//562 424//560 1843//590
f 423//558 1844//589 1843//590
f 35//524 426//594 1844//589
f 426//594 427//595 1847//593
f 427//595 428//805 1850//596
f 1850//596 428//805 58//597
f 1849//591 1850//596 534//598
f 1848//592 1849//591 535//599
f 381//437 1848//592 536//600
f 382//436 1845//588 1848//592
f 383//435 1842//586 1845//588
f 1852//601 1855//605 1854//602
f 1853//604 1856//607 1855//605
f 1855//605 1858//608 1857//606
f 1856//607 1859//615 1858//608
f 452//609 1851//603 479//392
f 451//610 1852//601 1851//603
f 450//611 1853//604 1852//601
f 40//612 476//613 1853//604
f 476//613 475//614 1856//607
f 475//614 474//616 1859//615
f 474//616 47//712 471//617
f 1859//615 471//617 472//618
f 1858//608 472//618 473//619
f 1857//606 473//619 48//395
f 1854//602 1857//606 477//394
f 1851//603 1854//602 478//393
f 1861//620 1864//620 1863//620
f 1862//620 1865//620 1864//620
f 1864//620 1867//620 1866//620
f 1865//620 1868//620 1867//620
f 608//620 1860//620 441//621
f 607//620 1861//620 1860//620
f 606//620 1862//620 1861//620
f 62//622 566//622 1862//620
f 566//622 565//622 1865//620
f 565//622 564//622 1868//620
f 1868//620 564//622 40//612
f 1868//620 435//623 436//623
f 1867//620 436//623 437//623
f 1866//620 437//623 41//624
f 442//621 1863//620 1866//620
f 441//621 1860//620 1863//620
f 1869//625 1870//625 1873//626
f 1871//625 1874//626 1873//626
f 1873//626 1876//627 1875//627
f 1873//626 1874//626 1877//627
f 41//624 437//623 1869//625
f 436//623 1870//625 1869//625
f 435//623 1871//625 1870//625
f 435//623 40//612 450//611
f 1871//625 450//611 451//610
f 1874//626 451//610 452//609
f 452//609 43//317 447//316
f 1876//627 1877//627 447//316
f 1876//627 448//315 449//314
f 453//629 1875//627 449//314
f 1872//626 1875//627 453//629
f 1869//625 1872//626 454//630
f 1878//631 1879//634 1882//632
f 1879//634 1880//643 1883//635
f 1881//633 1882//632 1885//636
f 1882//632 1883//635 1886//638
f 71//639 444//641 1878//631
f 444//641 445//642 1879//634
f 445//642 446//644 1880//643
f 446//644 37//684 432//645
f 1880//643 432//645 433//646
f 1883//635 433//646 434//647
f 1886//638 434//647 39//648
f 1885//636 1886//638 470//649
f 1884//637 1885//636 469//650
f 689//652 1884//637 468//651
f 688//654 1881//633 1884//637
f 687//640 1878//631 1881//633
f 1887//655 1888//658 1891//656
f 1888//658 1889//664 1892//659
f 1890//657 1891//656 1894//660
f 1891//656 1892//659 1895//662
f 41//624 455//628 1887//655
f 455//628 454//630 1888//658
f 454//630 453//629 1889//664
f 453//629 44//274 464//272
f 1889//664 464//272 463//271
f 1892//659 463//271 462//270
f 1895//662 462//270 46//269
f 1894//660 1895//662 459//476
f 1893//661 1894//660 460//475
f 465//665 1893//661 461//474
f 466//667 1890//657 1893//661
f 467//663 1887//655 1890//657
f 1896//668 1897//668 1900//669
f 1898//668 1901//669 1900//669
f 1899//669 1900//669 1903//670
f 1900//669 1901//669 1904//670
f 441//621 1896//668 600//668
f 441//621 442//621 1897//668
f 442//621 443//621 1898//668
f 41//624 467//663 1898//668
f 467//663 466//667 1901//669
f 1901//669 466//667 465//665
f 1904//670 465//665 45//666
f 1903//670 1904//670 458//671
f 1903//670 457//671 456//671
f 602//670 1902//670 456//671
f 601//669 1899//669 1902//670
f 1896//668 1899//669 601//669
f 1906//672 1909//676 1908//673
f 1906//672 1907//680 1910//675
f 1909//676 1912//679 1911//677
f 1909//676 1910//675 1913//678
f 290//202 1905//674 321//352
f 289//201 1906//672 1905//674
f 289//201 288//200 1907//680
f 288//200 14//231 480//681
f 1907//680 480//681 481//682
f 1910//675 481//682 482//683
f 1913//678 482//683 37//684
f 1912//679 1913//678 429//685
f 1912//679 430//686 431//687
f 1911//677 431//687 38//688
f 1908//673 1911//677 323//355
f 1905//674 1908//673 322//353
f 1914//689 1915//692 1918//690
f 1915//692 1916//697 1919//693
f 1917//691 1918//690 1921//694
f 1918//690 1919//693 1922//696
f 14//231 309//538 1914//689
f 309//538 310//549 1915//692
f 310//549 311//548 1916//697
f 311//548 32//547 483//698
f 1916//697 483//698 484//699
f 1919//693 484//699 485//700
f 1922//696 485//700 39//648
f 1921//694 1922//696 434//647
f 1920//695 1921//694 433//646
f 482//683 1920//695 432//645
f 481//682 1917//691 1920//695
f 480//681 1914//689 1917//691
f 1923//701 1924//704 1927//702
f 1924//704 1925//710 1928//705
f 1926//703 1927//702 1930//706
f 1927//702 1928//705 1931//708
f 34//510 411//519 1923//701
f 411//519 412//529 1924//704
f 412//529 413//528 1925//710
f 413//528 36//386 332//387
f 1925//710 332//387 331//397
f 1928//705 331//397 330//396
f 1931//708 330//396 48//395
f 1930//706 1931//708 473//619
f 1929//707 1930//706 472//618
f 486//711 1929//707 471//617
f 487//713 1926//703 1929//707
f 488//709 1923//701 1926//703
f 1933//714 1936//715 1935//715
f 1934//714 1937//715 1936//715
f 1935//715 1936//715 1939//716
f 1936//715 1937//715 1940//716
f 60//501 560//500 1932//714
f 559//500 1933//714 1932//714
f 559//500 558//500 1934//714
f 34//510 488//709 1934//714
f 488//709 487//713 1937//715
f 1937//715 487//713 486//711
f 1940//716 486//711 47//712
f 1940//716 570//718 571//718
f 1939//716 571//718 572//718
f 1938//716 572//718 64//718
f 1935//715 1938//716 599//719
f 1932//714 1935//715 598//720
f 1941//721 1942//724 1945//722
f 1942//724 1943//733 1946//725
f 1944//723 1945//722 1948//726
f 1945//722 1946//725 1949//728
f 73//729 495//731 1941//721
f 495//731 496//732 1942//724
f 496//732 497//734 1943//733
f 497//734 19//245 518//735
f 1943//733 518//735 517//736
f 1946//725 517//736 516//737
f 1949//728 516//737 54//738
f 1948//726 1949//728 512//739
f 1947//727 1948//726 511//740
f 686//742 1947//727 510//741
f 685//744 1944//723 1947//727
f 684//730 1941//721 1944//723
f 1950//745 1951//745 1954//746
f 1952//745 1955//746 1954//746
f 1954//746 1957//747 1956//747
f 1954//746 1955//746 1958//747
f 50//748 494//750 1950//745
f 494//750 493//750 1951//745
f 492//750 1952//745 1951//745
f 492//750 49//759 504//751
f 1952//745 504//751 505//752
f 1955//746 505//752 506//753
f 1958//747 506//753 51//442
f 1957//747 1958//747 501//441
f 1956//747 1957//747 502//440
f 507//754 1956//747 503//439
f 1953//746 1956//747 507//754
f 1950//745 1953//746 508//755
f 1960//756 1963//756 1962//756
f 1960//756 1961//756 1964//756
f 1963//756 1966//756 1965//756
f 1964//756 1967//756 1966//756
f 593//756 1959//756 498//757
f 592//756 1960//756 1959//756
f 591//756 1961//756 1960//756
f 65//758 575//758 1961//756
f 1961//756 575//758 574//758
f 574//758 573//758 1967//756
f 1967//756 573//758 49//759
f 1967//756 492//750 493//750
f 1966//756 493//750 494//750
f 1965//756 494//750 50//748
f 499//757 1962//756 1965//756
f 498//757 1959//756 1962//756
f 1969//760 1972//764 1971//761
f 1970//763 1973//766 1972//764
f 1972//764 1975//767 1974//765
f 1973//766 1976//770 1975//767
f 506//753 1968//762 524//294
f 505//752 1969//760 1968//762
f 504//751 1970//763 1969//760
f 49//759 521//768 1970//763
f 521//768 520//769 1973//766
f 520//769 519//771 1976//770
f 519//771 53//183 513//584
f 1976//770 513//584 514//583
f 1975//767 514//583 515//582
f 1974//765 515//582 55//297
f 1971//761 1974//765 522//296
f 1968//762 1971//761 523//295
f 1978//772 1981//774 1980//773
f 1979//772 1982//774 1981//774
f 1980//773 1981//774 1984//775
f 1981//774 1982//774 1985//775
f 498//757 1977//772 588//772
f 498//757 499//757 1978//772
f 499//757 500//757 1979//772
f 50//748 537//776 1979//772
f 537//776 538//777 1982//774
f 538//777 539//792 1985//775
f 1985//775 539//792 57//778
f 1985//775 527//779 526//779
f 1984//775 526//779 525//779
f 1983//775 525//779 68//779
f 1980//773 1983//775 590//775
f 1977//772 1980//773 589//773
f 1986//780 1987//783 1990//781
f 1987//783 1988//788 1991//784
f 1989//782 1990//781 1993//785
f 1990//781 1991//784 1994//787
f 50//748 509//749 1986//780
f 509//749 508//755 1987//783
f 508//755 507//754 1988//788
f 507//754 52//438 536//600
f 1988//788 536//600 535//599
f 1991//784 535//599 534//598
f 1994//787 534//598 58//597
f 1993//785 1994//787 528//789
f 1992//786 1993//785 529//790
f 539//792 1992//786 530//791
f 538//777 1989//782 1992//786
f 537//776 1986//780 1989//782
f 1996//793 1999//797 1998//794
f 1997//796 2000//799 1999//797
f 1999//797 2002//800 2001//798
f 2000//799 2003//803 2002//800
f 408//523 1995//795 426//594
f 409//522 1996//793 1995//795
f 410//521 1997//796 1996//793
f 33//506 543//801 1997//796
f 543//801 544//802 2000//799
f 544//802 545//804 2003//803
f 545//804 57//778 530//791
f 2003//803 530//791 529//790
f 2002//800 529//790 528//789
f 2001//798 528//789 58//597
f 1998//794 2001//798 428//805
f 1995//795 1998//794 427//595
f 2004//806 2005//809 2008//807
f 2005//809 2006//814 2009//810
f 2007//808 2008//807 2011//811
f 2008//807 2009//810 2012//813
f 16//218 380//370 2004//806
f 380//370 379//377 2005//809
f 379//377 378//376 2006//814
f 378//376 26//375 542//815
f 2006//814 542//815 541//816
f 2009//810 541//816 540//817
f 2012//813 540//817 54//738
f 2011//811 2012//813 516//737
f 2010//812 2011//811 517//736
f 326//244 2010//812 518//735
f 325//243 2007//808 2010//812
f 324//242 2004//806 2007//808
f 2014//818 2017//822 2016//819
f 2015//821 2018//824 2017//822
f 2017//822 2020//825 2019//823
f 2018//824 2021//833 2020//825
f 76//826 644//829 2013//820
f 643//828 2014//818 2013//820
f 642//830 2015//821 2014//818
f 31//543 546//831 2015//821
f 546//831 547//832 2018//824
f 547//832 548//853 2021//833
f 2021//833 548//853 56//834
f 2021//833 654//835 655//836
f 2020//825 655//836 656//837
f 2019//823 656//837 80//838
f 2016//819 2019//823 683//839
f 681//827 2013//820 2016//819
f 2023//841 2026//845 2025//842
f 2024//844 2027//847 2026//845
f 2026//845 2029//848 2028//846
f 2027//847 2030//849 2029//848
f 422//542 2022//843 546//831
f 421//541 2023//841 2022//843
f 420//540 2024//844 2023//841
f 13//46 320//240 2024//844
f 320//240 319//251 2027//847
f 319//251 318//250 2030//849
f 318//250 18//249 531//850
f 2030//849 531//850 532//851
f 2029//848 532//851 533//852
f 2028//846 533//852 56//834
f 2025//842 2028//846 548//853
f 2022//843 2025//842 547//832
f 2032//854 2035//855 2034//855
f 2033//854 2036//855 2035//855
f 2035//855 2038//856 2037//856
f 2036//855 2039//856 2038//856
f 33//506 401//505 2031//854
f 400//505 2032//854 2031//854
f 399//505 2033//854 2032//854
f 59//504 585//857 2033//854
f 585//857 586//1058 2036//855
f 2036//855 586//1058 587//858
f 587//858 68//779 525//779
f 2039//856 525//779 526//779
f 2037//856 2038//856 526//779
f 2037//856 527//779 57//778
f 544//802 2034//855 2037//856
f 2031//854 2034//855 544//802
f 2041//772 2044//773 2043//774
f 2042//772 2045//773 2044//773
f 2044//773 2047//775 2046//775
f 2044//773 2045//773 2048//775
f 576//757 2040//772 678//859
f 577//757 2041//772 2040//772
f 578//757 2042//772 2041//772
f 66//757 588//772 2042//772
f 588//772 589//773 2045//773
f 2045//773 589//773 590//775
f 590//775 68//779 584//861
f 2048//775 584//861 583//862
f 2047//775 583//862 582//863
f 2046//775 582//863 80//838
f 679//865 2043//774 2046//775
f 2040//772 2043//774 679//865
f 2050//756 2053//756 2052//756
f 2050//756 2051//756 2054//756
f 2053//756 2056//756 2055//756
f 2053//756 2054//756 2057//756
f 79//860 677//866 2049//756
f 676//866 2050//756 2049//756
f 675//866 2051//756 2050//756
f 73//729 635//758 2051//756
f 2051//756 635//758 634//758
f 634//758 633//758 2057//756
f 633//758 65//758 591//756
f 2056//756 2057//756 591//756
f 2056//756 592//756 593//756
f 2055//756 593//756 66//757
f 2052//756 2055//756 578//757
f 2049//756 2052//756 577//757
f 2059//867 2062//868 2061//868
f 2060//867 2063//868 2062//868
f 2062//868 2065//869 2064//869
f 2063//868 2066//869 2065//869
f 49//759 573//758 2058//867
f 574//758 2059//867 2058//867
f 575//758 2060//867 2059//867
f 65//758 594//867 2060//867
f 594//867 595//868 2063//868
f 2063//868 595//868 596//869
f 596//869 67//184 581//184
f 2066//869 581//184 580//184
f 2065//869 580//184 579//184
f 2064//869 579//184 53//183
f 520//769 2061//868 2064//869
f 2058//867 2061//868 520//769
f 2068//870 2071//874 2070//871
f 2069//873 2072//876 2071//874
f 2071//874 2074//877 2073//875
f 2072//876 2075//883 2074//877
f 626//878 2067//872 672//879
f 625//881 2068//870 2067//872
f 625//881 624//882 2069//873
f 624//882 60//501 597//717
f 597//717 598//720 2072//876
f 598//720 599//719 2075//883
f 599//719 64//718 630//884
f 2075//883 630//884 631//885
f 2074//877 631//885 632//886
f 2073//875 632//886 72//653
f 2070//871 2073//875 674//887
f 2067//872 2070//871 673//888
f 2077//668 2080//669 2079//669
f 2078//668 2081//669 2080//669
f 2080//669 2083//670 2082//670
f 2080//669 2081//669 2084//670
f 561//621 2076//668 669//889
f 561//621 562//621 2077//668
f 563//621 2078//668 2077//668
f 563//621 61//621 600//668
f 2078//668 600//668 601//669
f 2081//669 601//669 602//670
f 602//670 63//671 569//891
f 2084//670 569//891 568//892
f 2083//670 568//892 567//893
f 671//894 2082//670 567//893
f 670//895 2079//669 2082//670
f 2076//668 2079//669 670//895
f 2086//896 2089//897 2088//897
f 2087//896 2090//897 2089//897
f 2089//897 2092//898 2091//898
f 2090//897 2093//898 2092//898
f 40//612 564//622 2085//896
f 565//622 2086//896 2085//896
f 566//622 2087//896 2086//896
f 62//622 603//896 2087//896
f 603//896 604//897 2090//897
f 2090//897 604//897 605//898
f 605//898 64//718 572//718
f 2093//898 572//718 571//718
f 2092//898 571//718 570//718
f 2091//898 570//718 47//712
f 2088//897 2091//898 474//616
f 2085//896 2088//897 475//614
f 2095//620 2098//620 2097//620
f 2096//620 2099//620 2098//620
f 2098//620 2101//620 2100//620
f 2098//620 2099//620 2102//620
f 77//890 668//899 2094//620
f 667//899 2095//620 2094//620
f 667//899 666//899 2096//620
f 71//639 629//622 2096//620
f 629//622 628//622 2099//620
f 628//622 627//622 2102//620
f 627//622 62//622 606//620
f 2101//620 2102//620 606//620
f 2101//620 607//620 608//620
f 2100//620 608//620 61//621
f 2097//620 2100//620 563//621
f 2094//620 2097//620 562//621
f 2103//900 2104//904 2107//901
f 2105//903 2108//912 2107//901
f 2107//901 2110//907 2109//905
f 2107//901 2108//912 2111//906
f 70//880 665//908 2103//900
f 665//908 664//910 2104//904
f 663//909 2105//903 2104//904
f 76//826 555//911 2105//903
f 555//911 556//1056 2108//912
f 2108//912 556//1056 557//913
f 2111//906 557//913 59//504
f 2110//907 2111//906 609//502
f 2110//907 610//503 611//499
f 2109//905 611//499 60//501
f 2106//902 2109//905 624//882
f 626//878 2103//900 2106//902
f 2113//914 2116//915 2115//915
f 2113//914 2114//914 2117//915
f 2116//915 2119//916 2118//916
f 2116//915 2117//915 2120//916
f 27//404 365//403 2112//914
f 364//403 2113//914 2112//914
f 364//403 363//403 2114//914
f 363//403 20//402 612//917
f 612//917 613//1069 2117//915
f 2117//915 613//1069 614//918
f 614//918 63//671 456//671
f 2119//916 2120//916 456//671
f 2118//916 2119//916 457//671
f 2118//916 458//671 45//666
f 391//471 2115//915 2118//916
f 2112//914 2115//915 391//471
f 2121//919 2122//923 2125//920
f 2123//922 2126//933 2125//920
f 2125//920 2128//926 2127//924
f 2125//920 2126//933 2129//925
f 69//927 662//929 2121//919
f 662//929 661//931 2122//923
f 660//930 2123//922 2122//923
f 75//486 549//932 2123//922
f 549//932 550//1067 2126//933
f 2126//933 550//1067 551//934
f 2129//925 551//934 20//402
f 2128//926 2129//925 615//401
f 2128//926 616//400 617//399
f 2127//924 617//399 17//177
f 2124//921 2127//924 621//935
f 623//928 2121//919 2124//921
f 2131//937 2134//941 2133//938
f 2132//940 2135//943 2134//941
f 2134//941 2137//944 2136//942
f 2135//943 2138//946 2137//944
f 623//928 2130//939 657//945
f 622//936 2131//937 2130//939
f 622//936 621//935 2132//940
f 621//935 17//177 618//178
f 618//178 619//186 2135//943
f 619//186 620//185 2138//946
f 620//185 67//184 636//947
f 2138//946 636//947 637//948
f 2137//944 637//948 638//949
f 2136//942 638//949 74//743
f 2133//938 2136//942 659//950
f 2130//939 2133//938 658//951
f 2139//952 2140//955 2143//953
f 2140//955 2141//962 2144//956
f 2142//954 2143//953 2146//957
f 2143//953 2144//956 2147//959
f 26//375 368//960 2139//952
f 368//960 367//961 2140//955
f 367//961 366//963 2141//962
f 69//927 657//945 2141//962
f 657//945 658//951 2144//956
f 2144//956 658//951 659//950
f 2147//959 659//950 74//743
f 2146//957 2147//959 510//741
f 2145//958 2146//957 511//740
f 540//817 2145//958 512//739
f 541//816 2142//954 2145//958
f 542//815 2139//952 2142//954
f 2149//964 2152//968 2151//965
f 2149//964 2150//973 2153//967
f 2152//968 2155//971 2154//969
f 2152//968 2153//967 2156//970
f 359//374 2148//966 734//972
f 358//373 2149//964 2148//966
f 358//373 357//372 2150//973
f 357//372 25//349 729//974
f 2150//973 729//974 730//975
f 2153//967 730//975 731//976
f 2156//970 731//976 85//977
f 2155//971 2156//970 717//978
f 2155//971 718//979 719//980
f 2154//969 719//980 86//981
f 2151//965 2154//969 732//982
f 2148//966 2151//965 733//983
f 2158//984 2161//988 2160//985
f 2158//984 2159//993 2162//987
f 2161//988 2164//991 2163//989
f 2161//988 2162//987 2165//990
f 642//830 2157//986 710//992
f 643//828 2158//984 2157//986
f 643//828 644//829 2159//993
f 644//829 76//826 705//994
f 2159//993 705//994 706//995
f 2162//987 706//995 707//996
f 2165//990 707//996 84//997
f 2164//991 2165//990 701//998
f 2164//991 700//999 699//1000
f 2163//989 699//1000 81//1001
f 2160//985 2163//989 708//1002
f 2157//986 2160//985 709//1003
f 2166//1004 2167//1004 2170//1005
f 2167//1004 2168//1004 2171//1006
f 2169//1005 2170//1005 2173//1007
f 2171//1006 2174//1007 2173//1007
f 431//687 2166//1004 645//1008
f 431//687 430//686 2167//1004
f 429//685 2168//1004 2167//1004
f 429//685 37//684 446//644
f 2168//1004 446//644 445//642
f 445//642 444//641 2174//1007
f 444//641 71//639 666//899
f 2173//1007 2174//1007 666//899
f 2173//1007 667//899 668//899
f 2172//1007 668//899 77//890
f 646//1010 2169//1005 2172//1007
f 2166//1004 2169//1005 646//1010
f 2176//1011 2179//1015 2178//1012
f 2177//1014 2180//1017 2179//1015
f 2179//1015 2182//1018 2181//1016
f 2180//1017 2183//1019 2182//1018
f 645//1008 2175//1013 438//356
f 646//1010 2176//1011 2175//1013
f 647//1009 2177//1014 2176//1011
f 77//890 669//889 2177//1014
f 669//889 670//895 2180//1017
f 670//895 671//894 2183//1019
f 671//894 78//496 650//494
f 2183//1019 650//494 649//493
f 2182//1018 649//493 648//492
f 2181//1016 648//492 42//359
f 2178//1012 2181//1016 440//358
f 2175//1013 2178//1012 439//357
f 2184//1020 2185//1023 2188//1021
f 2185//1023 2186//1030 2189//1024
f 2187//1022 2188//1021 2191//1025
f 2188//1021 2189//1024 2192//1027
f 32//547 404//1028 2184//1020
f 404//1028 403//1029 2185//1023
f 403//1029 402//1031 2186//1030
f 70//880 672//879 2186//1030
f 672//879 673//888 2189//1024
f 2189//1024 673//888 674//887
f 674//887 72//653 468//651
f 2191//1025 2192//1027 468//651
f 2190//1026 2191//1025 469//650
f 2190//1026 470//649 39//648
f 484//699 2187//1022 2190//1026
f 483//698 2184//1020 2187//1022
f 2193//1032 2194//1032 2197//1033
f 2194//1032 2195//1036 2198//1033
f 2197//1033 2200//1034 2199//1034
f 2197//1033 2198//1033 2201//1034
f 18//249 491//248 2193//1032
f 490//247 2194//1032 2193//1032
f 490//247 489//246 2195//1036
f 489//246 19//245 497//734
f 2195//1036 497//734 496//732
f 496//732 495//731 2201//1034
f 495//731 73//729 675//866
f 2201//1034 675//866 676//866
f 2200//1034 676//866 677//866
f 2199//1034 677//866 79//860
f 652//1038 2196//1033 2199//1034
f 2193//1032 2196//1033 652//1038
f 2203//1039 2206//1043 2205//1040
f 2204//1042 2207//1045 2206//1043
f 2206//1043 2209//1046 2208//1044
f 2207//1045 2210//1047 2209//1046
f 651//1035 2202//1041 531//850
f 652//1038 2203//1039 2202//1041
f 653//1037 2204//1042 2203//1039
f 79//860 678//859 2204//1042
f 678//859 679//865 2207//1045
f 679//865 680//864 2210//1047
f 680//864 80//838 656//837
f 2210//1047 656//837 655//836
f 2209//1046 655//836 654//835
f 2208//1044 654//835 56//834
f 2205//1040 2208//1044 533//852
f 2202//1041 2205//1040 532//851
f 2211//1048 2212//1051 2215//1049
f 2212//1051 2213//1057 2216//1052
f 2214//1050 2215//1049 2218//1053
f 2215//1049 2216//1052 2219//1055
f 557//913 2211//1048 585//857
f 556//1056 2212//1051 2211//1048
f 556//1056 555//911 2213//1057
f 555//911 76//826 681//827
f 2213//1057 681//827 682//840
f 2216//1052 682//840 683//839
f 2219//1055 683//839 80//838
f 2218//1053 2219//1055 582//863
f 2217//1054 2218//1053 583//862
f 587//858 2217//1054 584//861
f 586//1058 2214//1050 2217//1054
f 585//857 2211//1048 2214//1050
f 2220//867 2221//867 2224//868
f 2222//867 2225//868 2224//868
f 2224//868 2227//869 2226//869
f 2225//868 2228//869 2227//869
f 633//758 2220//867 594//867
f 634//758 2221//867 2220//867
f 635//758 2222//867 2221//867
f 635//758 73//729 684//730
f 684//730 685//744 2225//868
f 2225//868 685//744 686//742
f 686//742 74//743 638//949
f 2228//869 638//949 637//948
f 2226//869 2227//869 637//948
f 596//869 2226//869 636//947
f 2223//868 2226//869 596//869
f 594//867 2220//867 2223//868
f 2229//896 2230//896 2233//897
f 2231//896 2234//897 2233//897
f 2233//897 2236//898 2235//898
f 2234//897 2237//898 2236//898
f 627//622 2229//896 603//896
f 628//622 2230//896 2229//896
f 629//622 2231//896 2230//896
f 629//622 71//639 687//640
f 687//640 688//654 2234//897
f 2234//897 688//654 689//652
f 689//652 72//653 632//886
f 2237//898 632//886 631//885
f 2235//898 2236//898 631//885
f 605//898 2235//898 630//884
f 2232//897 2235//898 605//898
f 603//896 2229//896 2232//897
f 2238//1059 2239//1062 2242//1060
f 2239//1062 2240//1068 2243//1063
f 2241//1061 2242//1060 2245//1064
f 2242//1060 2243//1063 2246//1066
f 551//934 2238//1059 612//917
f 550//1067 2239//1062 2238//1059
f 550//1067 549//932 2240//1068
f 549//932 75//486 690//487
f 2240//1068 690//487 691//497
f 2243//1063 691//497 692//495
f 2246//1066 692//495 78//496
f 2245//1064 2246//1066 567//893
f 2244//1065 2245//1064 568//892
f 614//918 2244//1065 569//891
f 613//1069 2241//1061 2244//1065
f 612//917 2238//1059 2241//1061
f 2248//1070 2251//498 2250//1071
f 2248//1070 2249//1080 2252//1073
f 2250//1071 2251//498 2254//1074
f 2252//1073 2255//1082 2254//1074
f 695//1076 2247//1072 698//1077
f 694//1079 2248//1070 2247//1072
f 694//1079 693//1081 2249//1080
f 693//1081 81//1001 699//1000
f 2249//1080 699//1000 700//999
f 700//999 701//998 2255//1082
f 701//998 84//997 702//1083
f 2255//1082 702//1083 703//1084
f 2253//1075 2254//1074 703//1084
f 696//1086 2253//1075 704//1085
f 697//1088 2250//1071 2253//1075
f 2247//1072 2250//1071 697//1088
f 2257//1089 2260//1093 2259//1090
f 2257//1089 2258//1097 2261//1092
f 2260//1093 2263//1096 2262//1094
f 2260//1093 2261//1092 2264//1095
f 663//909 2256//1091 705//994
f 664//910 2257//1089 2256//1091
f 664//910 665//908 2258//1097
f 665//908 70//880 711//1098
f 2258//1097 711//1098 712//1099
f 2261//1092 712//1099 713//1100
f 2264//1095 713//1100 83//1087
f 2263//1096 2264//1095 704//1085
f 2263//1096 703//1084 702//1083
f 2262//1094 702//1083 84//997
f 2259//1090 2262//1094 707//996
f 2256//1091 2259//1090 706//995
f 2266//1101 2269//1105 2268//1102
f 2266//1101 2267//1110 2270//1104
f 2269//1105 2272//1108 2271//1106
f 2269//1105 2270//1104 2273//1107
f 395//546 2265//1103 716//1109
f 394//545 2266//1101 2265//1103
f 394//545 393//544 2267//1110
f 393//544 31//543 710//992
f 2267//1110 710//992 709//1003
f 2270//1104 709//1003 708//1002
f 2273//1107 708//1002 81//1001
f 2272//1108 2273//1107 693//1081
f 2272//1108 694//1079 695//1076
f 2271//1106 695//1076 82//1078
f 2268//1102 2271//1106 714//1111
f 2265//1103 2268//1102 715//1112
f 2275//1113 2278//1117 2277//1114
f 2275//1113 2276//1121 2279//1116
f 2278//1117 2281//1120 2280//1118
f 2278//1117 2279//1116 2282//1119
f 402//1031 2274//1115 711//1098
f 403//1029 2275//1113 2274//1115
f 403//1029 404//1028 2276//1121
f 404//1028 32//547 716//1109
f 2276//1121 716//1109 715//1112
f 2279//1116 715//1112 714//1111
f 2282//1119 714//1111 82//1078
f 2281//1120 2282//1119 698//1077
f 2281//1120 697//1088 696//1086
f 2280//1118 696//1086 83//1087
f 2277//1114 2280//1118 713//1100
f 2274//1115 2277//1114 712//1099
f 2284//1122 2287//398 2286//1123
f 2284//1122 2285//1129 2288//1125
f 2286//1123 2287//398 2290//1126
f 2288//1125 2291//1132 2290//1126
f 719//980 2283//1124 722//1128
f 718//979 2284//1122 2283//1124
f 718//979 717//978 2285//1129
f 717//978 85//977 723//1130
f 2285//1129 723//1130 724//1131
f 724//1131 725//1133 2291//1132
f 725//1133 88//1164 726//1134
f 2291//1132 726//1134 727//1135
f 2289//1127 2290//1126 727//1135
f 720//1137 2289//1127 728//1136
f 721//1139 2286//1123 2289//1127
f 2283//1124 2286//1123 721//1139
f 2293//1140 2296//1144 2295//1141
f 2293//1140 2294//1149 2297//1143
f 2296//1144 2299//1147 2298//1145
f 2296//1144 2297//1143 2300//1146
f 366//963 2292//1142 737//1148
f 367//961 2293//1140 2292//1142
f 367//961 368//960 2294//1149
f 368//960 26//375 734//972
f 2294//1149 734//972 733//983
f 2297//1143 733//983 732//982
f 2300//1146 732//982 86//981
f 2299//1147 2300//1146 722//1128
f 2299//1147 721//1139 720//1137
f 2298//1145 720//1137 87//1138
f 2295//1141 2298//1145 735//1150
f 2292//1142 2295//1141 736//1151
f 2302//1152 2305//1156 2304//1153
f 2302//1152 2303//1160 2306//1155
f 2305//1156 2308//1159 2307//1157
f 2305//1156 2306//1155 2309//1158
f 639//490 2301//1154 729//974
f 640//488 2302//1152 2301//1154
f 640//488 641//489 2303//1160
f 641//489 75//486 738//1161
f 2303//1160 738//1161 739//1162
f 2306//1155 739//1162 740//1163
f 2309//1158 740//1163 88//1164
f 2308//1159 2309//1158 725//1133
f 2308//1159 724//1131 723//1130
f 2307//1157 723//1130 85//977
f 2304//1153 2307//1157 731//976
f 2301//1154 2304//1153 730//975
f 2311//1165 2314//1169 2313//1166
f 2311//1165 2312//1173 2315//1168
f 2314//1169 2317//1172 2316//1170
f 2314//1169 2315//1168 2318//1171
f 660//930 2310//1167 738//1161
f 661//931 2311//1165 2310//1167
f 661//931 662//929 2312//1173
f 662//929 69//927 737//1148
f 2312//1173 737//1148 736//1151
f 2315//1168 736//1151 735//1150
f 2318//1171 735//1150 87//1138
f 2317//1172 2318//1171 728//1136
f 2317//1172 727//1135 726//1134
f 2316//1170 726//1134 88//1164
f 2313//1166 2316//1170 740//1163
f 2310//1167 2313//1166 739//1162
f 2320//1174 2323//1178 2322//1175
f 2321//1177 2324//1180 2323//1178
f 2323//1178 2326//1181 2325//1179
f 2324//1180 2327//1190 2326//1181
f 749//1182 2319//1176 821//1183
f 748//1185 2320//1174 2319//1176
f 747//1186 2321//1177 2320//1174
f 93//1187 818//1188 2321//1177
f 818//1188 817//1189 2324//1180
f 817//1189 816//1191 2327//1190
f 816//1191 101//1321 795//1192
f 2327//1190 795//1192 796//1193
f 2326//1181 796//1193 797//1194
f 2325//1179 797//1194 102//1195
f 2322//1175 2325//1179 819//1196
f 2319//1176 2322//1175 820//1197
f 2329//1198 2332//1202 2331//1199
f 2330//1201 2333//1204 2332//1202
f 2332//1202 2335//1205 2334//1203
f 2333//1204 2336//1214 2335//1205
f 813//1206 2328//1200 861//1207
f 814//1209 2329//1198 2328//1200
f 815//1210 2330//1201 2329//1198
f 99//1211 867//1212 2330//1201
f 867//1212 868//1213 2333//1204
f 868//1213 869//1483 2336//1214
f 2336//1214 869//1483 110//1215
f 2336//1214 851//1216 850//1217
f 2334//1203 2335//1205 850//1217
f 2334//1203 849//1218 106//1219
f 2331//1199 2334//1203 863//1220
f 2328//1200 2331//1199 862//1221
f 2338//1222 2341//1226 2340//1223
f 2338//1222 2339//1231 2342//1225
f 2341//1226 2344//1229 2343//1227
f 2341//1226 2342//1225 2345//1228
f 386//287 2337//1224 782//1230
f 385//288 2338//1222 2337//1224
f 385//288 384//286 2339//1231
f 384//286 30//284 777//1232
f 2339//1231 777//1232 778//1233
f 2342//1225 778//1233 779//1234
f 2345//1228 779//1234 94//1184
f 2344//1229 2345//1228 750//1235
f 2344//1229 751//568 752//1236
f 2343//1227 752//1236 92//1237
f 2340//1223 2343//1227 780//1238
f 2337//1224 2340//1223 781//1239
f 2347//1240 2350//1244 2349//1241
f 2347//1240 2348//1248 2351//1243
f 2349//1241 2350//1244 2353//1245
f 2350//1244 2351//1243 2354//1247
f 407//527 2346//1242 771//452
f 406//526 2347//1240 2346//1242
f 406//526 405//525 2348//1248
f 405//525 35//524 770//559
f 2348//1248 770//559 769//572
f 2351//1243 769//572 768//571
f 2354//1247 768//571 95//570
f 2353//1245 2354//1247 756//1249
f 2352//1246 2353//1245 757//1250
f 773//455 2352//1246 758//1251
f 772//453 2349//1241 2352//1246
f 2346//1242 2349//1241 772//453
f 2356//1253 2359//1257 2358//1254
f 2356//1253 2357//1262 2360//1256
f 2358//1254 2359//1257 2362//1258
f 2359//1257 2360//1256 2363//1260
f 339//330 2355//1255 785//1261
f 340//331 2356//1253 2355//1255
f 340//331 341//329 2357//1262
f 341//329 24//289 782//1230
f 2357//1262 782//1230 781//1239
f 2360//1256 781//1239 780//1238
f 2363//1260 780//1238 92//1237
f 2362//1258 2363//1260 746//1263
f 2361//1259 2362//1258 745//1264
f 783//1266 2361//1259 744//1265
f 784//1267 2358//1254 2361//1259
f 2355//1255 2358//1254 784//1267
f 2365//1268 2368//1272 2367//1269
f 2365//1268 2366//1275 2369//1271
f 2368//1272 2371//1274 2370//1273
f 2369//1271 2372//1276 2371//1274
f 333//335 2364//1270 765//563
f 334//334 2365//1268 2364//1270
f 334//334 335//333 2366//1275
f 335//333 22//310 776//450
f 2366//1275 776//450 775//461
f 775//461 774//459 2372//1276
f 774//459 90//460 743//1277
f 2372//1276 743//1277 742//1278
f 2371//1274 742//1278 741//1279
f 2370//1273 741//1279 89//566
f 2367//1269 2370//1273 767//565
f 2364//1270 2367//1269 766//564
f 2374//1280 2377//1284 2376//1281
f 2374//1280 2375//1288 2378//1283
f 2376//1281 2377//1284 2380//1285
f 2378//1283 2381//1289 2380//1285
f 387//263 2373//1282 788//1287
f 388//264 2374//1280 2373//1282
f 388//264 389//262 2375//1288
f 389//262 23//260 785//1261
f 2375//1288 785//1261 784//1267
f 784//1267 783//1266 2381//1289
f 783//1266 91//1208 755//1290
f 2381//1289 755//1290 754//1291
f 2379//1286 2380//1285 754//1291
f 786//1293 2379//1286 753//1292
f 787//1294 2376//1281 2379//1286
f 2373//1282 2376//1281 787//1294
f 2383//1295 2386//1299 2385//1296
f 2383//1295 2384//1302 2387//1298
f 2386//1299 2389//1301 2388//1300
f 2387//1298 2390//1303 2389//1301
f 371//423 2382//1297 777//1232
f 370//422 2383//1295 2382//1297
f 370//422 369//421 2384//1302
f 369//421 29//265 788//1287
f 2384//1302 788//1287 787//1294
f 787//1294 786//1293 2390//1303
f 786//1293 93//1187 747//1186
f 2390//1303 747//1186 748//1185
f 2389//1301 748//1185 749//1182
f 2388//1300 749//1182 94//1184
f 2385//1296 2388//1300 779//1234
f 2382//1297 2385//1296 778//1233
f 2392//1304 2395//1308 2394//1305
f 2393//1307 2396//1318 2395//1308
f 2394//1305 2395//1308 2398//1309
f 2395//1308 2396//1318 2399//1311
f 792//1312 2391//1306 803//1313
f 793//1314 2392//1304 2391//1306
f 794//1315 2393//1307 2392//1304
f 100//1316 800//1317 2393//1307
f 800//1317 799//1393 2396//1318
f 2396//1318 799//1393 798//1319
f 2399//1311 798//1319 102//1195
f 2398//1309 2399//1311 797//1194
f 2397//1310 2398//1309 796//1193
f 801//1320 2397//1310 795//1192
f 802//1322 2394//1305 2397//1310
f 2391//1306 2394//1305 802//1322
f 2400//1323 2401//1326 2404//1324
f 2401//1326 2402//1333 2405//1305
f 2404//1324 2407//1328 2406//1327
f 2405//1305 2408//1336 2407//1328
f 97//1329 789//1331 2400//1323
f 789//1331 790//1332 2401//1326
f 790//1332 791//1334 2402//1333
f 791//1334 98//1492 809//1335
f 2402//1333 809//1335 808//1322
f 808//1322 807//1337 2408//1336
f 807//1337 104//1382 806//1338
f 2408//1336 806//1338 805//1339
f 2407//1328 805//1339 804//1340
f 2406//1327 804//1340 103//1341
f 2403//1325 2406//1327 810//1342
f 812//1330 2400//1323 2403//1325
f 2410//1344 2413//1348 2412//1345
f 2411//1347 2414//1350 2413//1348
f 2413//1348 2416//1351 2415//1349
f 2414//1350 2417//1355 2416//1351
f 741//1279 2409//1346 827//1352
f 742//1278 2410//1344 2409//1346
f 743//1277 2411//1347 2410//1344
f 90//460 822//1353 2411//1347
f 822//1353 823//1354 2414//1350
f 823//1354 824//1356 2417//1355
f 824//1356 98//1492 791//1334
f 2417//1355 791//1334 790//1332
f 2416//1351 790//1332 789//1331
f 2415//1349 789//1331 97//1329
f 2412//1345 2415//1349 825//1357
f 2409//1346 2412//1345 826//1358
f 2419//1359 2422//1363 2421//1360
f 2419//1359 2420//1368 2423//1362
f 2422//1363 2425//1366 2424//1364
f 2422//1363 2423//1362 2426//1365
f 762//569 2418//1361 830//1367
f 763//568 2419//1359 2418//1361
f 763//568 764//567 2420//1368
f 764//567 89//566 827//1352
f 2420//1368 827//1352 826//1358
f 2423//1362 826//1358 825//1357
f 2426//1365 825//1357 97//1329
f 2426//1365 812//1330 811//1343
f 2424//1364 2425//1366 811//1343
f 2424//1364 810//1342 103//1341
f 2421//1360 2424//1364 828//1369
f 2418//1361 2421//1360 829//1370
f 2427//1371 2428//1374 2431//1372
f 2428//1374 2429//1380 2432//1375
f 2430//1373 2431//1372 2434//1376
f 2431//1372 2432//1375 2435//1378
f 96//1252 758//1251 2427//1371
f 758//1251 757//1250 2428//1374
f 757//1250 756//1249 2429//1380
f 756//1249 95//570 830//1367
f 2429//1380 830//1367 829//1370
f 2432//1375 829//1370 828//1369
f 2435//1378 828//1369 103//1341
f 2434//1376 2435//1378 804//1340
f 2433//1377 2434//1376 805//1339
f 831//1381 2433//1377 806//1338
f 832//1383 2430//1373 2433//1377
f 833//1379 2427//1371 2430//1373
f 2437//1359 2440//1387 2439//1384
f 2437//1359 2438//1392 2441//1386
f 2440//1387 2443//1390 2442//1388
f 2440//1387 2441//1386 2444//1389
f 752//1236 2436//1385 836//1391
f 751//568 2437//1359 2436//1385
f 751//568 750//1235 2438//1392
f 750//1235 94//1184 821//1183
f 2438//1392 821//1183 820//1197
f 2441//1386 820//1197 819//1196
f 2444//1389 819//1196 102//1195
f 2444//1389 798//1319 799//1393
f 2442//1388 2443//1390 799//1393
f 2442//1388 800//1317 100//1316
f 2439//1384 2442//1388 834//1394
f 2436//1385 2439//1384 835//1395
f 2445//1396 2446//1399 2449//1397
f 2446//1399 2447//1404 2450//1400
f 2448//1398 2449//1397 2452//1401
f 2449//1397 2450//1400 2453//1403
f 91//1208 744//1265 2445//1396
f 744//1265 745//1264 2446//1399
f 745//1264 746//1263 2447//1404
f 746//1263 92//1237 836//1391
f 2447//1404 836//1391 835//1395
f 2450//1400 835//1395 834//1394
f 2453//1403 834//1394 100//1316
f 2452//1401 2453//1403 794//1315
f 2451//1402 2452//1401 793//1314
f 815//1210 2451//1402 792//1312
f 814//1209 2448//1398 2451//1402
f 813//1206 2445//1396 2448//1398
f 2454//1405 2455//1409 2458//1406
f 2456//1408 2459//1412 2458//1406
f 2457//1407 2458//1406 2461//1410
f 2459//1412 2462//1414 2461//1410
f 93//1187 753//1292 2454//1405
f 753//1292 754//1291 2455//1409
f 755//1290 2456//1408 2455//1409
f 91//1208 861//1207 2456//1408
f 861//1207 862//1221 2459//1412
f 862//1221 863//1220 2462//1414
f 2462//1414 863//1220 106//1219
f 2461//1410 2462//1414 839//1415
f 2461//1410 838//1416 837//1417
f 2460//1411 837//1417 105//1418
f 865//1420 2457//1407 2460//1411
f 866//1413 2454//1405 2457//1407
f 2463//1421 2464//1424 2467//620
f 2465//1423 2468//1429 2467//620
f 2467//620 2470//1427 2469//1425
f 2467//620 2468//1429 2471//1426
f 105//1418 837//1417 2463//1421
f 837//1417 838//1416 2464//1424
f 839//1415 2465//1423 2464//1424
f 106//1219 849//1218 2465//1423
f 849//1218 850//1217 2468//1429
f 2468//1429 850//1217 851//1216
f 2471//1426 851//1216 110//1215
f 2470//1427 2471//1426 845//1430
f 2470//1427 844//1431 843//1432
f 2469//1425 843//1432 109//1433
f 2466//1422 2469//1425 852//1434
f 854//1428 2463//1421 2466//1422
f 2472//1436 2473//1424 2476//620
f 2474//1438 2477//1449 2476//620
f 2476//620 2479//1441 2478//1439
f 2476//620 2477//1449 2480//1440
f 108//1442 842//1444 2472//1436
f 842//1444 841//1446 2473//1424
f 840//1445 2474//1438 2473//1424
f 107//1447 860//1448 2474//1438
f 860//1448 859//1516 2477//1449
f 2477//1449 859//1516 858//1450
f 2480//1440 858//1450 111//1451
f 2479//1441 2480//1440 846//1452
f 2479//1441 847//1453 848//1454
f 2478//1439 848//1454 112//1455
f 2475//1437 2478//1439 857//1456
f 855//1443 2472//1436 2475//1437
f 2482//1458 2485//1462 2484//1459
f 2482//1458 2483//1467 2486//1461
f 2485//1462 2488//1465 2487//1463
f 2485//1462 2486//1461 2489//1464
f 807//1337 2481//1460 875//1466
f 808//1322 2482//1458 2481//1460
f 808//1322 809//1335 2483//1467
f 809//1335 98//1492 870//1468
f 2483//1467 870//1468 871//1469
f 2486//1461 871//1469 872//1470
f 2489//1464 872//1470 112//1455
f 2488//1465 2489//1464 848//1454
f 2488//1465 847//1453 846//1452
f 2487//1463 846//1452 111//1451
f 2484//1459 2487//1463 873//1471
f 2481//1460 2484//1459 874//1472
f 2491//1458 2494//1462 2493//1473
f 2491//1458 2492//1479 2495//1475
f 2494//1462 2497//1478 2496//1476
f 2494//1462 2495//1475 2498//1477
f 803//1313 2490//1474 867//1212
f 802//1322 2491//1458 2490//1474
f 802//1322 801//1320 2492//1479
f 801//1320 101//1321 876//1480
f 2492//1479 876//1480 877//1481
f 2495//1475 877//1481 878//1482
f 2498//1477 878//1482 109//1433
f 2497//1478 2498//1477 843//1432
f 2497//1478 844//1431 845//1430
f 2496//1476 845//1430 110//1215
f 2493//1473 2496//1476 869//1483
f 2490//1474 2493//1473 868//1213
f 2499//1484 2500//1487 2503//1485
f 2500//1487 2501//1493 2504//1488
f 2502//1486 2503//1485 2506//1489
f 2503//1485 2504//1488 2507//1491
f 98//1492 824//1356 2499//1484
f 824//1356 823//1354 2500//1487
f 823//1354 822//1353 2501//1493
f 822//1353 90//460 879//1494
f 2501//1493 879//1494 880//1495
f 2504//1488 880//1495 881//1496
f 2507//1491 881//1496 108//1442
f 2506//1489 2507//1491 855//1443
f 2505//1490 2506//1489 856//1457
f 2505//1490 857//1456 112//1455
f 871//1469 2502//1486 2505//1490
f 870//1468 2499//1484 2502//1486
f 2508//1497 2509//1500 2512//1498
f 2509//1500 2510//1505 2513//1501
f 2511//1499 2512//1498 2515//1502
f 2512//1498 2513//1501 2516//1504
f 101//1321 816//1191 2508//1497
f 816//1191 817//1189 2509//1500
f 817//1189 818//1188 2510//1505
f 818//1188 93//1187 866//1413
f 2510//1505 866//1413 865//1420
f 2513//1501 865//1420 864//1419
f 2516//1504 864//1419 105//1418
f 2516//1504 854//1428 853//1435
f 2514//1503 2515//1502 853//1435
f 2514//1503 852//1434 109//1433
f 877//1481 2511//1499 2514//1503
f 876//1480 2508//1497 2511//1499
f 2518//1506 2521//1510 2520//1507
f 2519//1509 2522//1512 2521//1510
f 2521//1510 2524//1513 2523//1511
f 2522//1512 2525//1515 2524//1513
f 833//1379 2517//1508 884//1514
f 832//1383 2518//1506 2517//1508
f 831//1381 2519//1509 2518//1506
f 104//1382 875//1466 2519//1509
f 875//1466 874//1472 2522//1512
f 874//1472 873//1471 2525//1515
f 2525//1515 873//1471 111//1451
f 2525//1515 858//1450 859//1516
f 2524//1513 859//1516 860//1448
f 2523//1511 860//1448 107//1447
f 2520//1507 2523//1511 882//1517
f 2517//1508 2520//1507 883//1518
f 2526//1519 2527//1523 2530//1520
f 2528//1522 2531//1526 2530//1520
f 2529//1521 2530//1520 2533//1524
f 2531//1526 2534//1527 2533//1524
f 90//460 761//458 2526//1519
f 761//458 760//457 2527//1523
f 759//456 2528//1522 2527//1523
f 96//1252 884//1514 2528//1522
f 884//1514 883//1518 2531//1526
f 883//1518 882//1517 2534//1527
f 2534//1527 882//1517 107//1447
f 2533//1524 2534//1527 840//1445
f 2533//1524 841//1446 842//1444
f 2532//1525 842//1444 108//1442
f 880//1495 2529//1521 2532//1525
f 879//1494 2526//1519 2529//1521
f 2535//4 2536//16 2539//2
f 2537//7 2540//8 2539//2
f 2539//2 2542//3 2541//1
f 2539//2 2540//8 2543//6
f 113//14 894//15 2535//4
f 894//15 895//1528 2536//16
f 896//17 2537//7 2536//16
f 115//18 885//19 2537//7
f 885//19 886//20 2540//8
f 2540//8 886//20 887//21
f 2543//6 887//21 119//22
f 2542//3 2543//6 912//23
f 2542//3 913//24 914//10
f 2541//1 914//10 117//9
f 2538//5 2541//1 903//11
f 905//12 2535//4 2538//5
f 2544//1529 2545//1532 2548//1530
f 2545//1532 2546//1540 2549//1533
f 2548//1530 2551//1535 2550//1534
f 2549//1533 2552//1544 2551//1535
f 962//1536 2544//1529 932//1537
f 962//1536 961//1539 2545//1532
f 961//1539 960//1541 2546//1540
f 960//1541 125//1627 956//1542
f 2546//1540 956//1542 955//1543
f 955//1543 954//1545 2552//1544
f 954//1545 128//1638 959//1546
f 2552//1544 959//1546 958//1547
f 2551//1535 958//1547 957//1548
f 930//1549 2550//1534 957//1548
f 931//1551 2547//1531 2550//1534
f 2544//1529 2547//1531 931//1551
f 2554//49 2557//52 2556//53
f 2554//49 2555//50 2558//48
f 2557//52 2560//61 2559//55
f 2557//52 2558//48 2561//51
f 122//65 890//66 2553//54
f 890//66 889//67 2554//49
f 888//57 2555//50 2554//49
f 121//56 915//59 2555//50
f 2555//50 915//59 916//58
f 2558//48 916//58 917//60
f 2561//51 917//60 119//22
f 2560//61 2561//51 887//21
f 2560//61 886//20 885//19
f 2559//55 885//19 115//18
f 2556//53 2559//55 891//62
f 2553//54 2556//53 892//63
f 2563//1552 2566//104 2565//105
f 2563//1552 2564//102 2567//100
f 2566//104 2569//109 2568//107
f 2566//104 2567//100 2570//103
f 123//92 899//110 2562//106
f 899//110 898//111 2563//1552
f 897//108 2564//102 2563//1552
f 122//65 893//64 2564//102
f 2564//102 893//64 892//63
f 2567//100 892//63 891//62
f 2570//103 891//62 115//18
f 2569//109 2570//103 896//17
f 2569//109 895//1528 894//15
f 2568//107 894//15 113//14
f 2565//105 2568//107 900//96
f 2562//106 2565//105 901//94
f 2572//85 2575//88 2574//89
f 2572//85 2573//86 2576//84
f 2575//88 2578//97 2577//91
f 2575//88 2576//84 2579//87
f 124//76 908//98 2571//90
f 908//98 907//99 2572//85
f 906//93 2573//86 2572//85
f 123//92 902//95 2573//86
f 2573//86 902//95 901//94
f 2576//84 901//94 900//96
f 2579//87 900//96 113//14
f 2578//97 2579//87 905//12
f 2578//97 904//13 903//11
f 2577//91 903//11 117//9
f 2574//89 2577//91 909//80
f 2571//90 2574//89 910//78
f 2581//69 2584//72 2583//73
f 2581//69 2582//70 2585//68
f 2584//72 2587//81 2586//75
f 2584//72 2585//68 2588//71
f 121//56 920//82 2580//74
f 920//82 919//83 2581//69
f 918//1553 2582//70 2581//69
f 124//76 911//79 2582//70
f 2582//70 911//79 910//78
f 2585//68 910//78 909//80
f 2588//71 909//80 117//9
f 2587//81 2588//71 914//10
f 2587//81 913//24 912//23
f 2586//75 912//23 119//22
f 2583//73 2586//75 917//60
f 2580//74 2583//73 916//58
f 2589//115 2590//119 2593//113
f 2590//119 2591//127 2594//117
f 2593//113 2596//114 2595//112
f 2594//117 2597//118 2596//114
f 120//1538 935//125 2589//115
f 935//125 934//1555 2590//119
f 934//1555 933//128 2591//127
f 933//128 121//56 888//57
f 2591//127 888//57 889//67
f 889//67 890//66 2597//118
f 890//66 122//65 938//129
f 2597//118 938//129 937//130
f 2596//114 937//130 936//120
f 2595//112 936//120 116//1556
f 2592//116 2595//112 923//1557
f 921//1554 2589//115 2592//116
f 2598//166 2599//170 2602//164
f 2599//170 2600//171 2603//168
f 2602//164 2605//165 2604//163
f 2603//168 2606//169 2605//165
f 116//1556 936//120 2598//166
f 936//120 937//130 2599//170
f 937//130 938//129 2600//171
f 938//129 122//65 897//108
f 2600//171 897//108 898//111
f 898//111 899//110 2606//169
f 899//110 123//92 941//162
f 2606//169 941//162 940//160
f 2605//165 940//160 939//159
f 2604//163 939//159 114//1559
f 2601//167 2604//163 926//1560
f 924//1558 2598//166 2601//167
f 2607//150 2608//154 2611//148
f 2608//154 2609//161 2612//152
f 2611//148 2614//149 2613//147
f 2612//152 2615//153 2614//149
f 114//1559 939//159 2607//150
f 939//159 940//160 2608//154
f 940//160 941//162 2609//161
f 941//162 123//92 906//93
f 2609//161 906//93 907//99
f 907//99 908//98 2615//153
f 908//98 124//76 944//146
f 2615//153 944//146 943//144
f 2614//149 943//144 942//143
f 2613//147 942//143 118//1550
f 2610//151 2613//147 929//1563
f 927//1562 2607//150 2610//151
f 2616//134 2617//138 2620//132
f 2617//138 2618//145 2621//136
f 2620//132 2623//133 2622//131
f 2621//136 2624//137 2623//133
f 118//1550 942//143 2616//134
f 942//143 943//144 2617//138
f 943//144 944//146 2618//145
f 944//146 124//76 918//1553
f 2618//145 918//1553 919//83
f 919//83 920//82 2624//137
f 920//82 121//56 933//128
f 2624//137 933//128 934//1555
f 2623//133 934//1555 935//125
f 2622//131 935//125 120//1538
f 2619//135 2622//131 932//1537
f 930//1549 2616//134 2619//135
f 2625//1564 2626//1565 2629//1565
f 2626//1565 2627//1566 2630//1566
f 2629//1565 2632//1565 2631//1564
f 2630//1566 2633//1566 2632//1565
f 1278//1567 2625//1564 1214//1568
f 1279//1570 2626//1565 2625//1564
f 1279//1570 1280//1572 2627//1566
f 179//1571 1241//1571 2627//1566
f 1241//1571 1240//1571 2630//1566
f 1240//1571 1239//1571 2633//1566
f 2633//1566 1239//1571 165//1573
f 2633//1566 1005//1574 1006//1575
f 2632//1565 1006//1575 1007//1576
f 2631//1564 1007//1576 140//1577
f 1213//1568 2628//1564 2631//1564
f 1214//1568 2625//1564 2628//1564
f 2634//1578 2635//1581 2638//1579
f 2635//1581 2636//1587 2639//1582
f 2638//1579 2641//1584 2640//1583
f 2639//1582 2642//1591 2641//1584
f 968//1585 2634//1578 926//1560
f 968//1585 967//1586 2635//1581
f 967//1586 966//1588 2636//1587
f 966//1588 127//1746 950//1589
f 2636//1587 950//1589 949//1590
f 949//1590 948//1592 2642//1591
f 948//1592 126//1904 965//1593
f 2642//1591 965//1593 964//1594
f 2641//1584 964//1594 963//1595
f 924//1558 2640//1583 963//1595
f 925//1561 2637//1580 2640//1583
f 2634//1578 2637//1580 925//1561
f 2643//1596 2644//1599 2647//1597
f 2644//1599 2645//1603 2648//1600
f 2647//1597 2650//1602 2649//1601
f 2648//1600 2651//1606 2650//1602
f 957//1548 2643//1596 929//1563
f 958//1547 2644//1599 2643//1596
f 958//1547 959//1546 2645//1603
f 959//1546 128//1638 953//1604
f 953//1604 952//1764 2648//1600
f 2648//1600 952//1764 951//1605
f 951//1605 127//1746 966//1588
f 2651//1606 966//1588 967//1586
f 2649//1601 2650//1602 967//1586
f 927//1562 2649//1601 968//1585
f 928//157 2646//1598 2649//1601
f 2643//1596 2646//1598 928//157
f 2652//1607 2653//1610 2656//1608
f 2653//1610 2654//1614 2657//1611
f 2656//1608 2659//1613 2658//1612
f 2657//1611 2660//1617 2659//1613
f 963//1595 2652//1607 923//1557
f 963//1595 964//1594 2653//1610
f 964//1594 965//1593 2654//1614
f 965//1593 126//1904 947//1615
f 947//1615 946//1915 2657//1611
f 2657//1611 946//1915 945//1616
f 945//1616 125//1627 960//1541
f 2660//1617 960//1541 961//1539
f 2658//1612 2659//1613 961//1539
f 921//1554 2658//1612 962//1536
f 922//123 2655//1609 2658//1612
f 2652//1607 2655//1609 922//123
f 2662//1618 2665//1622 2664//1619
f 2663//1621 2666//1632 2665//1622
f 2664//1619 2665//1622 2668//1623
f 2665//1622 2666//1632 2669//1625
f 980//1626 2661//1620 956//1542
f 979//1628 2662//1618 2661//1620
f 978//1629 2663//1621 2662//1618
f 130//1630 1151//1631 2663//1621
f 1151//1631 1150//2404 2666//1632
f 2666//1632 1150//2404 1149//1633
f 2669//1625 1149//1633 131//1634
f 2668//1623 2669//1625 986//1635
f 2667//1624 2668//1623 985//1636
f 954//1545 2667//1624 984//1637
f 955//1543 2664//1619 2667//1624
f 2661//1620 2664//1619 955//1543
f 2670//1639 2671//1642 2674//1640
f 2671//1642 2672//1650 2675//1643
f 2674//1640 2677//1645 2676//1644
f 2675//1643 2678//1655 2677//1645
f 135//1646 972//1648 2670//1639
f 972//1648 973//1649 2671//1642
f 973//1649 974//1651 2672//1650
f 974//1651 156//1704 1124//1652
f 2672//1650 1124//1652 1123//1653
f 2675//1643 1123//1653 1122//1654
f 2678//1655 1122//1654 158//1656
f 2678//1655 1014//1657 1015//1658
f 2677//1645 1015//1658 1016//1659
f 2676//1644 1016//1659 141//1660
f 2673//1641 2676//1644 1047//1661
f 1049//1647 2670//1639 2673//1641
f 2679//1663 2680//1666 2683//1664
f 2680//1666 2681//1674 2684//1667
f 2683//1664 2686//1669 2685//1668
f 2684//1667 2687//1679 2686//1669
f 142//1670 1008//1672 2679//1663
f 1008//1672 1009//1673 2680//1666
f 1009//1673 1010//1676 2681//1674
f 167//1675 1182//1677 2681//1674
f 1182//1677 1183//1678 2684//1667
f 1183//1678 1184//1680 2687//1679
f 1184//1680 163//1812 987//1681
f 2687//1679 987//1681 988//1682
f 2686//1669 988//1682 989//1683
f 2685//1668 989//1683 136//1684
f 2682//1665 2685//1668 1046//1685
f 1044//1671 2679//1663 2682//1665
f 2689//1687 2692//1691 2691//1688
f 2690//1690 2693//1702 2692//1691
f 2691//1688 2692//1691 2695//1692
f 2692//1691 2693//1702 2696//1694
f 1011//1695 2688//1689 996//1696
f 1012//1698 2689//1687 2688//1689
f 1013//1699 2690//1690 2689//1687
f 155//1700 1107//1701 2690//1690
f 1107//1701 1108//1995 2693//1702
f 2693//1702 1108//1995 1109//1703
f 2696//1694 1109//1703 156//1704
f 2695//1692 2696//1694 974//1651
f 2694//1693 2695//1692 973//1649
f 998//1705 2694//1693 972//1648
f 997//1706 2691//1688 2694//1693
f 2688//1689 2691//1688 997//1706
f 2697//1707 2698//1711 2701//1708
f 2699//1710 2702//1721 2701//1708
f 2701//1708 2704//1714 2703//1712
f 2701//1708 2702//1721 2705//1713
f 136//1684 1002//1716 2697//1707
f 1002//1716 1003//1718 2698//1711
f 1004//1717 2699//1710 2698//1711
f 133//1719 993//1720 2699//1710
f 993//1720 994//2617 2702//1721
f 2702//1721 994//2617 995//1722
f 2705//1713 995//1722 134//1697
f 2704//1714 2705//1713 996//1696
f 2704//1714 997//1706 998//1705
f 2703//1712 998//1705 135//1646
f 2700//1709 2703//1712 999//1723
f 1001//1715 2697//1707 2700//1709
f 2707//1725 2710//1729 2709//1726
f 2708//1728 2711//1731 2710//1729
f 2710//1729 2713//1732 2712//1730
f 2711//1731 2714//1741 2713//1732
f 1074//1733 2706//1727 977//1734
f 1075//1736 2707//1725 2706//1727
f 1076//1737 2708//1728 2707//1725
f 154//1738 1100//1739 2708//1728
f 1100//1739 1099//1740 2711//1731
f 1099//1740 1098//1742 2714//1741
f 1098//1742 150//2044 983//1743
f 2714//1741 983//1743 982//1744
f 2713//1732 982//1744 981//1745
f 2712//1730 981//1745 127//1746
f 2709//1726 2712//1730 975//1747
f 2706//1727 2709//1726 976//1748
f 2716//1749 2719//1753 2718//1750
f 2717//1752 2720//1762 2719//1753
f 2718//1750 2719//1753 2722//1754
f 2719//1753 2720//1762 2723//1756
f 1040//1757 2715//1751 953//1604
f 1039//1758 2716//1749 2715//1751
f 1038//1759 2717//1752 2716//1749
f 138//1760 1019//1761 2717//1752
f 1019//1761 1018//2346 2720//1762
f 2720//1762 1018//2346 1017//1763
f 2723//1756 1017//1763 137//1735
f 2722//1754 2723//1756 977//1734
f 2721//1755 2722//1754 976//1748
f 951//1605 2721//1755 975//1747
f 952//1764 2718//1750 2721//1755
f 2715//1751 2718//1750 952//1764
f 2724//1765 2725//1768 2728//1766
f 2725//1768 2726//1776 2729//1769
f 2728//1766 2731//1771 2730//1770
f 2729//1769 2732//1781 2731//1771
f 148//1772 992//1774 2724//1765
f 992//1774 991//1775 2725//1768
f 991//1775 990//1778 2726//1776
f 160//1777 1137//1779 2726//1776
f 1137//1779 1138//1780 2729//1769
f 1138//1780 1139//1782 2732//1781
f 1139//1782 155//1700 1013//1699
f 2732//1781 1013//1699 1012//1698
f 2731//1771 1012//1698 1011//1695
f 2730//1770 1011//1695 134//1697
f 2727//1767 2730//1770 1079//1783
f 1077//1773 2724//1765 2727//1767
f 2734//398 2737//398 2736//398
f 2735//398 2738//398 2737//398
f 2736//398 2737//398 2740//398
f 2737//398 2738//398 2741//398
f 1214//1568 2733//398 1277//401
f 1213//1568 2734//398 2733//398
f 1213//1568 1212//1568 2735//398
f 140//1577 1022//405 2735//398
f 1022//405 1021//406 2738//398
f 2738//398 1021//406 1020//407
f 2741//398 1020//407 139//1785
f 2741//398 1025//1786 1024//1786
f 2740//398 1024//1786 1023//1786
f 2739//398 1023//1786 132//1787
f 2736//398 2739//398 1275//399
f 2733//398 2736//398 1276//400
f 2743//1788 2746//1791 2745//408
f 2744//1790 2747//1799 2746//1791
f 2745//408 2746//1791 2749//1792
f 2746//1791 2747//1799 2750//1794
f 1032//1795 2742//1789 1022//405
f 1033//1796 2743//1788 2742//1789
f 1034//1797 2744//1790 2743//1788
f 142//1670 1031//1798 2744//1790
f 1031//1798 1030//2642 2747//1799
f 2747//1799 1030//2642 1029//1800
f 2750//1794 1029//1800 141//1660
f 2749//1792 2750//1794 1035//1801
f 2748//1793 2749//1792 1036//1802
f 1020//407 2748//1793 1037//1803
f 1021//406 2745//408 2748//1793
f 2742//1789 2745//408 1021//406
f 2752//1804 2755//1808 2754//1805
f 2753//1807 2756//1814 2755//1808
f 2754//1805 2755//1808 2758//1809
f 2755//1808 2756//1814 2759//1811
f 989//1683 2751//1806 1002//1716
f 988//1682 2752//1804 2751//1806
f 987//1681 2753//1807 2752//1804
f 163//1812 1161//1813 2753//1807
f 1161//1813 1162//2869 2756//1814
f 2756//1814 1162//2869 1163//1815
f 2759//1811 1163//1815 164//1816
f 2758//1809 2759//1811 1041//1817
f 2757//1810 2758//1809 1042//1818
f 1004//1717 2757//1810 1043//1819
f 1003//1718 2754//1805 2757//1810
f 2751//1806 2754//1805 1003//1718
f 2761//1820 2764//1824 2763//1821
f 2761//1820 2762//1829 2765//1823
f 2763//1821 2764//1824 2767//1825
f 2765//1823 2768//1833 2767//1825
f 1436//1827 2760//1822 1079//1783
f 1435//1828 2761//1820 2760//1822
f 1435//1828 1434//1830 2762//1829
f 1434//1830 202//2699 1421//1831
f 2762//1829 1421//1831 1420//1832
f 1420//1832 1419//1834 2768//1833
f 1419//1834 208//2721 1433//1835
f 2768//1833 1433//1835 1432//1836
f 2766//1826 2767//1825 1432//1836
f 1077//1773 2766//1826 1431//1837
f 1078//1784 2763//1821 2766//1826
f 2760//1822 2763//1821 1078//1784
f 2770//1838 2773//1842 2772//1839
f 2771//1841 2774//1844 2773//1842
f 2773//1842 2776//1845 2775//1843
f 2774//1844 2777//1848 2776//1845
f 1016//1659 2769//1840 1035//1801
f 1015//1658 2770//1838 2769//1840
f 1014//1657 2771//1841 2770//1838
f 158//1656 1119//1846 2771//1841
f 1119//1846 1120//1847 2774//1844
f 1120//1847 1121//1849 2777//1848
f 1121//1849 157//2279 1050//1850
f 2777//1848 1050//1850 1051//1851
f 2776//1845 1051//1851 1052//1852
f 2775//1843 1052//1852 139//1785
f 2772//1839 2775//1843 1037//1803
f 2769//1840 2772//1839 1036//1802
f 2779//1853 2782//1857 2781//1854
f 2780//1856 2783//1859 2782//1857
f 2782//1857 2785//1860 2784//1858
f 2783//1859 2786//1868 2785//1860
f 187//1861 1350//1863 2778//1855
f 1350//1863 1351//1865 2779//1853
f 1352//1864 2780//1856 2779//1853
f 1352//1864 190//2251 1310//1866
f 1310//1866 1309//1867 2783//1859
f 1309//1867 1308//2382 2786//1868
f 2786//1868 1308//2382 154//1738
f 2786//1868 1076//1737 1075//1736
f 2785//1860 1075//1736 1074//1733
f 2784//1858 1074//1733 137//1735
f 2781//1854 2784//1858 1299//1869
f 2778//1855 2781//1854 1300//1870
f 2787//498 2788//498 2791//498
f 2789//498 2792//498 2791//498
f 2790//498 2791//498 2794//498
f 2791//498 2792//498 2795//498
f 1220//1871 2787//498 1271//502
f 1219//1871 2788//498 2787//498
f 1219//1871 1218//1871 2789//498
f 146//1873 1058//507 2789//498
f 1058//507 1057//508 2792//498
f 2792//498 1057//508 1056//1874
f 2795//498 1056//1874 145//1875
f 2795//498 1061//1876 1060//1876
f 2794//498 1060//1876 1059//1876
f 2793//498 1059//1876 171//1877
f 2790//498 2793//498 1269//499
f 1271//502 2787//498 2790//498
f 2797//1878 2800//1881 2799//511
f 2798//1880 2801//1889 2800//1881
f 2799//511 2800//1881 2803//1882
f 2800//1881 2801//1889 2804//1884
f 1071//1885 2796//1879 1058//507
f 1072//1886 2797//1878 2796//1879
f 1073//1887 2798//1880 2797//1878
f 148//1772 1067//1888 2798//1880
f 1067//1888 1066//2589 2801//1889
f 2801//1889 1066//2589 1065//1890
f 2804//1884 1065//1890 147//1891
f 2803//1882 2804//1884 1068//1892
f 2802//1883 2803//1882 1069//1893
f 1056//1874 2802//1883 1070//1894
f 1057//508 2799//511 2802//1883
f 2796//1879 2799//511 1057//508
f 2806//1895 2809//1899 2808//1896
f 2807//1898 2810//1909 2809//1899
f 2808//1896 2809//1899 2812//1900
f 2809//1899 2810//1909 2813//1902
f 969//1903 2805//1897 947//1615
f 970//1905 2806//1895 2805//1897
f 971//1906 2807//1898 2806//1895
f 144//1907 1055//1908 2807//1898
f 1055//1908 1054//2462 2810//1909
f 2810//1909 1054//2462 1053//1910
f 2813//1902 1053//1910 143//1911
f 2812//1900 2813//1902 1082//1912
f 2811//1901 2812//1900 1081//1913
f 945//1616 2811//1901 1080//1914
f 946//1915 2808//1896 2811//1901
f 2805//1897 2808//1896 946//1915
f 2815//1916 2818//1920 2817//1917
f 2816//1919 2819//1930 2818//1920
f 2817//1917 2818//1920 2821//1921
f 2818//1920 2819//1930 2822//1923
f 1430//1924 2814//1918 1083//1925
f 1429//1926 2815//1916 2814//1918
f 1428//1927 2816//1919 2815//1916
f 207//1928 1422//1929 2816//1919
f 1422//1929 1423//2712 2819//1930
f 2819//1930 1423//2712 1424//1931
f 2822//1923 1424//1931 201//1932
f 2821//1921 2822//1923 1427//1933
f 2820//1922 2821//1921 1426//1934
f 1085//1936 2820//1922 1425//1935
f 1084//1937 2817//1917 2820//1922
f 2814//1918 2817//1917 1084//1937
f 2823//1938 2824//1941 2827//1939
f 2824//1941 2825//1946 2828//1942
f 2826//1940 2827//1939 2830//1943
f 2827//1939 2828//1942 2831//1945
f 140//1577 1007//1576 2823//1938
f 1007//1576 1006//1575 2824//1941
f 1006//1575 1005//1574 2825//1946
f 1005//1574 165//1573 1173//1947
f 2825//1946 1173//1947 1174//1948
f 2828//1942 1174//1948 1175//1949
f 2831//1945 1175//1949 167//1675
f 2830//1943 2831//1945 1010//1676
f 2829//1944 2830//1943 1009//1673
f 1034//1797 2829//1944 1008//1672
f 1033//1796 2826//1940 2829//1944
f 1032//1795 2823//1938 2826//1940
f 2832//1950 2833//1953 2836//1951
f 2833//1953 2834//1957 2837//1954
f 2836//1951 2839//1956 2838//1955
f 2837//1954 2840//1961 2839//1956
f 133//1719 1043//1819 2832//1950
f 1043//1819 1042//1818 2833//1953
f 1042//1818 1041//1817 2834//1957
f 1041//1817 164//1816 1196//1958
f 2834//1957 1196//1958 1195//1959
f 2837//1954 1195//1959 1194//1960
f 2840//1961 1194//1960 170//1962
f 2840//1961 1088//1963 1087//1964
f 2839//1956 1087//1964 1086//1965
f 2838//1955 1086//1965 147//1891
f 2835//1952 2838//1955 1083//1925
f 1085//1936 2832//1950 2835//1952
f 2842//1966 2845//1970 2844//1967
f 2843//1969 2846//1972 2845//1970
f 2845//1970 2848//1973 2847//1971
f 2846//1972 2849//1977 2848//1973
f 1139//1782 2841//1968 1112//1974
f 1138//1780 2842//1966 2841//1968
f 1137//1779 2843//1969 2842//1966
f 160//1777 1133//1975 2843//1969
f 1133//1975 1132//1976 2846//1972
f 1132//1976 1131//1978 2849//1977
f 1131//1978 159//2870 1134//1979
f 2849//1977 1134//1979 1135//1980
f 2848//1973 1135//1980 1136//1981
f 2847//1971 1136//1981 152//1982
f 2844//1967 2847//1971 1110//1983
f 2841//1968 2844//1967 1111//1984
f 2851//756 2854//756 2853//756
f 2852//756 2855//756 2854//756
f 2853//756 2854//756 2857//756
f 2854//756 2855//756 2858//756
f 1101//1985 2850//756 1268//756
f 1101//1985 1102//1985 2851//756
f 1103//1985 2852//756 2851//756
f 1103//1985 153//1992 1097//1986
f 2852//756 1097//1986 1096//1986
f 1096//1986 1095//1986 2858//756
f 2858//756 1095//1986 152//1982
f 2858//756 1224//1987 1225//1987
f 2857//756 1225//1987 1226//1987
f 2856//756 1226//1987 174//1987
f 2853//756 2856//756 1266//756
f 1268//756 2850//756 2853//756
f 2860//1988 2863//1988 2862//1989
f 2861//1990 2864//1990 2863//1988
f 2862//1989 2863//1988 2866//1988
f 2863//1988 2864//1990 2867//1990
f 1115//1991 2859//1989 1097//1986
f 1114//1993 2860//1988 2859//1989
f 1114//1993 1113//1994 2861//1990
f 1113//1994 156//1704 1109//1703
f 1109//1703 1108//1995 2864//1990
f 1108//1995 1107//1701 2867//1990
f 1107//1701 155//1700 1112//1974
f 2867//1990 1112//1974 1111//1984
f 2866//1988 1111//1984 1110//1983
f 1095//1986 2865//1989 1110//1983
f 2862//1989 2865//1989 1095//1986
f 2859//1989 2862//1989 1096//1986
f 2868//1996 2869//1999 2872//1997
f 2869//1999 2870//2008 2873//2000
f 2871//1998 2872//1997 2875//2001
f 2872//1997 2873//2000 2876//2003
f 183//2004 1347//2006 2868//1996
f 1347//2006 1348//2007 2869//1999
f 1348//2007 1349//2009 2870//2008
f 1349//2009 184//2241 1128//2010
f 2870//2008 1128//2010 1129//2011
f 2873//2000 1129//2011 1130//2012
f 2876//2003 1130//2012 151//2013
f 2875//2001 2876//2003 1094//2014
f 2874//2002 2875//2001 1093//2015
f 1106//2017 2874//2002 1092//2016
f 1105//2019 2871//1998 2874//2002
f 1104//2005 2868//1996 2871//1998
f 2877//2020 2878//2023 2881//2021
f 2878//2023 2879//2030 2882//2024
f 2880//2022 2881//2021 2884//2025
f 2881//2021 2882//2024 2885//2027
f 153//1992 1127//2028 2877//2020
f 1127//2028 1126//2029 2878//2023
f 1126//2029 1125//2031 2879//2030
f 1125//2031 157//2279 1121//1849
f 2879//2030 1121//1849 1120//1847
f 2882//2024 1120//1847 1119//1846
f 2885//2027 1119//1846 158//1656
f 2884//2025 2885//2027 1122//1654
f 2883//2026 2884//2025 1123//1653
f 1113//1994 2883//2026 1124//1652
f 1114//1993 2880//2022 2883//2026
f 1115//1991 2877//2020 2880//2022
f 2887//2032 2890//2032 2889//2033
f 2888//2034 2891//2034 2890//2032
f 2890//2032 2893//2032 2892//2033
f 2891//2034 2894//2034 2893//2032
f 1260//2033 2886//2033 1101//1985
f 1261//2032 2887//2032 2886//2033
f 1262//2034 2888//2034 2887//2032
f 175//2035 1116//2035 2888//2034
f 1116//2035 1117//2035 2891//2034
f 1117//2035 1118//2035 2894//2034
f 1118//2035 157//2279 1125//2031
f 2893//2032 2894//2034 1125//2031
f 2892//2033 2893//2032 1126//2029
f 2892//2033 1127//2028 153//1992
f 1102//1985 2889//2033 2892//2033
f 1101//1985 2886//2033 2889//2033
f 2896//2036 2899//2040 2898//2037
f 2897//2039 2900//2046 2899//2040
f 2898//2037 2899//2040 2902//2041
f 2899//2040 2900//2046 2903//2043
f 981//1745 2895//2038 950//1589
f 982//1744 2896//2036 2895//2038
f 983//1743 2897//2039 2896//2036
f 150//2044 1091//2045 2897//2039
f 1091//2045 1090//2373 2900//2046
f 2900//2046 1090//2373 1089//2047
f 2903//2043 1089//2047 149//2018
f 2902//2041 2903//2043 1142//2048
f 2901//2042 2902//2041 1141//2049
f 948//1592 2901//2042 1140//2050
f 949//1590 2898//2037 2901//2042
f 2895//2038 2898//2037 949//1590
f 2904//2051 2905//2054 2908//2052
f 2905//2054 2906//2059 2909//2055
f 2907//2053 2908//2052 2911//2056
f 2908//2052 2909//2055 2912//2058
f 126//1904 1140//2050 2904//2051
f 1140//2050 1141//2049 2905//2054
f 1141//2049 1142//2048 2906//2059
f 1142//2048 149//2018 1092//2016
f 2906//2059 1092//2016 1093//2015
f 2909//2055 1093//2015 1094//2014
f 2912//2058 1094//2014 151//2013
f 2911//2056 2912//2058 1145//2060
f 2910//2057 2911//2056 1144//2061
f 971//1906 2910//2057 1143//2062
f 970//1905 2907//2053 2910//2057
f 969//1903 2904//2051 2907//2053
f 2913//2063 2914//2066 2917//2064
f 2914//2066 2915//2073 2918//2067
f 2916//2065 2917//2064 2920//2068
f 2917//2064 2918//2067 2921//2070
f 146//1873 1148//2071 2913//2063
f 1148//2071 1147//2072 2914//2066
f 1147//2072 1146//2074 2915//2073
f 1146//2074 159//2870 1131//1978
f 2915//2073 1131//1978 1132//1976
f 2918//2067 1132//1976 1133//1975
f 2921//2070 1133//1975 160//1777
f 2920//2068 2921//2070 990//1778
f 2919//2069 2920//2068 991//1775
f 1073//1887 2919//2069 992//1774
f 1072//1886 2916//2065 2919//2069
f 1071//1885 2913//2063 2916//2065
f 2922//2075 2923//2076 2926//2076
f 2924//2077 2927//2077 2926//2076
f 2925//2075 2926//2076 2929//2076
f 2927//2077 2930//2077 2929//2076
f 1257//2078 2922//2075 1220//1871
f 1258//2079 2923//2076 2922//2075
f 1259//2080 2924//2077 2923//2076
f 176//2081 1232//2081 2924//2077
f 1232//2081 1231//2081 2927//2077
f 1231//2081 1230//2081 2930//2077
f 1230//2081 159//2870 1146//2074
f 2930//2077 1146//2074 1147//2072
f 2929//2076 1147//2072 1148//2071
f 2928//2075 1148//2071 146//1873
f 1219//1871 2925//2075 2928//2075
f 2922//2075 2925//2075 1219//1871
f 2931//2082 2932//2085 2935//2083
f 2932//2085 2933//2094 2936//2086
f 2934//2084 2935//2083 2938//2087
f 2935//2083 2936//2086 2939//2089
f 185//2090 1344//2092 2931//2082
f 1344//2092 1345//2093 2932//2085
f 1345//2093 1346//2095 2933//2094
f 1346//2095 186//2312 1170//2096
f 2933//2094 1170//2096 1171//2097
f 2936//2086 1171//2097 1172//2098
f 2939//2089 1172//2098 166//2099
f 2938//2087 2939//2089 1176//2100
f 2937//2088 2938//2087 1177//2101
f 1157//2103 2937//2088 1178//2102
f 1156//2104 2934//2084 2937//2088
f 1155//2091 2931//2082 2934//2084
f 2940//2105 2941//2106 2944//2106
f 2942//2107 2945//2107 2944//2106
f 2944//2106 2947//2106 2946//2105
f 2944//2106 2945//2107 2948//2107
f 1169//2108 2940//2105 1154//2109
f 1169//2108 1168//2111 2941//2106
f 1168//2111 1167//2112 2942//2107
f 1167//2112 164//1816 1163//1815
f 1163//1815 1162//2869 2945//2107
f 2945//2107 1162//2869 1161//1813
f 1161//1813 163//1812 1166//2113
f 2947//2106 2948//2107 1166//2113
f 2947//2106 1165//2114 1164//2115
f 1152//2109 2946//2105 1164//2115
f 2943//2105 2946//2105 1152//2109
f 2940//2105 2943//2105 1153//2109
f 2950//620 2953//620 2952//620
f 2951//620 2954//620 2953//620
f 2952//620 2953//620 2956//620
f 2953//620 2954//620 2957//620
f 1158//2117 2949//620 1253//620
f 1158//2117 1159//2117 2950//620
f 1159//2117 1160//2117 2951//620
f 162//2110 1154//2109 2951//620
f 1154//2109 1153//2109 2954//620
f 1153//2109 1152//2109 2957//620
f 2957//620 1152//2109 161//2116
f 2957//620 1233//2118 1234//2118
f 2956//620 1234//2118 1235//2118
f 2955//620 1235//2118 177//2118
f 2952//620 2955//620 1251//620
f 2949//620 2952//620 1252//620
f 2959//2119 2962//2123 2961//2120
f 2960//2122 2963//2125 2962//2123
f 2962//2123 2965//2126 2964//2124
f 2963//2125 2966//2127 2965//2126
f 1184//1680 2958//2121 1166//2113
f 1183//1678 2959//2119 2958//2121
f 1182//1677 2960//2122 2959//2119
f 167//1675 1175//1949 2960//2122
f 1175//1949 1174//1948 2963//2125
f 1174//1948 1173//1947 2966//2127
f 1173//1947 165//1573 1179//2128
f 2966//2127 1179//2128 1180//2129
f 2965//2126 1180//2129 1181//2130
f 2964//2124 1181//2130 161//2116
f 2961//2120 2964//2124 1164//2115
f 2958//2121 2961//2120 1165//2114
f 2968//2131 2971//2131 2970//2132
f 2969//2133 2972//2133 2971//2131
f 2970//2132 2971//2131 2974//2131
f 2972//2133 2975//2133 2974//2131
f 1248//2132 2967//2132 1158//2117
f 1249//2131 2968//2131 2967//2132
f 1250//2133 2969//2133 2968//2131
f 1250//2133 180//2134 1185//2134
f 1185//2134 1186//2134 2972//2133
f 1186//2134 1187//2134 2975//2133
f 2975//2133 1187//2134 169//2135
f 2975//2133 1199//2136 1198//2137
f 2973//2132 2974//2131 1198//2137
f 2973//2132 1197//2138 162//2110
f 1159//2117 2970//2132 2973//2132
f 1158//2117 2967//2132 2970//2132
f 2976//2139 2977//2142 2980//2140
f 2977//2142 2978//2147 2981//2143
f 2979//2141 2980//2140 2983//2144
f 2980//2140 2981//2143 2984//2146
f 162//2110 1197//2138 2976//2139
f 1197//2138 1198//2137 2977//2142
f 1198//2137 1199//2136 2978//2147
f 1199//2136 169//2135 1190//2148
f 2978//2147 1190//2148 1189//2149
f 2981//2143 1189//2149 1188//2150
f 2984//2146 1188//2150 170//1962
f 2983//2144 2984//2146 1194//1960
f 2982//2145 2983//2144 1195//1959
f 1167//2112 2982//2145 1196//1958
f 1168//2111 2979//2141 2982//2145
f 1169//2108 2976//2139 2979//2141
f 2986//2151 2989//2155 2988//2152
f 2987//2154 2990//2157 2989//2155
f 2989//2155 2992//2158 2991//2156
f 2990//2157 2993//2159 2992//2158
f 1086//1965 2985//2153 1068//1892
f 1087//1964 2986//2151 2985//2153
f 1088//1963 2987//2154 2986//2151
f 170//1962 1188//2150 2987//2154
f 1188//2150 1189//2149 2990//2157
f 1189//2149 1190//2148 2993//2159
f 1190//2148 169//2135 1205//2160
f 2993//2159 1205//2160 1204//2161
f 2992//2158 1204//2161 1203//2162
f 2991//2156 1203//2162 145//1875
f 2988//2152 2991//2156 1070//1894
f 2985//2153 2988//2152 1069//1893
f 2994//2163 2995//2166 2998//2164
f 2995//2166 2996//2171 2999//2167
f 2997//2165 2998//2164 3001//2168
f 2998//2164 2999//2167 3002//2170
f 128//1638 984//1637 2994//2163
f 984//1637 985//1636 2995//2166
f 985//1636 986//1635 2996//2171
f 986//1635 131//1634 1178//2102
f 2996//2171 1178//2102 1177//2101
f 2999//2167 1177//2101 1176//2100
f 3002//2170 1176//2100 166//2099
f 3001//2168 3002//2170 1200//2172
f 3000//2169 3001//2168 1201//2173
f 1038//1759 3000//2169 1202//2174
f 1039//1758 2997//2165 3000//2169
f 1040//1757 2994//2163 2997//2165
f 3004//2175 3007//2179 3006//2176
f 3005//2178 3008//2181 3007//2179
f 3007//2179 3010//2182 3009//2180
f 3008//2181 3011//2191 3010//2182
f 188//2183 1341//2185 3003//2177
f 1341//2185 1342//2187 3004//2175
f 1343//2186 3005//2178 3004//2175
f 192//2188 1316//2189 3005//2178
f 1316//2189 1315//2190 3008//2181
f 1315//2190 1314//2413 3011//2191
f 3011//2191 1314//2413 168//2192
f 3011//2191 1208//2193 1207//2194
f 3010//2182 1207//2194 1206//2195
f 3009//2180 1206//2195 143//1911
f 3006//2176 3009//2180 1302//2196
f 3003//2177 3006//2176 1303//2197
f 3013//2198 3016//2202 3015//2199
f 3014//2201 3017//2204 3016//2202
f 3016//2202 3019//2205 3018//2203
f 3017//2204 3020//2208 3019//2205
f 1206//2195 3012//2200 1082//1912
f 1207//2194 3013//2198 3012//2200
f 1208//2193 3014//2201 3013//2198
f 168//2192 1193//2206 3014//2201
f 1193//2206 1192//2207 3017//2204
f 1192//2207 1191//2209 3020//2208
f 1191//2209 130//1630 978//1629
f 3020//2208 978//1629 979//1628
f 3019//2205 979//1628 980//1626
f 3018//2203 980//1626 125//1627
f 3015//2199 3018//2203 1080//1914
f 3012//2200 3015//2199 1081//1913
f 3022//2210 3025//2210 3024//2211
f 3023//2212 3026//2213 3025//2210
f 3025//2210 3028//2210 3027//2211
f 3026//2213 3029//2212 3028//2210
f 145//1875 1203//2162 3021//2211
f 1203//2162 1204//2161 3022//2210
f 1204//2161 1205//2160 3023//2212
f 169//2135 1187//2134 3023//2212
f 3023//2212 1187//2134 1186//2134
f 1186//2134 1185//2134 3029//2212
f 1185//2134 180//2134 1247//2214
f 3029//2212 1247//2214 1246//2215
f 3028//2210 1246//2215 1245//2216
f 1059//1876 3027//2211 1245//2216
f 3024//2211 3027//2211 1059//1876
f 3021//2211 3024//2211 1060//1876
f 3031//2131 3034//2131 3033//2132
f 3032//2133 3035//2133 3034//2131
f 3033//2132 3034//2131 3037//2131
f 3034//2131 3035//2133 3038//2133
f 191//2217 1338//2219 3030//2132
f 1339//2218 3031//2131 3030//2132
f 1339//2218 1340//2220 3032//2133
f 192//2188 1242//2221 3032//2133
f 1242//2221 1243//2222 3035//2133
f 1243//2222 1244//2223 3038//2133
f 1244//2223 180//2134 1250//2133
f 3037//2131 3038//2133 1250//2133
f 3037//2131 1249//2131 1248//2132
f 3036//2132 1248//2132 178//2117
f 1237//2117 3033//2132 3036//2132
f 3030//2132 3033//2132 1237//2117
f 3040//620 3043//620 3042//620
f 3041//620 3044//620 3043//620
f 3043//620 3046//620 3045//620
f 3043//620 3044//620 3047//620
f 1236//2117 3039//620 1337//2224
f 1237//2117 3040//620 3039//620
f 1238//2117 3041//620 3040//620
f 178//2117 1253//620 3041//620
f 1253//620 1252//620 3044//620
f 3044//620 1252//620 1251//620
f 1251//620 177//2118 1293//2118
f 3047//620 1293//2118 1294//2118
f 3046//620 1294//2118 1295//2118
f 3045//620 1295//2118 185//2090
f 1336//2224 3042//620 3045//620
f 3039//620 3042//620 1336//2224
f 3048//2225 3049//2226 3052//2226
f 3050//2227 3053//2227 3052//2226
f 3052//2226 3055//2226 3054//2225
f 3053//2227 3056//2227 3055//2226
f 1181//2130 3048//2225 1233//2118
f 1180//2129 3049//2226 3048//2225
f 1180//2129 1179//2128 3050//2227
f 165//1573 1239//1571 3050//2227
f 1239//1571 1240//1571 3053//2227
f 3053//2227 1240//1571 1241//1571
f 1241//1571 179//1571 1256//2227
f 3056//2227 1256//2227 1255//2226
f 3055//2226 1255//2226 1254//2225
f 1235//2118 3054//2225 1254//2225
f 3051//2225 3054//2225 1235//2118
f 3048//2225 3051//2225 1234//2118
f 3058//2228 3061//2232 3060//2229
f 3059//2231 3062//2234 3061//2232
f 3061//2232 3064//2235 3063//2233
f 3062//2234 3065//2244 3064//2235
f 1332//2236 3057//2230 1286//2237
f 1333//2239 3058//2228 3057//2230
f 1334//2240 3059//2231 3058//2228
f 184//2241 1292//2242 3059//2231
f 1292//2242 1291//2243 3062//2234
f 1291//2243 1290//2245 3065//2244
f 1290//2245 176//2081 1259//2080
f 3065//2244 1259//2080 1258//2079
f 3064//2235 1258//2079 1257//2078
f 1284//2246 3063//2233 1257//2078
f 1285//2247 3060//2229 3063//2233
f 3057//2230 3060//2229 1285//2247
f 3067//2032 3070//2032 3069//2033
f 3068//2034 3071//2034 3070//2032
f 3070//2032 3073//2032 3072//2033
f 3070//2032 3071//2034 3074//2034
f 189//2248 1329//2250 3066//2033
f 1330//2249 3067//2032 3066//2033
f 1330//2249 1331//2252 3068//2034
f 190//2251 1227//2253 3068//2034
f 1227//2253 1228//2254 3071//2034
f 1228//2254 1229//2255 3074//2034
f 1229//2255 175//2035 1262//2034
f 3073//2032 3074//2034 1262//2034
f 3073//2032 1261//2032 1260//2033
f 3072//2033 1260//2033 173//1985
f 3069//2033 3072//2033 1223//1985
f 3066//2033 3069//2033 1222//1985
f 3075//2256 3076//2257 3079//2257
f 3077//2258 3080//2258 3079//2257
f 3078//2256 3079//2257 3082//2257
f 3080//2258 3083//2258 3082//2257
f 152//1982 1136//1981 3075//2256
f 1135//1980 3076//2257 3075//2256
f 1135//1980 1134//1979 3077//2258
f 1134//1979 159//2870 1230//2081
f 1230//2081 1231//2081 3080//2258
f 1231//2081 1232//2081 3083//2258
f 1232//2081 176//2081 1265//2258
f 3083//2258 1265//2258 1264//2257
f 3081//2256 3082//2257 1264//2257
f 3081//2256 1263//2256 174//1987
f 1225//1987 3078//2256 3081//2256
f 3075//2256 3078//2256 1225//1987
f 3085//756 3088//756 3087//756
f 3086//756 3089//756 3088//756
f 3088//756 3091//756 3090//756
f 3088//756 3089//756 3092//756
f 189//2248 1221//1985 3084//756
f 1221//1985 1222//1985 3085//756
f 1223//1985 3086//756 3085//756
f 1223//1985 173//1985 1268//756
f 3086//756 1268//756 1267//756
f 3089//756 1267//756 1266//756
f 1266//756 174//1987 1287//1987
f 3092//756 1287//1987 1288//1987
f 3091//756 1288//1987 1289//1987
f 3090//756 1289//1987 183//2004
f 1327//2259 3087//756 3090//756
f 3084//756 3087//756 1327//2259
f 3093//2260 3094//2264 3097//2261
f 3095//2263 3098//2269 3097//2261
f 3097//2261 3100//2267 3099//2265
f 3097//2261 3098//2269 3101//2266
f 182//2238 1286//2237 3093//2260
f 1286//2237 1285//2247 3094//2264
f 1284//2246 3095//2263 3094//2264
f 172//1872 1271//502 3095//2263
f 1271//502 1270//503 3098//2269
f 3098//2269 1270//503 1269//499
f 3101//2266 1269//499 171//1877
f 3100//2267 3101//2266 1217//2270
f 3100//2267 1216//2271 1215//2272
f 3099//2265 1215//2272 188//2183
f 3096//2262 3099//2265 1323//2273
f 1325//2268 3093//2260 3096//2262
f 3103//2275 3106//2275 3105//2276
f 3104//2277 3107//2278 3106//2275
f 3106//2275 3109//2275 3108//2276
f 3107//2278 3110//2277 3109//2275
f 139//1785 1052//1852 3102//2276
f 1051//1851 3103//2275 3102//2276
f 1051//1851 1050//1850 3104//2277
f 157//2279 1118//2035 3104//2277
f 1118//2035 1117//2035 3107//2278
f 3107//2278 1117//2035 1116//2035
f 1116//2035 175//2035 1274//2280
f 3110//2277 1274//2280 1273//2281
f 3109//2275 1273//2281 1272//2282
f 1023//1786 3108//2276 1272//2282
f 3105//2276 3108//2276 1023//1786
f 3102//2276 3105//2276 1024//1786
f 3111//2283 3112//2287 3115//2284
f 3113//2286 3116//926 3115//2284
f 3115//2284 3118//2290 3117//2288
f 3115//2284 3116//926 3119//2289
f 181//2291 1283//2293 3111//2283
f 1283//2293 1282//2295 3112//2287
f 1281//2294 3113//2286 3112//2287
f 129//1569 1277//401 3113//2286
f 1277//401 1276//400 3116//926
f 3116//926 1276//400 1275//399
f 3119//2289 1275//399 132//1787
f 3118//2290 3119//2289 1211//2296
f 3118//2290 1210//2297 1209//2298
f 3117//2288 1209//2298 187//1861
f 3114//2285 3117//2288 1320//2299
f 1322//2292 3111//2283 3114//2285
f 3121//2301 3124//2305 3123//2302
f 3122//2304 3125//2307 3124//2305
f 3124//2305 3127//2308 3126//2306
f 3125//2307 3128//2315 3127//2308
f 1317//2309 3120//2303 1283//2293
f 1318//2310 3121//2301 3120//2303
f 1319//2311 3122//2304 3121//2301
f 186//2312 1298//2313 3122//2304
f 1298//2313 1297//2314 3125//2307
f 1297//2314 1296//2316 3128//2315
f 1296//2316 179//1571 1280//1572
f 3128//2315 1280//1572 1279//1570
f 3127//2308 1279//1570 1278//1567
f 1281//2294 3126//2306 1278//1567
f 1282//2295 3123//2302 3126//2306
f 3120//2303 3123//2302 1282//2295
f 3129//2317 3130//2320 3133//2318
f 3130//2320 3131//2326 3134//2321
f 3132//2319 3133//2318 3136//2322
f 3133//2318 3134//2321 3137//2324
f 138//1760 1202//2174 3129//2317
f 1202//2174 1201//2173 3130//2320
f 1201//2173 1200//2172 3131//2326
f 1200//2172 166//2099 1172//2098
f 3131//2326 1172//2098 1171//2097
f 3134//2321 1171//2097 1170//2096
f 3137//2324 1170//2096 186//2312
f 3136//2322 3137//2324 1319//2311
f 3136//2322 1318//2310 1317//2309
f 3135//2323 1317//2309 181//2291
f 1027//2328 3132//2319 3135//2323
f 1028//2325 3129//2317 3132//2319
f 3139//2329 3142//2333 3141//2330
f 3140//2332 3143//2341 3142//2333
f 3141//2330 3142//2333 3145//2334
f 3142//2333 3143//2341 3146//2336
f 1394//2337 3138//2331 1019//1761
f 1393//2338 3139//2329 3138//2331
f 1392//2339 3140//2332 3139//2329
f 198//2340 1379//978 3140//2332
f 1379//978 1378//979 3143//2341
f 3143//2341 1378//979 1377//980
f 3146//2336 1377//980 197//2342
f 3145//2334 3146//2336 1391//2343
f 3144//2335 3145//2334 1390//2344
f 1017//1763 3144//2335 1389//2345
f 1018//2346 3141//2330 3144//2335
f 3138//2331 3141//2330 1018//2346
f 3148//2347 3151//2351 3150//2348
f 3149//2350 3152//2360 3151//2351
f 3150//2348 3151//2351 3154//2352
f 3151//2351 3152//2360 3155//2354
f 1370//2355 3147//2349 1302//2196
f 1369//2356 3148//2347 3147//2349
f 1368//2357 3149//2350 3148//2347
f 193//2358 1359//2359 3149//2350
f 1359//2359 1360//2438 3152//2360
f 3152//2360 1360//2438 1361//2361
f 3155//2354 1361//2361 196//2362
f 3154//2352 3155//2354 1367//2363
f 3153//2353 3154//2352 1366//2364
f 1304//2184 3153//2353 1365//2365
f 1303//2197 3150//2348 3153//2353
f 3147//2349 3150//2348 1303//2197
f 3156//2366 3157//2369 3160//2367
f 3158//2368 3161//2368 3160//2367
f 3159//2366 3160//2367 3163//2369
f 3160//2367 3161//2368 3164//2368
f 1305//2370 3156//2366 1091//2045
f 1305//2370 1306//2372 3157//2369
f 1307//2371 3158//2368 3157//2369
f 1307//2371 189//2248 1328//2259
f 3158//2368 1328//2259 1327//2259
f 3161//2368 1327//2259 1326//2259
f 1326//2259 183//2004 1104//2005
f 3163//2369 3164//2368 1104//2005
f 3162//2366 3163//2369 1105//2019
f 1089//2047 3162//2366 1106//2017
f 1090//2373 3159//2366 3162//2366
f 1091//2045 3156//2366 3159//2366
f 3166//2374 3169//2378 3168//2375
f 3167//2377 3170//2380 3169//2378
f 3169//2378 3172//2381 3171//2379
f 3170//2380 3173//2383 3172//2381
f 1098//1742 3165//2376 1305//2370
f 1099//1740 3166//2374 3165//2376
f 1100//1739 3167//2377 3166//2374
f 154//1738 1308//2382 3167//2377
f 1308//2382 1309//1867 3170//2380
f 1309//1867 1310//1866 3173//2383
f 1310//1866 190//2251 1331//2252
f 3173//2383 1331//2252 1330//2249
f 3172//2381 1330//2249 1329//2250
f 3171//2379 1329//2250 189//2248
f 3168//2375 3171//2379 1307//2371
f 3165//2376 3168//2375 1306//2372
f 3174//2384 3175//2387 3178//2385
f 3175//2387 3176//2393 3179//2388
f 3177//2386 3178//2385 3181//2389
f 3178//2385 3179//2388 3182//2391
f 144//1907 1143//2062 3174//2384
f 1143//2062 1144//2061 3175//2387
f 1144//2061 1145//2060 3176//2393
f 151//2013 1130//2012 3176//2393
f 3176//2393 1130//2012 1129//2011
f 3179//2388 1129//2011 1128//2010
f 1128//2010 184//2241 1334//2240
f 3181//2389 3182//2391 1334//2240
f 3181//2389 1333//2239 1332//2236
f 3180//2390 1332//2236 182//2238
f 1063//2395 3177//2386 3180//2390
f 1064//2392 3174//2384 3177//2386
f 3184//2396 3187//2396 3186//2397
f 3185//2399 3188//2403 3187//2396
f 3187//2396 3190//2396 3189//2397
f 3187//2396 3188//2403 3191//2399
f 1311//2400 3183//2398 1151//1631
f 1312//2401 3184//2396 3183//2398
f 1312//2401 1313//2402 3185//2399
f 1313//2402 191//2217 1337//2224
f 3185//2399 1337//2224 1336//2224
f 1336//2224 1335//2224 3191//2399
f 3191//2399 1335//2224 185//2090
f 3190//2396 3191//2399 1155//2091
f 3190//2396 1156//2104 1157//2103
f 1149//1633 3189//2397 1157//2103
f 1150//2404 3186//2397 3189//2397
f 3183//2398 3186//2397 1150//2404
f 3193//2405 3196//2409 3195//2406
f 3194//2408 3197//2411 3196//2409
f 3196//2409 3199//2412 3198//2410
f 3197//2411 3200//2414 3199//2412
f 1191//2209 3192//2407 1311//2400
f 1192//2207 3193//2405 3192//2407
f 1193//2206 3194//2408 3193//2405
f 168//2192 1314//2413 3194//2408
f 1314//2413 1315//2190 3197//2411
f 1315//2190 1316//2189 3200//2414
f 1316//2189 192//2188 1340//2220
f 3200//2414 1340//2220 1339//2218
f 3199//2412 1339//2218 1338//2219
f 3198//2410 1338//2219 191//2217
f 3195//2406 3198//2410 1313//2402
f 3192//2407 3195//2406 1312//2401
f 3201//2415 3202//2418 3205//2416
f 3202//2418 3203//2423 3206//2419
f 3204//2417 3205//2416 3208//2420
f 3205//2416 3206//2419 3209//2422
f 1245//2216 3201//2415 1217//2270
f 1245//2216 1246//2215 3202//2418
f 1246//2215 1247//2214 3203//2423
f 1247//2214 180//2134 1244//2223
f 3203//2423 1244//2223 1243//2222
f 3206//2419 1243//2222 1242//2221
f 3209//2422 1242//2221 192//2188
f 3208//2420 3209//2422 1343//2186
f 3207//2421 3208//2420 1342//2187
f 1215//2272 3207//2421 1341//2185
f 1216//2271 3204//2417 3207//2421
f 3201//2415 3204//2417 1216//2271
f 3210//2225 3211//2226 3214//2226
f 3212//2227 3215//2227 3214//2226
f 3214//2226 3217//2226 3216//2225
f 3214//2226 3215//2227 3218//2227
f 1254//2225 3210//2225 1293//2118
f 1255//2226 3211//2226 3210//2225
f 1256//2227 3212//2227 3211//2226
f 1256//2227 179//1571 1296//2316
f 3212//2227 1296//2316 1297//2314
f 3215//2227 1297//2314 1298//2313
f 1298//2313 186//2312 1346//2095
f 3217//2226 3218//2227 1346//2095
f 3217//2226 1345//2093 1344//2092
f 1295//2118 3216//2225 1344//2092
f 3213//2225 3216//2225 1295//2118
f 3210//2225 3213//2225 1294//2118
f 3219//2256 3220//2257 3223//2257
f 3221//2258 3224//2258 3223//2257
f 3222//2256 3223//2257 3226//2257
f 3223//2257 3224//2258 3227//2258
f 174//1987 1263//2256 3219//2256
f 1263//2256 1264//2257 3220//2257
f 1265//2258 3221//2258 3220//2257
f 1265//2258 176//2081 1290//2245
f 3221//2258 1290//2245 1291//2243
f 1291//2243 1292//2242 3227//2258
f 1292//2242 184//2241 1349//2009
f 3226//2257 3227//2258 1349//2009
f 3226//2257 1348//2007 1347//2006
f 1289//1987 3225//2256 1347//2006
f 3222//2256 3225//2256 1289//1987
f 3219//2256 3222//2256 1288//1987
f 3228//2424 3229//2427 3232//2425
f 3229//2427 3230//2432 3233//2428
f 3231//2426 3232//2425 3235//2429
f 3232//2425 3233//2428 3236//2431
f 1272//2282 3228//2424 1211//2296
f 1272//2282 1273//2281 3229//2427
f 1273//2281 1274//2280 3230//2432
f 1274//2280 175//2035 1229//2255
f 3230//2432 1229//2255 1228//2254
f 3233//2428 1228//2254 1227//2253
f 3236//2431 1227//2253 190//2251
f 3235//2429 3236//2431 1352//1864
f 3234//2430 3235//2429 1351//1865
f 1209//2298 3234//2430 1350//1863
f 1210//2297 3231//2426 3234//2430
f 3228//2424 3231//2426 1210//2297
f 3238//1073 3241//498 3240//1070
f 3238//1073 3239//1082 3242//1074
f 3240//1070 3241//498 3244//1071
f 3242//1074 3245//1075 3244//1071
f 1358//2433 3237//1080 1355//2434
f 1357//2436 3238//1073 3237//1080
f 1357//2436 1356//2437 3239//1082
f 1356//2437 195//2447 1364//1083
f 3239//1082 1364//1083 1363//1084
f 1363//1084 1362//1085 3245//1075
f 1362//1085 196//2362 1361//2361
f 3245//1075 1361//2361 1360//2438
f 3243//1072 3244//1071 1360//2438
f 1353//1076 3243//1072 1359//2359
f 1354//1079 3240//1070 3243//1072
f 3237//1080 3240//1070 1354//1079
f 3247//2439 3250//2443 3249//2440
f 3248//2442 3251//1096 3250//2443
f 3249//2440 3250//2443 3253//2444
f 3250//2443 3251//1096 3254//2446
f 1365//2365 3246//2441 1323//2273
f 1366//2364 3247//2439 3246//2441
f 1367//2363 3248//2442 3247//2439
f 196//2362 1362//1085 3248//2442
f 1362//1085 1363//1084 3251//1096
f 3251//1096 1363//1084 1364//1083
f 3254//2446 1364//1083 195//2447
f 3253//2444 3254//2446 1373//2448
f 3252//2445 3253//2444 1372//2449
f 1325//2268 3252//2445 1371//2450
f 1324//2274 3249//2440 3252//2445
f 3246//2441 3249//2440 1324//2274
f 3256//2451 3259//2455 3258//2452
f 3257//2454 3260//1108 3259//2455
f 3258//2452 3259//2455 3262//2456
f 3259//2455 3260//1108 3263//2458
f 1376//2459 3255//2453 1055//1908
f 1375//2460 3256//2451 3255//2453
f 1374//2461 3257//2454 3256//2451
f 194//2435 1355//2434 3257//2454
f 1355//2434 1354//1079 3260//1108
f 3260//1108 1354//1079 1353//1076
f 3263//2458 1353//1076 193//2358
f 3262//2456 3263//2458 1368//2357
f 3261//2457 3262//2456 1369//2356
f 1053//1910 3261//2457 1370//2355
f 1054//2462 3258//2452 3261//2457
f 3255//2453 3258//2452 1054//2462
f 3265//2463 3268//2467 3267//2464
f 3266//2466 3269//2471 3268//2467
f 3267//2464 3268//2467 3271//2468
f 3268//2467 3269//2471 3272//2470
f 1371//2450 3264//2465 1062//2394
f 1372//2449 3265//2463 3264//2465
f 1373//2448 3266//2466 3265//2463
f 195//2447 1356//2437 3266//2466
f 1356//2437 1357//2436 3269//2471
f 3269//2471 1357//2436 1358//2433
f 3272//2470 1358//2433 194//2435
f 3271//2468 3272//2470 1374//2461
f 3270//2469 3271//2468 1375//2460
f 1064//2392 3270//2469 1376//2459
f 1063//2395 3267//2464 3270//2469
f 3264//2465 3267//2464 1063//2395
f 3274//1125 3277//398 3276//1122
f 3274//1125 3275//1132 3278//1126
f 3276//1122 3277//398 3280//1123
f 3278//1126 3281//1127 3280//1123
f 1382//2472 3273//1129 1379//978
f 1381//2473 3274//1125 3273//1129
f 1381//2473 1380//2474 3275//1132
f 1380//2474 199//2489 1388//1134
f 3275//1132 1388//1134 1387//1135
f 1387//1135 1386//1136 3281//1127
f 1386//1136 200//2500 1385//2475
f 3281//1127 1385//2475 1384//2476
f 3279//1124 3280//1123 1384//2476
f 1377//980 3279//1124 1383//2477
f 1378//979 3276//1122 3279//1124
f 3273//1129 3276//1122 1378//979
f 3283//2478 3286//2482 3285//2479
f 3284//2481 3287//2490 3286//2482
f 3285//2479 3286//2482 3289//2483
f 3286//2482 3287//2490 3290//2485
f 1397//2486 3282//2480 1026//2327
f 1396//2487 3283//2478 3282//2480
f 1395//2488 3284//2481 3283//2478
f 199//2489 1380//2474 3284//2481
f 1380//2474 1381//2473 3287//2490
f 3287//2490 1381//2473 1382//2472
f 3290//2485 1382//2472 198//2340
f 3289//2483 3290//2485 1392//2339
f 3288//2484 3289//2483 1393//2338
f 1028//2325 3288//2484 1394//2337
f 1027//2328 3285//2479 3288//2484
f 3282//2480 3285//2479 1027//2328
f 3292//2491 3295//2495 3294//2492
f 3293//2494 3296//2499 3295//2495
f 3294//2492 3295//2495 3298//2496
f 3295//2495 3296//2499 3299//2498
f 1389//2345 3291//2493 1299//1869
f 1390//2344 3292//2491 3291//2493
f 1391//2343 3293//2494 3292//2491
f 197//2342 1383//2477 3293//2494
f 1383//2477 1384//2476 3296//2499
f 3296//2499 1384//2476 1385//2475
f 3299//2498 1385//2475 200//2500
f 3298//2496 3299//2498 1400//2501
f 3297//2497 3298//2496 1399//2502
f 1301//1862 3297//2497 1398//2503
f 1300//1870 3294//2492 3297//2497
f 3291//2493 3294//2492 1300//1870
f 3301//2504 3304//2508 3303//2505
f 3302//2507 3305//1172 3304//2508
f 3303//2505 3304//2508 3307//2509
f 3304//2508 3305//1172 3308//2511
f 1398//2503 3300//2506 1320//2299
f 1399//2502 3301//2504 3300//2506
f 1400//2501 3302//2507 3301//2504
f 200//2500 1386//1136 3302//2507
f 1386//1136 1387//1135 3305//1172
f 3305//1172 1387//1135 1388//1134
f 3308//2511 1388//1134 199//2489
f 3307//2509 3308//2511 1395//2488
f 3306//2510 3307//2509 1396//2487
f 1322//2292 3306//2510 1397//2486
f 1321//2300 3303//2505 3306//2510
f 3300//2506 3303//2505 1321//2300
f 3310//2512 3313//2516 3312//2513
f 3311//2515 3314//2518 3313//2516
f 3313//2516 3316//2519 3315//2517
f 3314//2518 3317//2528 3316//2519
f 1481//2520 3309//2514 1409//2521
f 1480//2523 3310//2512 3309//2514
f 1479//2524 3311//2515 3310//2512
f 214//2525 1457//2526 3311//2515
f 1457//2526 1456//2527 3314//2518
f 1456//2527 1455//2529 3317//2528
f 1455//2529 213//2826 1476//2530
f 3317//2528 1476//2530 1477//2531
f 3316//2519 1477//2531 1478//2532
f 3315//2517 1478//2532 205//2533
f 3312//2513 3315//2517 1407//2534
f 3309//2514 3312//2513 1408//2535
f 3319//2536 3322//2540 3321//2537
f 3320//2539 3323//2542 3322//2540
f 3322//2540 3325//2543 3324//2541
f 3323//2542 3326//2551 3325//2543
f 1521//2544 3318//2538 1473//2545
f 1522//2547 3319//2536 3318//2538
f 1523//2548 3320//2539 3319//2536
f 218//2549 1509//2776 3320//2539
f 3320//2539 1509//2776 1510//2550
f 1510//2550 1511//2775 3326//2551
f 3326//2551 1511//2775 222//2552
f 3326//2551 1529//2553 1528//2554
f 3325//2543 1528//2554 1527//2555
f 3324//2541 1527//2555 211//2556
f 3321//2537 3324//2541 1475//2557
f 3318//2538 3321//2537 1474//2558
f 3328//2559 3331//2563 3330//2560
f 3329//2562 3332//2572 3331//2563
f 3330//2560 3331//2563 3334//2564
f 3331//2563 3332//2572 3335//2566
f 1442//2567 3327//2561 1046//1685
f 1441//2568 3328//2559 3327//2561
f 1440//2569 3329//2562 3328//2559
f 204//2570 1412//2571 3329//2562
f 1412//2571 1411//2712 3332//2572
f 3332//2572 1411//2712 1410//2573
f 3335//2566 1410//2573 206//2522
f 3334//2564 3335//2566 1439//2574
f 3333//2565 3334//2564 1438//2575
f 1044//1671 3333//2565 1437//2576
f 1045//1686 3330//2560 3333//2565
f 3327//2561 3330//2560 1045//1686
f 3337//2577 3340//2581 3339//2578
f 3337//2577 3338//2585 3341//2580
f 3339//2578 3340//2581 3343//2582
f 3340//2581 3341//2580 3344//2584
f 1431//1837 3336//2579 1067//1888
f 1432//1836 3337//2577 3336//2579
f 1432//1836 1433//1835 3338//2585
f 1433//1835 208//2721 1418//2586
f 3338//2585 1418//2586 1417//2587
f 3341//2580 1417//2587 1416//2588
f 3344//2584 1416//2588 207//1928
f 3343//2582 3344//2584 1428//1927
f 3342//2583 3343//2582 1429//1926
f 1065//1890 3342//2583 1430//1924
f 1066//2589 3339//2578 3342//2583
f 3336//2579 3339//2578 1066//2589
f 3346//2590 3349//2594 3348//2591
f 3346//2590 3347//2600 3350//2593
f 3348//2591 3349//2594 3352//2595
f 3349//2594 3350//2593 3353//2597
f 1445//2598 3345//2592 999//1723
f 1444//2599 3346//2590 3345//2592
f 1444//2599 1443//2601 3347//2600
f 1443//2601 203//2546 1404//2602
f 3347//2600 1404//2602 1405//2603
f 3350//2593 1405//2603 1406//2604
f 3353//2597 1406//2604 204//2570
f 3352//2595 3353//2597 1440//2569
f 3351//2596 3352//2595 1441//2568
f 1001//1715 3351//2596 1442//2567
f 1000//1724 3348//2591 3351//2596
f 3345//2592 3348//2591 1000//1724
f 3355//2605 3358//2609 3357//2606
f 3356//2608 3359//2612 3358//2609
f 3357//2606 3358//2609 3361//2610
f 3359//2612 3362//2615 3361//2610
f 1425//1935 3354//2607 993//1720
f 1426//1934 3355//2605 3354//2607
f 1427//1933 3356//2608 3355//2605
f 201//1932 1401//2613 3356//2608
f 1401//2613 1402//2614 3359//2612
f 1402//2614 1403//2616 3362//2615
f 1403//2616 202//2699 1434//1830
f 3362//2615 1434//1830 1435//1828
f 3360//2611 3361//2610 1435//1828
f 995//1722 3360//2611 1436//1827
f 994//2617 3357//2606 3360//2611
f 3354//2607 3357//2606 994//2617
f 3364//2618 3367//2622 3366//2619
f 3364//2618 3365//2627 3368//2621
f 3366//2619 3367//2622 3370//2623
f 3368//2621 3371//2631 3370//2623
f 1448//2625 3363//2620 1047//1661
f 1447//2626 3364//2618 3363//2620
f 1447//2626 1446//2628 3365//2627
f 1446//2628 205//2533 1413//2629
f 3365//2627 1413//2629 1414//2630
f 1414//2630 1415//2632 3371//2631
f 1415//2632 203//2546 1443//2601
f 3371//2631 1443//2601 1444//2599
f 3369//2624 3370//2623 1444//2599
f 1049//1647 3369//2624 1445//2598
f 1048//1662 3366//2619 3369//2624
f 3363//2620 3366//2619 1048//1662
f 3373//2633 3376//2637 3375//2634
f 3374//2636 3377//2640 3376//2637
f 3375//2634 3376//2637 3379//2638
f 3377//2640 3380//2641 3379//2638
f 1437//2576 3372//2635 1031//1798
f 1438//2575 3373//2633 3372//2635
f 1439//2574 3374//2636 3373//2633
f 206//2522 1409//2521 3374//2636
f 1409//2521 1408//2535 3377//2640
f 1408//2535 1407//2534 3380//2641
f 1407//2534 205//2533 1446//2628
f 3380//2641 1446//2628 1447//2626
f 3378//2639 3379//2638 1447//2626
f 1029//1800 3378//2639 1448//2625
f 1030//2642 3375//2634 3378//2639
f 3372//2635 3375//2634 1030//2642
f 3382//2643 3385//2647 3384//2644
f 3382//2643 3383//2654 3386//2646
f 3385//2647 3388//2650 3387//2648
f 3385//2647 3386//2646 3389//2649
f 1463//2651 3381//2645 1452//2652
f 1462//2653 3382//2643 3381//2645
f 1462//2653 1461//2655 3383//2654
f 1461//2655 213//2826 1455//2529
f 3383//2654 1455//2529 1456//2527
f 3386//2646 1456//2527 1457//2526
f 3389//2649 1457//2526 214//2525
f 3388//2650 3389//2649 1458//2656
f 3388//2650 1459//2657 1460//2658
f 3387//2648 1460//2658 212//2659
f 3384//2644 3387//2648 1454//2660
f 3381//2645 3384//2644 1453//2661
f 3390//2662 3391//2666 3394//2663
f 3392//2665 3395//2668 3394//2663
f 3393//2664 3394//2663 3397//2643
f 3395//2668 3398//2677 3397//2643
f 209//2669 1472//2671 3390//2662
f 1472//2671 1471//2673 3391//2666
f 1470//2672 3392//2665 3391//2666
f 215//2674 1464//2675 3392//2665
f 1464//2675 1465//2676 3395//2668
f 1465//2676 1466//2678 3398//2677
f 1466//2678 216//2808 1467//2679
f 3398//2677 1467//2679 1468//2653
f 3396//2667 3397//2643 1468//2653
f 1451//2681 3396//2667 1469//2680
f 1450//2683 3393//2664 3396//2667
f 1449//2670 3390//2662 3393//2664
f 3400//2684 3403//2688 3402//2685
f 3401//2687 3404//2690 3403//2688
f 3403//2688 3406//2691 3405//2689
f 3404//2690 3407//2695 3406//2691
f 1487//2692 3399//2686 1401//2613
f 1486//2693 3400//2684 3399//2686
f 1485//2694 3401//2687 3400//2684
f 209//2669 1449//2670 3401//2687
f 1449//2670 1450//2683 3404//2690
f 1450//2683 1451//2681 3407//2695
f 1451//2681 210//2682 1484//2696
f 3407//2695 1484//2696 1483//2697
f 3406//2691 1483//2697 1482//2698
f 3405//2689 1482//2698 202//2699
f 3402//2685 3405//2689 1403//2616
f 3399//2686 3402//2685 1402//2614
f 3409//2700 3412//2704 3411//2701
f 3410//2703 3413//2711 3412//2704
f 3411//2701 3412//2704 3415//2705
f 3412//2704 3413//2711 3416//2707
f 1490//2708 3408//2702 1422//1929
f 1489//2709 3409//2700 3408//2702
f 1488//2710 3410//2703 3409//2700
f 215//2674 1470//2672 3410//2703
f 3410//2703 1470//2672 1471//2673
f 1471//2673 1472//2671 3416//2707
f 3416//2707 1472//2671 209//2669
f 3415//2705 3416//2707 1485//2694
f 3414//2706 3415//2705 1486//2693
f 1424//1931 3414//2706 1487//2692
f 1423//2712 3411//2701 3414//2706
f 3408//2702 3411//2701 1423//2712
f 3417//2713 3418//2716 3421//2714
f 3418//2716 3419//2724 3422//2717
f 3420//2715 3421//2714 3424//2718
f 3421//2714 3422//2717 3425//2720
f 208//2721 1493//2722 3417//2713
f 1493//2722 1492//2723 3418//2716
f 1492//2723 1491//2725 3419//2724
f 1491//2725 216//2808 1466//2678
f 3419//2724 1466//2678 1465//2676
f 3422//2717 1465//2676 1464//2675
f 3425//2720 1464//2675 215//2674
f 3424//2718 3425//2720 1488//2710
f 3423//2719 3424//2718 1489//2709
f 1416//2588 3423//2719 1490//2708
f 1417//2587 3420//2715 3423//2719
f 1418//2586 3417//2713 3420//2715
f 3427//2726 3430//2729 3429//2701
f 3428//2728 3431//2736 3430//2729
f 3429//2701 3430//2729 3433//2730
f 3430//2729 3431//2736 3434//2732
f 1496//2733 3426//2727 1412//2571
f 1495//2734 3427//2726 3426//2727
f 1494//2735 3428//2728 3427//2726
f 212//2659 1460//2658 3428//2728
f 3428//2728 1460//2658 1459//2657
f 1459//2657 1458//2656 3434//2732
f 3434//2732 1458//2656 214//2525
f 3433//2730 3434//2732 1479//2524
f 3432//2731 3433//2730 1480//2523
f 1410//2573 3432//2731 1481//2520
f 1411//2712 3429//2701 3432//2731
f 3426//2727 3429//2701 1411//2712
f 3435//2737 3436//2740 3439//2738
f 3436//2740 3437//2745 3440//2741
f 3438//2739 3439//2738 3442//2742
f 3439//2738 3440//2741 3443//2744
f 203//2546 1473//2545 3435//2737
f 1473//2545 1474//2558 3436//2740
f 1474//2558 1475//2557 3437//2745
f 1475//2557 211//2556 1452//2652
f 3437//2745 1452//2652 1453//2661
f 3440//2741 1453//2661 1454//2660
f 3443//2744 1454//2660 212//2659
f 3442//2742 3443//2744 1494//2735
f 3441//2743 3442//2742 1495//2734
f 1406//2604 3441//2743 1496//2733
f 1405//2603 3438//2739 3441//2743
f 1404//2602 3435//2737 3438//2739
f 3444//2746 3445//2749 3448//2747
f 3445//2749 3446//2755 3449//2750
f 3448//2747 3451//2752 3450//2751
f 3449//2750 3452//2760 3451//2752
f 205//2533 1526//2753 3444//2746
f 1526//2753 1525//2754 3445//2749
f 1525//2754 1524//2757 3446//2755
f 217//2756 1497//2758 3446//2755
f 1497//2758 1498//2777 3449//2750
f 3449//2750 1498//2777 1499//2759
f 3452//2760 1499//2759 218//2549
f 3452//2760 1523//2548 1522//2547
f 3451//2752 1522//2547 1521//2544
f 3450//2751 1521//2544 203//2546
f 3447//2748 3450//2751 1415//2632
f 1413//2629 3444//2746 3447//2748
f 3453//2761 3454//2764 3457//756
f 3455//2763 3458//2773 3457//756
f 3457//756 3460//2767 3459//2765
f 3457//756 3458//2773 3461//2766
f 217//2756 1514//2768 3453//2761
f 1514//2768 1513//2770 3454//2764
f 1512//2769 3455//2763 3454//2764
f 221//2771 1503//2772 3455//2763
f 1503//2772 1504//2871 3458//2773
f 3458//2773 1504//2871 1505//2774
f 3461//2766 1505//2774 222//2552
f 3460//2767 3461//2766 1511//2775
f 3460//2767 1510//2550 1509//2776
f 3459//2765 1509//2776 218//2549
f 3456//2762 3459//2765 1499//2759
f 1497//2758 3453//2761 3456//2762
f 3462//2778 3463//2780 3466//756
f 3464//2779 3467//2773 3466//756
f 3466//756 3469//2783 3468//2781
f 3466//756 3467//2773 3470//2782
f 220//2784 1515//2786 3462//2778
f 1515//2786 1516//2788 3463//2780
f 1517//2787 3464//2779 3463//2780
f 224//2789 1508//2790 3464//2779
f 1508//2790 1507//2872 3467//2773
f 3467//2773 1507//2872 1506//2791
f 3470//2782 1506//2791 223//2792
f 3469//2783 3470//2782 1518//2793
f 3469//2783 1519//2794 1520//2795
f 3468//2781 1520//2795 219//2796
f 3465//2762 3468//2781 1500//2797
f 1502//2785 3462//2778 3465//2762
f 3472//2799 3475//2803 3474//2800
f 3473//2802 3476//2811 3475//2803
f 3474//2800 3475//2803 3478//2804
f 3475//2803 3476//2811 3479//2806
f 1535//2807 3471//2801 1467//2679
f 1534//2809 3472//2799 3471//2801
f 1533//2810 3473//2802 3472//2799
f 223//2792 1506//2791 3473//2802
f 1506//2791 1507//2872 3476//2811
f 3476//2811 1507//2872 1508//2790
f 3479//2806 1508//2790 224//2789
f 3478//2804 3479//2806 1532//2812
f 3477//2805 3478//2804 1531//2813
f 1469//2680 3477//2805 1530//2814
f 1468//2653 3474//2800 3477//2805
f 3471//2801 3474//2800 1468//2653
f 3481//2815 3484//2818 3483//2800
f 3482//2817 3485//2822 3484//2818
f 3483//2800 3484//2818 3487//2819
f 3484//2818 3485//2822 3488//2821
f 1527//2555 3480//2816 1463//2651
f 1528//2554 3481//2815 3480//2816
f 1529//2553 3482//2817 3481//2815
f 222//2552 1505//2774 3482//2817
f 1505//2774 1504//2871 3485//2822
f 3485//2822 1504//2871 1503//2772
f 3488//2821 1503//2772 221//2771
f 3487//2819 3488//2821 1538//2823
f 3486//2820 3487//2819 1537//2824
f 1461//2655 3486//2820 1536//2825
f 1462//2653 3483//2800 3486//2820
f 3480//2816 3483//2800 1462//2653
f 3489//2827 3490//2830 3493//2828
f 3490//2830 3491//2835 3494//2831
f 3492//2829 3493//2828 3496//2832
f 3493//2828 3494//2831 3497//2834
f 210//2682 1530//2814 3489//2827
f 1530//2814 1531//2813 3490//2830
f 1531//2813 1532//2812 3491//2835
f 224//2789 1517//2787 3491//2835
f 3491//2835 1517//2787 1516//2788
f 3494//2831 1516//2788 1515//2786
f 3497//2834 1515//2786 220//2784
f 3496//2832 3497//2834 1541//2836
f 3495//2833 3496//2832 1540//2837
f 1482//2698 3495//2833 1539//2838
f 1483//2697 3492//2829 3495//2833
f 1484//2696 3489//2827 3492//2829
f 3498//2839 3499//2842 3502//2840
f 3499//2842 3500//2847 3503//2843
f 3501//2841 3502//2840 3505//2844
f 3502//2840 3503//2843 3506//2846
f 213//2826 1536//2825 3498//2839
f 1536//2825 1537//2824 3499//2842
f 1537//2824 1538//2823 3500//2847
f 221//2771 1512//2769 3500//2847
f 3500//2847 1512//2769 1513//2770
f 1513//2770 1514//2768 3506//2846
f 3506//2846 1514//2768 217//2756
f 3505//2844 3506//2846 1524//2757
f 3504//2845 3505//2844 1525//2754
f 1478//2532 3504//2845 1526//2753
f 1477//2531 3501//2841 3504//2845
f 1476//2530 3498//2839 3501//2841
f 3508//2848 3511//2852 3510//2849
f 3509//2851 3512//2854 3511//2852
f 3511//2852 3514//2855 3513//2853
f 3512//2854 3515//2859 3514//2855
f 1544//2856 3507//2850 1493//2722
f 1543//2857 3508//2848 3507//2850
f 1542//2858 3509//2851 3508//2848
f 219//2796 1520//2795 3509//2851
f 1520//2795 1519//2794 3512//2854
f 1519//2794 1518//2793 3515//2859
f 3515//2859 1518//2793 223//2792
f 3515//2859 1533//2810 1534//2809
f 3514//2855 1534//2809 1535//2807
f 3513//2853 1535//2807 216//2808
f 3510//2849 3513//2853 1491//2725
f 3507//2850 3510//2849 1492//2723
f 3516//2860 3517//2863 3520//2861
f 3517//2863 3518//2867 3521//2864
f 3520//2861 3523//2866 3522//2865
f 3521//2864 3524//2868 3523//2866
f 202//2699 1539//2838 3516//2860
f 1539//2838 1540//2837 3517//2863
f 1540//2837 1541//2836 3518//2867
f 220//2784 1502//2785 3518//2867
f 1502//2785 1501//2798 3521//2864
f 3521//2864 1501//2798 1500//2797
f 3524//2868 1500//2797 219//2796
f 3524//2868 1542//2858 1543//2857
f 3523//2866 1543//2857 1544//2856
f 3522//2865 1544//2856 208//2721
f 3519//2862 3522//2865 1419//1834
f 1421//1831 3516//2860 3519//2862
